[2023-08-24 09:55:42,400 INFO]  Starting process pid: 2775126  
[2023-08-24 09:55:42,407 INFO]  Starting process pid: 2775127  
[2023-08-24 09:55:44,549 INFO] Parsed 2 corpora from -data.
[2023-08-24 09:55:44,549 INFO] Loading checkpoint from /data2/cmdir/home/nhanvt/data_NLLB/nllb_opennmt/nllb-200-3.3B-onmt_2.pt
[2023-08-24 09:55:48,533 WARNING] configured transforms is different from checkpoint: +{'prefix', 'sentencepiece', 'suffix'}
[2023-08-24 09:55:48,534 INFO] Get special vocabs from Transforms: {'src': ['vie_Latn'], 'tgt': ['tha_Thai']}.
[2023-08-24 09:55:49,388 INFO] The first 10 tokens of the vocabs are:['า', 'น', 'อ', 'เ', 'ร', 'ก', 'ง', 'ม', 'ว', 'ย']
[2023-08-24 09:55:49,393 INFO] The decoder start token is: </s>
[2023-08-24 09:55:49,448 INFO] Updating checkpoint vocabulary with new vocabulary
[2023-08-24 09:55:49,453 INFO] Get special vocabs from Transforms: {'src': ['vie_Latn'], 'tgt': ['tha_Thai']}.
[2023-08-24 09:55:50,438 INFO] The first 10 tokens of the vocabs are:['า', 'น', 'อ', 'เ', 'ร', 'ก', 'ง', 'ม', 'ว', 'ย']
[2023-08-24 09:55:50,443 INFO] The decoder start token is: </s>
[2023-08-24 09:55:50,559 INFO] Over-ride model option set to true - use with care
[2023-08-24 09:55:50,559 INFO] Option: config , value: /data2/cmdir/home/nhanvt/data_NLLB/nllb_opennmt/training/config_train_23_08.yaml overriding model: 
[2023-08-24 09:55:50,559 INFO] Option: data , value: {'multiccalign': {'path_src': '/data2/cmdir/home/nhanvt/data_NLLB/nllb_opennmt/dataset/data_bao/tt_vi.txt', 'path_tgt': '/data2/cmdir/home/nhanvt/data_NLLB/nllb_opennmt/dataset/data_bao/tt_th.txt', 'transforms': ['sentencepiece', 'prefix', 'suffix', 'filtertoolong'], 'weight': 10, 'src_prefix': 'vie_Latn', 'tgt_prefix': 'tha_Thai', 'src_suffix': '', 'tgt_suffix': '', 'path_align': None}, 'valid': {'path_src': '/data2/cmdir/home/nhanvt/data_NLLB/nllb_opennmt/flores200_dataset/devtest/vie_Latn.devtest', 'path_tgt': '/data2/cmdir/home/nhanvt/data_NLLB/nllb_opennmt/flores200_dataset/devtest/tha_Thai.devtest', 'transforms': ['sentencepiece', 'prefix', 'suffix', 'filtertoolong'], 'weight': 10, 'src_prefix': 'vie_Latn', 'tgt_prefix': 'tha_Thai', 'src_suffix': '', 'tgt_suffix': '', 'path_align': None}} overriding model: {}
[2023-08-24 09:55:50,559 INFO] Option: skip_empty_level , value: warning overriding model: silent
[2023-08-24 09:55:50,559 INFO] Option: save_data , value: /data2/cmdir/home/nhanvt/data_NLLB/nllb_opennmt/training/vi-th overriding model: 
[2023-08-24 09:55:50,559 INFO] Option: src_vocab , value: /data2/cmdir/home/nhanvt/data_NLLB/nllb_opennmt/training/dictionary4.txt overriding model: 
[2023-08-24 09:55:50,559 INFO] Option: tgt_vocab , value: /data2/cmdir/home/nhanvt/data_NLLB/nllb_opennmt/training/dictionary4.txt overriding model: 
[2023-08-24 09:55:50,559 INFO] Option: src_vocab_size , value: 256331 overriding model: 256206
[2023-08-24 09:55:50,559 INFO] Option: tgt_vocab_size , value: 256331 overriding model: 256206
[2023-08-24 09:55:50,559 INFO] Option: vocab_size_multiple , value: 8 overriding model: 1
[2023-08-24 09:55:50,559 INFO] Option: src_seq_length , value: 192 overriding model: 150
[2023-08-24 09:55:50,559 INFO] Option: tgt_seq_length , value: 192 overriding model: 150
[2023-08-24 09:55:50,559 INFO] Option: src_prefix , value: vie_Latn overriding model: 
[2023-08-24 09:55:50,559 INFO] Option: tgt_prefix , value: tha_Thai overriding model: 
[2023-08-24 09:55:50,559 INFO] Option: src_subword_model , value: /data2/cmdir/home/nhanvt/data_NLLB/nllb_opennmt/training/flores200_sacrebleu_tokenizer_spm4.model overriding model: 
[2023-08-24 09:55:50,559 INFO] Option: tgt_subword_model , value: /data2/cmdir/home/nhanvt/data_NLLB/nllb_opennmt/training/flores200_sacrebleu_tokenizer_spm4.model overriding model: 
[2023-08-24 09:55:50,559 INFO] Option: update_vocab , value: True overriding model: False
[2023-08-24 09:55:50,559 INFO] Option: save_model , value: /data2/cmdir/home/nhanvt/data_NLLB/nllb_opennmt/training/vi-th/nllb-200-3.3B.onmt overriding model: nllb
[2023-08-24 09:55:50,559 INFO] Option: save_checkpoint_steps , value: 500 overriding model: 5000
[2023-08-24 09:55:50,559 INFO] Option: keep_checkpoint , value: 100 overriding model: 50
[2023-08-24 09:55:50,559 INFO] Option: gpu_ranks , value: [0, 1] overriding model: [0]
[2023-08-24 09:55:50,559 INFO] Option: world_size , value: 2 overriding model: 1
[2023-08-24 09:55:50,560 INFO] Option: train_from , value: /data2/cmdir/home/nhanvt/data_NLLB/nllb_opennmt/nllb-200-3.3B-onmt_2.pt overriding model: 
[2023-08-24 09:55:50,560 INFO] Option: reset_optim , value: states overriding model: none
[2023-08-24 09:55:50,560 INFO] Option: num_workers , value: 2 overriding model: 4
[2023-08-24 09:55:50,560 INFO] Option: batch_size , value: 512 overriding model: 8192
[2023-08-24 09:55:50,560 INFO] Option: batch_size_multiple , value: 8 overriding model: 1
[2023-08-24 09:55:50,560 INFO] Option: accum_count , value: [4, 4, 4] overriding model: [4]
[2023-08-24 09:55:50,560 INFO] Option: accum_steps , value: [0, 15000, 30000] overriding model: [0]
[2023-08-24 09:55:50,560 INFO] Option: valid_steps , value: 500 overriding model: 5000
[2023-08-24 09:55:50,560 INFO] Option: valid_batch_size , value: 512 overriding model: 4096
[2023-08-24 09:55:50,560 INFO] Option: train_steps , value: 200000 overriding model: 100000
[2023-08-24 09:55:50,560 INFO] Option: optim , value: sgd overriding model: 
[2023-08-24 09:55:50,560 INFO] Option: dropout , value: [0.1, 0.1, 0.1] overriding model: [0.1]
[2023-08-24 09:55:50,560 INFO] Option: attention_dropout , value: [0.1, 0.1, 0.1] overriding model: [0.1]
[2023-08-24 09:55:50,560 INFO] Option: dropout_steps , value: [0, 15000, 30000] overriding model: [0]
[2023-08-24 09:55:50,560 INFO] Option: learning_rate , value: 2.0 overriding model: 5e-05
[2023-08-24 09:55:50,560 INFO] Option: decay_method , value: noam overriding model: none
[2023-08-24 09:55:50,560 INFO] Option: warmup_steps , value: 1000 overriding model: 4000
[2023-08-24 09:55:50,560 INFO] Option: log_file , value: /data2/cmdir/home/nhanvt/data_NLLB/nllb_opennmt/training/vi-th/nllb-200-3.3B-onmt.log overriding model: 
[2023-08-24 09:55:50,560 INFO] Option: _all_transform , value: {'sentencepiece', 'filtertoolong', 'suffix', 'prefix'} overriding model: {'filtertoolong'}
[2023-08-24 09:55:50,560 INFO] Building model...
[2023-08-24 09:56:23,947 INFO] Switching model to float32 for amp/apex_amp
[2023-08-24 09:56:23,953 INFO] Non quantized layer compute is fp16
[2023-08-24 09:56:23,953 INFO] Updating vocabulary embeddings with checkpoint embeddings
[2023-08-24 09:56:26,679 INFO] src: 58 new tokens
[2023-08-24 09:56:31,725 INFO] tgt: 58 new tokens
[2023-08-24 09:56:40,933 INFO] NMTModel(
  (encoder): TransformerEncoder(
    (embeddings): Embeddings(
      (make_embedding): Sequential(
        (emb_luts): Elementwise(
          (0): Embedding(256264, 2048, padding_idx=69)
        )
        (pe): PositionalEncoding()
      )
      (dropout): Dropout(p=0.1, inplace=False)
    )
    (transformer): ModuleList(
      (0-23): 24 x TransformerEncoderLayer(
        (self_attn): MultiHeadedAttention(
          (linear_keys): Linear(in_features=2048, out_features=2048, bias=True)
          (linear_values): Linear(in_features=2048, out_features=2048, bias=True)
          (linear_query): Linear(in_features=2048, out_features=2048, bias=True)
          (softmax): Softmax(dim=-1)
          (dropout): Dropout(p=0.1, inplace=False)
          (final_linear): Linear(in_features=2048, out_features=2048, bias=True)
        )
        (feed_forward): PositionwiseFeedForward(
          (w_1): Linear(in_features=2048, out_features=8192, bias=True)
          (w_2): Linear(in_features=8192, out_features=2048, bias=True)
          (layer_norm): LayerNorm((2048,), eps=1e-06, elementwise_affine=True)
          (dropout_1): Dropout(p=0.1, inplace=False)
          (dropout_2): Dropout(p=0.1, inplace=False)
        )
        (layer_norm): LayerNorm((2048,), eps=1e-06, elementwise_affine=True)
        (dropout): Dropout(p=0.1, inplace=False)
      )
    )
    (layer_norm): LayerNorm((2048,), eps=1e-06, elementwise_affine=True)
  )
  (decoder): TransformerDecoder(
    (embeddings): Embeddings(
      (make_embedding): Sequential(
        (emb_luts): Elementwise(
          (0): Embedding(256264, 2048, padding_idx=69)
        )
        (pe): PositionalEncoding()
      )
      (dropout): Dropout(p=0.1, inplace=False)
    )
    (layer_norm): LayerNorm((2048,), eps=1e-06, elementwise_affine=True)
    (transformer_layers): ModuleList(
      (0-23): 24 x TransformerDecoderLayer(
        (self_attn): MultiHeadedAttention(
          (linear_keys): Linear(in_features=2048, out_features=2048, bias=True)
          (linear_values): Linear(in_features=2048, out_features=2048, bias=True)
          (linear_query): Linear(in_features=2048, out_features=2048, bias=True)
          (softmax): Softmax(dim=-1)
          (dropout): Dropout(p=0.1, inplace=False)
          (final_linear): Linear(in_features=2048, out_features=2048, bias=True)
        )
        (feed_forward): PositionwiseFeedForward(
          (w_1): Linear(in_features=2048, out_features=8192, bias=True)
          (w_2): Linear(in_features=8192, out_features=2048, bias=True)
          (layer_norm): LayerNorm((2048,), eps=1e-06, elementwise_affine=True)
          (dropout_1): Dropout(p=0.1, inplace=False)
          (dropout_2): Dropout(p=0.1, inplace=False)
        )
        (layer_norm_1): LayerNorm((2048,), eps=1e-06, elementwise_affine=True)
        (dropout): Dropout(p=0.1, inplace=False)
        (context_attn): MultiHeadedAttention(
          (linear_keys): Linear(in_features=2048, out_features=2048, bias=True)
          (linear_values): Linear(in_features=2048, out_features=2048, bias=True)
          (linear_query): Linear(in_features=2048, out_features=2048, bias=True)
          (softmax): Softmax(dim=-1)
          (dropout): Dropout(p=0.1, inplace=False)
          (final_linear): Linear(in_features=2048, out_features=2048, bias=True)
        )
        (layer_norm_2): LayerNorm((2048,), eps=1e-06, elementwise_affine=True)
      )
    )
  )
  (generator): Linear(in_features=2048, out_features=256264, bias=True)
)
[2023-08-24 09:56:40,961 INFO] encoder: 1733431296
[2023-08-24 09:56:40,961 INFO] decoder: 1611806984
[2023-08-24 09:56:40,961 INFO] * number of parameters: 3345238280
[2023-08-24 09:56:40,964 INFO] Trainable parameters = {'torch.float32': 3345238280, 'torch.float16': 0, 'torch.uint8': 0, 'torch.int8': 0}
[2023-08-24 09:56:40,965 INFO] Non trainable parameters = {'torch.float32': 0, 'torch.float16': 0, 'torch.uint8': 0, 'torch.int8': 0}
[2023-08-24 09:56:40,965 INFO]  * src vocab size = 256264
[2023-08-24 09:56:40,965 INFO]  * tgt vocab size = 256264
[2023-08-24 09:56:41,685 INFO] Starting training on GPU: [0, 1]
[2023-08-24 09:56:41,685 INFO] Start training loop and validate every 500 steps...
[2023-08-24 09:56:41,685 INFO] Scoring with: TransformPipe(SentencePieceTransform(share_vocab=True, src_subword_model=/data2/cmdir/home/nhanvt/data_NLLB/nllb_opennmt/training/flores200_sacrebleu_tokenizer_spm4.model, tgt_subword_model=/data2/cmdir/home/nhanvt/data_NLLB/nllb_opennmt/training/flores200_sacrebleu_tokenizer_spm4.model, src_subword_alpha=0.0, tgt_subword_alpha=0.0, src_subword_vocab=, tgt_subword_vocab=, src_vocab_threshold=0, tgt_vocab_threshold=0, src_subword_nbest=1, tgt_subword_nbest=1), PrefixTransform(prefix_dict={'multiccalign': {'src': 'vie_Latn', 'tgt': 'tha_Thai'}, 'valid': {'src': 'vie_Latn', 'tgt': 'tha_Thai'}, 'infer': {'src': 'vie_Latn', 'tgt': 'tha_Thai'}}), SuffixTransform(suffix_dict={'multiccalign': {'src': '', 'tgt': ''}, 'valid': {'src': '', 'tgt': ''}, 'infer': {'src': '', 'tgt': ''}}), FilterTooLongTransform(src_seq_length=192, tgt_seq_length=192))
[2023-08-24 10:13:31,946 INFO]  Starting process pid: 2782954  
[2023-08-24 10:13:31,955 INFO]  Starting process pid: 2782955  
[2023-08-24 10:13:34,107 INFO] Parsed 2 corpora from -data.
[2023-08-24 10:13:34,107 INFO] Loading checkpoint from /data2/cmdir/home/nhanvt/data_NLLB/nllb_opennmt/nllb-200-3.3B-onmt_2.pt
[2023-08-24 10:13:37,992 WARNING] configured transforms is different from checkpoint: +{'prefix', 'sentencepiece', 'suffix'}
[2023-08-24 10:13:37,993 INFO] Get special vocabs from Transforms: {'src': ['vie_Latn'], 'tgt': ['tha_Thai']}.
[2023-08-24 10:13:38,823 INFO] The first 10 tokens of the vocabs are:['า', 'น', 'อ', 'เ', 'ร', 'ก', 'ง', 'ม', 'ว', 'ย']
[2023-08-24 10:13:38,828 INFO] The decoder start token is: </s>
[2023-08-24 10:13:38,884 INFO] Updating checkpoint vocabulary with new vocabulary
[2023-08-24 10:13:38,889 INFO] Get special vocabs from Transforms: {'src': ['vie_Latn'], 'tgt': ['tha_Thai']}.
[2023-08-24 10:13:39,879 INFO] The first 10 tokens of the vocabs are:['า', 'น', 'อ', 'เ', 'ร', 'ก', 'ง', 'ม', 'ว', 'ย']
[2023-08-24 10:13:39,884 INFO] The decoder start token is: </s>
[2023-08-24 10:13:40,009 INFO] Over-ride model option set to true - use with care
[2023-08-24 10:13:40,009 INFO] Option: config , value: /data2/cmdir/home/nhanvt/data_NLLB/nllb_opennmt/training/config_train_23_08.yaml overriding model: 
[2023-08-24 10:13:40,009 INFO] Option: data , value: {'multiccalign': {'path_src': '/data2/cmdir/home/nhanvt/data_NLLB/nllb_opennmt/dataset/data_bao/tt_vi.txt', 'path_tgt': '/data2/cmdir/home/nhanvt/data_NLLB/nllb_opennmt/dataset/data_bao/tt_th.txt', 'transforms': ['sentencepiece', 'prefix', 'suffix', 'filtertoolong'], 'weight': 10, 'src_prefix': 'vie_Latn', 'tgt_prefix': 'tha_Thai', 'src_suffix': '', 'tgt_suffix': '', 'path_align': None}, 'valid': {'path_src': '/data2/cmdir/home/nhanvt/data_NLLB/nllb_opennmt/flores200_dataset/devtest/vie_Latn.devtest', 'path_tgt': '/data2/cmdir/home/nhanvt/data_NLLB/nllb_opennmt/flores200_dataset/devtest/tha_Thai.devtest', 'transforms': ['sentencepiece', 'prefix', 'suffix', 'filtertoolong'], 'weight': 10, 'src_prefix': 'vie_Latn', 'tgt_prefix': 'tha_Thai', 'src_suffix': '', 'tgt_suffix': '', 'path_align': None}} overriding model: {}
[2023-08-24 10:13:40,009 INFO] Option: skip_empty_level , value: warning overriding model: silent
[2023-08-24 10:13:40,010 INFO] Option: save_data , value: /data2/cmdir/home/nhanvt/data_NLLB/nllb_opennmt/training/vi-th overriding model: 
[2023-08-24 10:13:40,010 INFO] Option: src_vocab , value: /data2/cmdir/home/nhanvt/data_NLLB/nllb_opennmt/training/dictionary4.txt overriding model: 
[2023-08-24 10:13:40,010 INFO] Option: tgt_vocab , value: /data2/cmdir/home/nhanvt/data_NLLB/nllb_opennmt/training/dictionary4.txt overriding model: 
[2023-08-24 10:13:40,010 INFO] Option: src_vocab_size , value: 256331 overriding model: 256206
[2023-08-24 10:13:40,010 INFO] Option: tgt_vocab_size , value: 256331 overriding model: 256206
[2023-08-24 10:13:40,010 INFO] Option: vocab_size_multiple , value: 8 overriding model: 1
[2023-08-24 10:13:40,010 INFO] Option: src_seq_length , value: 192 overriding model: 150
[2023-08-24 10:13:40,010 INFO] Option: tgt_seq_length , value: 192 overriding model: 150
[2023-08-24 10:13:40,010 INFO] Option: src_prefix , value: vie_Latn overriding model: 
[2023-08-24 10:13:40,010 INFO] Option: tgt_prefix , value: tha_Thai overriding model: 
[2023-08-24 10:13:40,010 INFO] Option: src_subword_model , value: /data2/cmdir/home/nhanvt/data_NLLB/nllb_opennmt/training/flores200_sacrebleu_tokenizer_spm4.model overriding model: 
[2023-08-24 10:13:40,010 INFO] Option: tgt_subword_model , value: /data2/cmdir/home/nhanvt/data_NLLB/nllb_opennmt/training/flores200_sacrebleu_tokenizer_spm4.model overriding model: 
[2023-08-24 10:13:40,010 INFO] Option: update_vocab , value: True overriding model: False
[2023-08-24 10:13:40,010 INFO] Option: save_model , value: /data2/cmdir/home/nhanvt/data_NLLB/nllb_opennmt/training/vi-th/nllb-200-3.3B.onmt overriding model: nllb
[2023-08-24 10:13:40,010 INFO] Option: save_checkpoint_steps , value: 500 overriding model: 5000
[2023-08-24 10:13:40,010 INFO] Option: keep_checkpoint , value: 100 overriding model: 50
[2023-08-24 10:13:40,010 INFO] Option: gpu_ranks , value: [0, 1] overriding model: [0]
[2023-08-24 10:13:40,010 INFO] Option: world_size , value: 2 overriding model: 1
[2023-08-24 10:13:40,010 INFO] Option: train_from , value: /data2/cmdir/home/nhanvt/data_NLLB/nllb_opennmt/nllb-200-3.3B-onmt_2.pt overriding model: 
[2023-08-24 10:13:40,010 INFO] Option: reset_optim , value: states overriding model: none
[2023-08-24 10:13:40,010 INFO] Option: num_workers , value: 2 overriding model: 4
[2023-08-24 10:13:40,010 INFO] Option: batch_size , value: 512 overriding model: 8192
[2023-08-24 10:13:40,010 INFO] Option: batch_size_multiple , value: 8 overriding model: 1
[2023-08-24 10:13:40,010 INFO] Option: accum_count , value: [4, 4, 4] overriding model: [4]
[2023-08-24 10:13:40,010 INFO] Option: accum_steps , value: [0, 15000, 30000] overriding model: [0]
[2023-08-24 10:13:40,010 INFO] Option: valid_steps , value: 500 overriding model: 5000
[2023-08-24 10:13:40,010 INFO] Option: valid_batch_size , value: 512 overriding model: 4096
[2023-08-24 10:13:40,010 INFO] Option: train_steps , value: 200000 overriding model: 100000
[2023-08-24 10:13:40,010 INFO] Option: optim , value: sgd overriding model: 
[2023-08-24 10:13:40,011 INFO] Option: dropout , value: [0.1, 0.1, 0.1] overriding model: [0.1]
[2023-08-24 10:13:40,011 INFO] Option: attention_dropout , value: [0.1, 0.1, 0.1] overriding model: [0.1]
[2023-08-24 10:13:40,011 INFO] Option: dropout_steps , value: [0, 15000, 30000] overriding model: [0]
[2023-08-24 10:13:40,011 INFO] Option: learning_rate , value: 2.0 overriding model: 5e-05
[2023-08-24 10:13:40,011 INFO] Option: decay_method , value: noam overriding model: none
[2023-08-24 10:13:40,011 INFO] Option: warmup_steps , value: 1000 overriding model: 4000
[2023-08-24 10:13:40,011 INFO] Option: log_file , value: /data2/cmdir/home/nhanvt/data_NLLB/nllb_opennmt/training/vi-th/nllb-200-3.3B-onmt.log overriding model: 
[2023-08-24 10:13:40,011 INFO] Option: _all_transform , value: {'sentencepiece', 'prefix', 'filtertoolong', 'suffix'} overriding model: {'filtertoolong'}
[2023-08-24 10:13:40,011 INFO] Building model...
[2023-08-24 10:14:13,191 INFO] Switching model to float32 for amp/apex_amp
[2023-08-24 10:14:13,192 INFO] Non quantized layer compute is fp16
[2023-08-24 10:14:13,193 INFO] Updating vocabulary embeddings with checkpoint embeddings
[2023-08-24 10:14:15,888 INFO] src: 58 new tokens
[2023-08-24 10:14:21,168 INFO] tgt: 58 new tokens
[2023-08-24 10:14:30,605 INFO] NMTModel(
  (encoder): TransformerEncoder(
    (embeddings): Embeddings(
      (make_embedding): Sequential(
        (emb_luts): Elementwise(
          (0): Embedding(256264, 2048, padding_idx=69)
        )
        (pe): PositionalEncoding()
      )
      (dropout): Dropout(p=0.1, inplace=False)
    )
    (transformer): ModuleList(
      (0-23): 24 x TransformerEncoderLayer(
        (self_attn): MultiHeadedAttention(
          (linear_keys): Linear(in_features=2048, out_features=2048, bias=True)
          (linear_values): Linear(in_features=2048, out_features=2048, bias=True)
          (linear_query): Linear(in_features=2048, out_features=2048, bias=True)
          (softmax): Softmax(dim=-1)
          (dropout): Dropout(p=0.1, inplace=False)
          (final_linear): Linear(in_features=2048, out_features=2048, bias=True)
        )
        (feed_forward): PositionwiseFeedForward(
          (w_1): Linear(in_features=2048, out_features=8192, bias=True)
          (w_2): Linear(in_features=8192, out_features=2048, bias=True)
          (layer_norm): LayerNorm((2048,), eps=1e-06, elementwise_affine=True)
          (dropout_1): Dropout(p=0.1, inplace=False)
          (dropout_2): Dropout(p=0.1, inplace=False)
        )
        (layer_norm): LayerNorm((2048,), eps=1e-06, elementwise_affine=True)
        (dropout): Dropout(p=0.1, inplace=False)
      )
    )
    (layer_norm): LayerNorm((2048,), eps=1e-06, elementwise_affine=True)
  )
  (decoder): TransformerDecoder(
    (embeddings): Embeddings(
      (make_embedding): Sequential(
        (emb_luts): Elementwise(
          (0): Embedding(256264, 2048, padding_idx=69)
        )
        (pe): PositionalEncoding()
      )
      (dropout): Dropout(p=0.1, inplace=False)
    )
    (layer_norm): LayerNorm((2048,), eps=1e-06, elementwise_affine=True)
    (transformer_layers): ModuleList(
      (0-23): 24 x TransformerDecoderLayer(
        (self_attn): MultiHeadedAttention(
          (linear_keys): Linear(in_features=2048, out_features=2048, bias=True)
          (linear_values): Linear(in_features=2048, out_features=2048, bias=True)
          (linear_query): Linear(in_features=2048, out_features=2048, bias=True)
          (softmax): Softmax(dim=-1)
          (dropout): Dropout(p=0.1, inplace=False)
          (final_linear): Linear(in_features=2048, out_features=2048, bias=True)
        )
        (feed_forward): PositionwiseFeedForward(
          (w_1): Linear(in_features=2048, out_features=8192, bias=True)
          (w_2): Linear(in_features=8192, out_features=2048, bias=True)
          (layer_norm): LayerNorm((2048,), eps=1e-06, elementwise_affine=True)
          (dropout_1): Dropout(p=0.1, inplace=False)
          (dropout_2): Dropout(p=0.1, inplace=False)
        )
        (layer_norm_1): LayerNorm((2048,), eps=1e-06, elementwise_affine=True)
        (dropout): Dropout(p=0.1, inplace=False)
        (context_attn): MultiHeadedAttention(
          (linear_keys): Linear(in_features=2048, out_features=2048, bias=True)
          (linear_values): Linear(in_features=2048, out_features=2048, bias=True)
          (linear_query): Linear(in_features=2048, out_features=2048, bias=True)
          (softmax): Softmax(dim=-1)
          (dropout): Dropout(p=0.1, inplace=False)
          (final_linear): Linear(in_features=2048, out_features=2048, bias=True)
        )
        (layer_norm_2): LayerNorm((2048,), eps=1e-06, elementwise_affine=True)
      )
    )
  )
  (generator): Linear(in_features=2048, out_features=256264, bias=True)
)
[2023-08-24 10:14:30,630 INFO] encoder: 1733431296
[2023-08-24 10:14:30,631 INFO] decoder: 1611806984
[2023-08-24 10:14:30,631 INFO] * number of parameters: 3345238280
[2023-08-24 10:14:30,636 INFO] Trainable parameters = {'torch.float32': 3345238280, 'torch.float16': 0, 'torch.uint8': 0, 'torch.int8': 0}
[2023-08-24 10:14:30,636 INFO] Non trainable parameters = {'torch.float32': 0, 'torch.float16': 0, 'torch.uint8': 0, 'torch.int8': 0}
[2023-08-24 10:14:30,636 INFO]  * src vocab size = 256264
[2023-08-24 10:14:30,636 INFO]  * tgt vocab size = 256264
[2023-08-24 10:14:31,264 INFO] Starting training on GPU: [0, 1]
[2023-08-24 10:14:31,264 INFO] Start training loop and validate every 500 steps...
[2023-08-24 10:14:31,264 INFO] Scoring with: TransformPipe(SentencePieceTransform(share_vocab=True, src_subword_model=/data2/cmdir/home/nhanvt/data_NLLB/nllb_opennmt/training/flores200_sacrebleu_tokenizer_spm4.model, tgt_subword_model=/data2/cmdir/home/nhanvt/data_NLLB/nllb_opennmt/training/flores200_sacrebleu_tokenizer_spm4.model, src_subword_alpha=0.0, tgt_subword_alpha=0.0, src_subword_vocab=, tgt_subword_vocab=, src_vocab_threshold=0, tgt_vocab_threshold=0, src_subword_nbest=1, tgt_subword_nbest=1), PrefixTransform(prefix_dict={'multiccalign': {'src': 'vie_Latn', 'tgt': 'tha_Thai'}, 'valid': {'src': 'vie_Latn', 'tgt': 'tha_Thai'}, 'infer': {'src': 'vie_Latn', 'tgt': 'tha_Thai'}}), SuffixTransform(suffix_dict={'multiccalign': {'src': '', 'tgt': ''}, 'valid': {'src': '', 'tgt': ''}, 'infer': {'src': '', 'tgt': ''}}), FilterTooLongTransform(src_seq_length=192, tgt_seq_length=192))
[2023-08-24 10:20:36,161 INFO] Step 100/200000; acc: 63.9; ppl:  26.7; xent: 3.3; lr: 0.00014; sents:    6656; bsz:  493/ 674/ 8; 1081/1477 tok/s;    365 sec;
[2023-08-24 10:22:24,980 INFO] Step 200/200000; acc: 64.1; ppl:  26.2; xent: 3.3; lr: 0.00028; sents:    6656; bsz:  519/ 707/ 8; 3815/5196 tok/s;    474 sec;
[2023-08-24 10:24:13,515 INFO] Step 300/200000; acc: 64.7; ppl:  25.3; xent: 3.2; lr: 0.00042; sents:    6624; bsz:  523/ 714/ 8; 3852/5265 tok/s;    582 sec;
[2023-08-24 10:26:01,479 INFO] Step 400/200000; acc: 64.0; ppl:  26.3; xent: 3.3; lr: 0.00056; sents:    6800; bsz:  507/ 687/ 8; 3757/5091 tok/s;    690 sec;
[2023-08-24 10:27:51,296 INFO] Step 500/200000; acc: 64.2; ppl:  25.9; xent: 3.3; lr: 0.00070; sents:    6776; bsz:  529/ 725/ 8; 3857/5280 tok/s;    800 sec;
[2023-08-24 10:29:24,169 INFO] valid stats calculation
                           took: 92.86836552619934 s.
[2023-08-24 10:29:24,176 INFO] Train perplexity: 26.1821
[2023-08-24 10:29:24,176 INFO] Train accuracy: 64.0856
[2023-08-24 10:29:24,176 INFO] Sentences processed: 16752
[2023-08-24 10:29:24,176 INFO] Average bsz:  514/ 702/ 8
[2023-08-24 10:29:24,176 INFO] Validation perplexity: 24.7273
[2023-08-24 10:29:24,176 INFO] Validation accuracy: 63.7443
[2023-08-24 10:29:24,303 INFO] Saving checkpoint /data2/cmdir/home/nhanvt/data_NLLB/nllb_opennmt/training/vi-th/nllb-200-3.3B.onmt_step_500.pt
[2023-08-24 10:31:42,789 INFO] Step 600/200000; acc: 64.4; ppl:  25.6; xent: 3.2; lr: 0.00084; sents:    6464; bsz:  496/ 675/ 8; 1714/2333 tok/s;   1032 sec;
[2023-08-24 10:33:31,388 INFO] Step 700/200000; acc: 64.3; ppl:  25.6; xent: 3.2; lr: 0.00098; sents:    6832; bsz:  519/ 709/ 9; 3826/5223 tok/s;   1140 sec;
[2023-08-24 10:35:18,434 INFO] Step 800/200000; acc: 64.0; ppl:  25.9; xent: 3.3; lr: 0.00112; sents:    6496; bsz:  494/ 673/ 8; 3691/5030 tok/s;   1247 sec;
[2023-08-24 10:37:06,394 INFO] Step 900/200000; acc: 64.7; ppl:  25.1; xent: 3.2; lr: 0.00126; sents:    6704; bsz:  511/ 696/ 8; 3789/5159 tok/s;   1355 sec;
[2023-08-24 10:38:53,580 INFO] Step 1000/200000; acc: 64.4; ppl:  25.3; xent: 3.2; lr: 0.00140; sents:    6704; bsz:  498/ 677/ 8; 3717/5050 tok/s;   1462 sec;
[2023-08-24 10:47:41,034 INFO]  Starting process pid: 2797343  
[2023-08-24 10:47:41,042 INFO]  Starting process pid: 2797344  
[2023-08-24 10:47:43,155 INFO] Parsed 2 corpora from -data.
[2023-08-24 10:47:43,155 INFO] Loading checkpoint from /data2/cmdir/home/nhanvt/data_NLLB/nllb_opennmt/nllb-200-3.3B-onmt_2.pt
[2023-08-24 10:47:47,030 WARNING] configured transforms is different from checkpoint: +{'prefix', 'sentencepiece', 'suffix'}
[2023-08-24 10:47:47,030 INFO] Get special vocabs from Transforms: {'src': ['vie_Latn'], 'tgt': ['tha_Thai']}.
[2023-08-24 10:47:47,873 INFO] The first 10 tokens of the vocabs are:['า', 'น', 'อ', 'เ', 'ร', 'ก', 'ง', 'ม', 'ว', 'ย']
[2023-08-24 10:47:47,877 INFO] The decoder start token is: </s>
[2023-08-24 10:47:47,932 INFO] Updating checkpoint vocabulary with new vocabulary
[2023-08-24 10:47:47,937 INFO] Get special vocabs from Transforms: {'src': ['vie_Latn'], 'tgt': ['tha_Thai']}.
[2023-08-24 10:47:48,928 INFO] The first 10 tokens of the vocabs are:['า', 'น', 'อ', 'เ', 'ร', 'ก', 'ง', 'ม', 'ว', 'ย']
[2023-08-24 10:47:48,933 INFO] The decoder start token is: </s>
[2023-08-24 10:47:49,047 INFO] Over-ride model option set to true - use with care
[2023-08-24 10:47:49,047 INFO] Option: config , value: /data2/cmdir/home/nhanvt/data_NLLB/nllb_opennmt/training/config_train_23_08.yaml overriding model: 
[2023-08-24 10:47:49,047 INFO] Option: data , value: {'multiccalign': {'path_src': '/data2/cmdir/home/nhanvt/data_NLLB/nllb_opennmt/dataset/data_bao/tt_vi.txt', 'path_tgt': '/data2/cmdir/home/nhanvt/data_NLLB/nllb_opennmt/dataset/data_bao/tt_th.txt', 'transforms': ['sentencepiece', 'prefix', 'suffix', 'filtertoolong'], 'weight': 10, 'src_prefix': 'vie_Latn', 'tgt_prefix': 'tha_Thai', 'src_suffix': '', 'tgt_suffix': '', 'path_align': None}, 'valid': {'path_src': '/data2/cmdir/home/nhanvt/data_NLLB/nllb_opennmt/flores200_dataset/devtest/vie_Latn.devtest', 'path_tgt': '/data2/cmdir/home/nhanvt/data_NLLB/nllb_opennmt/flores200_dataset/devtest/tha_Thai.devtest', 'transforms': ['sentencepiece', 'prefix', 'suffix', 'filtertoolong'], 'weight': 10, 'src_prefix': 'vie_Latn', 'tgt_prefix': 'tha_Thai', 'src_suffix': '', 'tgt_suffix': '', 'path_align': None}} overriding model: {}
[2023-08-24 10:47:49,047 INFO] Option: skip_empty_level , value: warning overriding model: silent
[2023-08-24 10:47:49,047 INFO] Option: save_data , value: /data2/cmdir/home/nhanvt/data_NLLB/nllb_opennmt/training/vi-th overriding model: 
[2023-08-24 10:47:49,047 INFO] Option: src_vocab , value: /data2/cmdir/home/nhanvt/data_NLLB/nllb_opennmt/training/dictionary4.txt overriding model: 
[2023-08-24 10:47:49,047 INFO] Option: tgt_vocab , value: /data2/cmdir/home/nhanvt/data_NLLB/nllb_opennmt/training/dictionary4.txt overriding model: 
[2023-08-24 10:47:49,047 INFO] Option: src_vocab_size , value: 256331 overriding model: 256206
[2023-08-24 10:47:49,047 INFO] Option: tgt_vocab_size , value: 256331 overriding model: 256206
[2023-08-24 10:47:49,047 INFO] Option: vocab_size_multiple , value: 8 overriding model: 1
[2023-08-24 10:47:49,047 INFO] Option: src_seq_length , value: 192 overriding model: 150
[2023-08-24 10:47:49,047 INFO] Option: tgt_seq_length , value: 192 overriding model: 150
[2023-08-24 10:47:49,047 INFO] Option: src_prefix , value: vie_Latn overriding model: 
[2023-08-24 10:47:49,047 INFO] Option: tgt_prefix , value: tha_Thai overriding model: 
[2023-08-24 10:47:49,047 INFO] Option: src_subword_model , value: /data2/cmdir/home/nhanvt/data_NLLB/nllb_opennmt/training/flores200_sacrebleu_tokenizer_spm4.model overriding model: 
[2023-08-24 10:47:49,047 INFO] Option: tgt_subword_model , value: /data2/cmdir/home/nhanvt/data_NLLB/nllb_opennmt/training/flores200_sacrebleu_tokenizer_spm4.model overriding model: 
[2023-08-24 10:47:49,047 INFO] Option: update_vocab , value: True overriding model: False
[2023-08-24 10:47:49,047 INFO] Option: save_model , value: /data2/cmdir/home/nhanvt/data_NLLB/nllb_opennmt/training/vi-th/nllb-200-3.3B.onmt overriding model: nllb
[2023-08-24 10:47:49,047 INFO] Option: save_checkpoint_steps , value: 500 overriding model: 5000
[2023-08-24 10:47:49,047 INFO] Option: keep_checkpoint , value: 100 overriding model: 50
[2023-08-24 10:47:49,047 INFO] Option: gpu_ranks , value: [0, 1] overriding model: [0]
[2023-08-24 10:47:49,047 INFO] Option: world_size , value: 2 overriding model: 1
[2023-08-24 10:47:49,048 INFO] Option: train_from , value: /data2/cmdir/home/nhanvt/data_NLLB/nllb_opennmt/nllb-200-3.3B-onmt_2.pt overriding model: 
[2023-08-24 10:47:49,048 INFO] Option: reset_optim , value: states overriding model: none
[2023-08-24 10:47:49,048 INFO] Option: num_workers , value: 2 overriding model: 4
[2023-08-24 10:47:49,048 INFO] Option: batch_size , value: 512 overriding model: 8192
[2023-08-24 10:47:49,048 INFO] Option: batch_size_multiple , value: 8 overriding model: 1
[2023-08-24 10:47:49,048 INFO] Option: accum_count , value: [4, 4, 4] overriding model: [4]
[2023-08-24 10:47:49,048 INFO] Option: accum_steps , value: [0, 15000, 30000] overriding model: [0]
[2023-08-24 10:47:49,048 INFO] Option: valid_steps , value: 500 overriding model: 5000
[2023-08-24 10:47:49,048 INFO] Option: valid_batch_size , value: 512 overriding model: 4096
[2023-08-24 10:47:49,048 INFO] Option: train_steps , value: 200000 overriding model: 100000
[2023-08-24 10:47:49,048 INFO] Option: optim , value: sgd overriding model: 
[2023-08-24 10:47:49,048 INFO] Option: dropout , value: [0.1, 0.1, 0.1] overriding model: [0.1]
[2023-08-24 10:47:49,048 INFO] Option: attention_dropout , value: [0.1, 0.1, 0.1] overriding model: [0.1]
[2023-08-24 10:47:49,048 INFO] Option: dropout_steps , value: [0, 15000, 30000] overriding model: [0]
[2023-08-24 10:47:49,048 INFO] Option: learning_rate , value: 2.0 overriding model: 5e-05
[2023-08-24 10:47:49,048 INFO] Option: decay_method , value: noam overriding model: none
[2023-08-24 10:47:49,048 INFO] Option: warmup_steps , value: 1000 overriding model: 4000
[2023-08-24 10:47:49,048 INFO] Option: log_file , value: /data2/cmdir/home/nhanvt/data_NLLB/nllb_opennmt/training/vi-th/nllb-200-3.3B-onmt.log overriding model: 
[2023-08-24 10:47:49,048 INFO] Option: _all_transform , value: {'filtertoolong', 'suffix', 'prefix', 'sentencepiece'} overriding model: {'filtertoolong'}
[2023-08-24 10:47:49,048 INFO] Building model...
[2023-08-24 10:48:22,279 INFO] Switching model to float32 for amp/apex_amp
[2023-08-24 10:48:22,287 INFO] Non quantized layer compute is fp16
[2023-08-24 10:48:22,287 INFO] Updating vocabulary embeddings with checkpoint embeddings
[2023-08-24 10:48:24,986 INFO] src: 58 new tokens
[2023-08-24 10:48:30,153 INFO] tgt: 58 new tokens
[2023-08-24 10:48:40,337 INFO] NMTModel(
  (encoder): TransformerEncoder(
    (embeddings): Embeddings(
      (make_embedding): Sequential(
        (emb_luts): Elementwise(
          (0): Embedding(256264, 2048, padding_idx=69)
        )
        (pe): PositionalEncoding()
      )
      (dropout): Dropout(p=0.1, inplace=False)
    )
    (transformer): ModuleList(
      (0-23): 24 x TransformerEncoderLayer(
        (self_attn): MultiHeadedAttention(
          (linear_keys): Linear(in_features=2048, out_features=2048, bias=True)
          (linear_values): Linear(in_features=2048, out_features=2048, bias=True)
          (linear_query): Linear(in_features=2048, out_features=2048, bias=True)
          (softmax): Softmax(dim=-1)
          (dropout): Dropout(p=0.1, inplace=False)
          (final_linear): Linear(in_features=2048, out_features=2048, bias=True)
        )
        (feed_forward): PositionwiseFeedForward(
          (w_1): Linear(in_features=2048, out_features=8192, bias=True)
          (w_2): Linear(in_features=8192, out_features=2048, bias=True)
          (layer_norm): LayerNorm((2048,), eps=1e-06, elementwise_affine=True)
          (dropout_1): Dropout(p=0.1, inplace=False)
          (dropout_2): Dropout(p=0.1, inplace=False)
        )
        (layer_norm): LayerNorm((2048,), eps=1e-06, elementwise_affine=True)
        (dropout): Dropout(p=0.1, inplace=False)
      )
    )
    (layer_norm): LayerNorm((2048,), eps=1e-06, elementwise_affine=True)
  )
  (decoder): TransformerDecoder(
    (embeddings): Embeddings(
      (make_embedding): Sequential(
        (emb_luts): Elementwise(
          (0): Embedding(256264, 2048, padding_idx=69)
        )
        (pe): PositionalEncoding()
      )
      (dropout): Dropout(p=0.1, inplace=False)
    )
    (layer_norm): LayerNorm((2048,), eps=1e-06, elementwise_affine=True)
    (transformer_layers): ModuleList(
      (0-23): 24 x TransformerDecoderLayer(
        (self_attn): MultiHeadedAttention(
          (linear_keys): Linear(in_features=2048, out_features=2048, bias=True)
          (linear_values): Linear(in_features=2048, out_features=2048, bias=True)
          (linear_query): Linear(in_features=2048, out_features=2048, bias=True)
          (softmax): Softmax(dim=-1)
          (dropout): Dropout(p=0.1, inplace=False)
          (final_linear): Linear(in_features=2048, out_features=2048, bias=True)
        )
        (feed_forward): PositionwiseFeedForward(
          (w_1): Linear(in_features=2048, out_features=8192, bias=True)
          (w_2): Linear(in_features=8192, out_features=2048, bias=True)
          (layer_norm): LayerNorm((2048,), eps=1e-06, elementwise_affine=True)
          (dropout_1): Dropout(p=0.1, inplace=False)
          (dropout_2): Dropout(p=0.1, inplace=False)
        )
        (layer_norm_1): LayerNorm((2048,), eps=1e-06, elementwise_affine=True)
        (dropout): Dropout(p=0.1, inplace=False)
        (context_attn): MultiHeadedAttention(
          (linear_keys): Linear(in_features=2048, out_features=2048, bias=True)
          (linear_values): Linear(in_features=2048, out_features=2048, bias=True)
          (linear_query): Linear(in_features=2048, out_features=2048, bias=True)
          (softmax): Softmax(dim=-1)
          (dropout): Dropout(p=0.1, inplace=False)
          (final_linear): Linear(in_features=2048, out_features=2048, bias=True)
        )
        (layer_norm_2): LayerNorm((2048,), eps=1e-06, elementwise_affine=True)
      )
    )
  )
  (generator): Linear(in_features=2048, out_features=256264, bias=True)
)
[2023-08-24 10:48:40,352 INFO] encoder: 1733431296
[2023-08-24 10:48:40,352 INFO] decoder: 1611806984
[2023-08-24 10:48:40,352 INFO] * number of parameters: 3345238280
[2023-08-24 10:48:40,356 INFO] Trainable parameters = {'torch.float32': 3345238280, 'torch.float16': 0, 'torch.uint8': 0, 'torch.int8': 0}
[2023-08-24 10:48:40,356 INFO] Non trainable parameters = {'torch.float32': 0, 'torch.float16': 0, 'torch.uint8': 0, 'torch.int8': 0}
[2023-08-24 10:48:40,356 INFO]  * src vocab size = 256264
[2023-08-24 10:48:40,356 INFO]  * tgt vocab size = 256264
[2023-08-24 10:48:40,957 INFO] Starting training on GPU: [0, 1]
[2023-08-24 10:48:40,957 INFO] Start training loop and validate every 500 steps...
[2023-08-24 10:48:40,957 INFO] Scoring with: TransformPipe(SentencePieceTransform(share_vocab=True, src_subword_model=/data2/cmdir/home/nhanvt/data_NLLB/nllb_opennmt/training/flores200_sacrebleu_tokenizer_spm4.model, tgt_subword_model=/data2/cmdir/home/nhanvt/data_NLLB/nllb_opennmt/training/flores200_sacrebleu_tokenizer_spm4.model, src_subword_alpha=0.0, tgt_subword_alpha=0.0, src_subword_vocab=, tgt_subword_vocab=, src_vocab_threshold=0, tgt_vocab_threshold=0, src_subword_nbest=1, tgt_subword_nbest=1), PrefixTransform(prefix_dict={'multiccalign': {'src': 'vie_Latn', 'tgt': 'tha_Thai'}, 'valid': {'src': 'vie_Latn', 'tgt': 'tha_Thai'}, 'infer': {'src': 'vie_Latn', 'tgt': 'tha_Thai'}}), SuffixTransform(suffix_dict={'multiccalign': {'src': '', 'tgt': ''}, 'valid': {'src': '', 'tgt': ''}, 'infer': {'src': '', 'tgt': ''}}), FilterTooLongTransform(src_seq_length=192, tgt_seq_length=192))
[2023-08-24 10:54:45,044 INFO] Step 100/200000; acc: 63.7; ppl:  26.8; xent: 3.3; lr: 0.00014; sents:    6656; bsz:  494/ 672/ 8; 1085/1477 tok/s;    364 sec;
[2023-08-24 10:56:31,453 INFO] Step 200/200000; acc: 64.1; ppl:  26.3; xent: 3.3; lr: 0.00028; sents:    6656; bsz:  519/ 707/ 8; 3901/5313 tok/s;    470 sec;
[2023-08-24 10:58:18,235 INFO] Step 300/200000; acc: 64.6; ppl:  25.6; xent: 3.2; lr: 0.00042; sents:    6624; bsz:  521/ 715/ 8; 3907/5359 tok/s;    577 sec;
[2023-08-24 11:00:05,001 INFO] Step 400/200000; acc: 63.9; ppl:  26.2; xent: 3.3; lr: 0.00056; sents:    6792; bsz:  507/ 687/ 8; 3801/5150 tok/s;    684 sec;
[2023-08-24 11:01:53,670 INFO] Step 500/200000; acc: 64.2; ppl:  25.8; xent: 3.3; lr: 0.00070; sents:    6784; bsz:  527/ 724/ 8; 3879/5332 tok/s;    793 sec;
[2023-08-24 11:03:26,332 INFO] valid stats calculation
                           took: 92.65700626373291 s.
[2023-08-24 11:03:26,339 INFO] Train perplexity: 26.3951
[2023-08-24 11:03:26,339 INFO] Train accuracy: 63.915
[2023-08-24 11:03:26,339 INFO] Sentences processed: 16752
[2023-08-24 11:03:26,339 INFO] Average bsz:  513/ 701/ 8
[2023-08-24 11:03:26,339 INFO] Validation perplexity: 24.7168
[2023-08-24 11:03:26,339 INFO] Validation accuracy: 63.7482
[2023-08-24 11:03:26,465 INFO] Saving checkpoint /data2/cmdir/home/nhanvt/data_NLLB/nllb_opennmt/training/vi-th/nllb-200-3.3B.onmt_step_500.pt
[2023-08-24 11:05:47,568 INFO] Step 600/200000; acc: 64.1; ppl:  25.7; xent: 3.2; lr: 0.00084; sents:    6464; bsz:  498/ 677/ 8; 1703/2314 tok/s;   1027 sec;
[2023-08-24 11:07:35,445 INFO] Step 700/200000; acc: 64.3; ppl:  25.7; xent: 3.2; lr: 0.00098; sents:    6840; bsz:  520/ 711/ 9; 3854/5274 tok/s;   1134 sec;
[2023-08-24 11:09:21,763 INFO] Step 800/200000; acc: 64.2; ppl:  25.6; xent: 3.2; lr: 0.00112; sents:    6496; bsz:  495/ 672/ 8; 3722/5059 tok/s;   1241 sec;
[2023-08-24 11:11:08,999 INFO] Step 900/200000; acc: 64.6; ppl:  25.0; xent: 3.2; lr: 0.00126; sents:    6720; bsz:  514/ 697/ 8; 3833/5202 tok/s;   1348 sec;
[2023-08-24 11:12:54,795 INFO] Step 1000/200000; acc: 64.1; ppl:  25.6; xent: 3.2; lr: 0.00140; sents:    6696; bsz:  499/ 674/ 8; 3770/5100 tok/s;   1454 sec;
[2023-08-24 11:14:27,354 INFO] valid stats calculation
                           took: 92.5546715259552 s.
[2023-08-24 11:14:27,362 INFO] Train perplexity: 25.9843
[2023-08-24 11:14:27,362 INFO] Train accuracy: 64.0824
[2023-08-24 11:14:27,362 INFO] Sentences processed: 33360
[2023-08-24 11:14:27,362 INFO] Average bsz:  509/ 694/ 8
[2023-08-24 11:14:27,362 INFO] Validation perplexity: 24.5196
[2023-08-24 11:14:27,362 INFO] Validation accuracy: 63.6992
[2023-08-24 11:14:27,490 INFO] Saving checkpoint /data2/cmdir/home/nhanvt/data_NLLB/nllb_opennmt/training/vi-th/nllb-200-3.3B.onmt_step_1000.pt
[2023-08-24 11:16:48,858 INFO] Step 1100/200000; acc: 64.6; ppl:  25.0; xent: 3.2; lr: 0.00133; sents:    6472; bsz:  500/ 681/ 8; 1709/2327 tok/s;   1688 sec;
[2023-08-24 11:18:37,142 INFO] Step 1200/200000; acc: 65.0; ppl:  24.5; xent: 3.2; lr: 0.00128; sents:    6656; bsz:  520/ 712/ 8; 3839/5260 tok/s;   1796 sec;
[2023-08-24 11:20:25,992 INFO] Step 1300/200000; acc: 64.9; ppl:  24.6; xent: 3.2; lr: 0.00123; sents:    6736; bsz:  523/ 714/ 8; 3843/5248 tok/s;   1905 sec;
[2023-08-24 11:22:13,571 INFO] Step 1400/200000; acc: 64.5; ppl:  25.0; xent: 3.2; lr: 0.00118; sents:    6592; bsz:  500/ 685/ 8; 3717/5093 tok/s;   2013 sec;
[2023-08-24 11:24:03,184 INFO] Step 1500/200000; acc: 65.2; ppl:  24.0; xent: 3.2; lr: 0.00114; sents:    6560; bsz:  535/ 738/ 8; 3907/5386 tok/s;   2122 sec;
[2023-08-24 11:25:35,838 INFO] valid stats calculation
                           took: 92.64952039718628 s.
[2023-08-24 11:25:35,846 INFO] Train perplexity: 25.4557
[2023-08-24 11:25:35,846 INFO] Train accuracy: 64.3661
[2023-08-24 11:25:35,846 INFO] Sentences processed: 49864
[2023-08-24 11:25:35,846 INFO] Average bsz:  511/ 698/ 8
[2023-08-24 11:25:35,846 INFO] Validation perplexity: 24.3123
[2023-08-24 11:25:35,846 INFO] Validation accuracy: 63.6282
[2023-08-24 11:25:35,972 INFO] Saving checkpoint /data2/cmdir/home/nhanvt/data_NLLB/nllb_opennmt/training/vi-th/nllb-200-3.3B.onmt_step_1500.pt
[2023-08-24 11:28:00,627 INFO] Step 1600/200000; acc: 64.9; ppl:  24.5; xent: 3.2; lr: 0.00110; sents:    6600; bsz:  513/ 699/ 8; 1728/2354 tok/s;   2360 sec;
[2023-08-24 11:29:48,572 INFO] Step 1700/200000; acc: 65.4; ppl:  24.0; xent: 3.2; lr: 0.00107; sents:    6688; bsz:  522/ 715/ 8; 3867/5300 tok/s;   2468 sec;
[2023-08-24 11:31:37,520 INFO] Step 1800/200000; acc: 65.4; ppl:  24.0; xent: 3.2; lr: 0.00104; sents:    6632; bsz:  532/ 731/ 8; 3910/5368 tok/s;   2577 sec;
[2023-08-24 11:33:24,708 INFO] Step 1900/200000; acc: 65.5; ppl:  24.0; xent: 3.2; lr: 0.00101; sents:    6904; bsz:  505/ 688/ 9; 3769/5136 tok/s;   2684 sec;
[2023-08-24 11:35:11,292 INFO] Step 2000/200000; acc: 65.1; ppl:  24.6; xent: 3.2; lr: 0.00099; sents:    6848; bsz:  503/ 689/ 9; 3776/5174 tok/s;   2790 sec;
[2023-08-24 11:36:42,435 INFO] valid stats calculation
                           took: 91.13871502876282 s.
[2023-08-24 11:36:42,443 INFO] Train perplexity: 25.1294
[2023-08-24 11:36:42,443 INFO] Train accuracy: 64.5899
[2023-08-24 11:36:42,443 INFO] Sentences processed: 66696
[2023-08-24 11:36:42,443 INFO] Average bsz:  512/ 699/ 8
[2023-08-24 11:36:42,443 INFO] Validation perplexity: 24.1218
[2023-08-24 11:36:42,443 INFO] Validation accuracy: 63.9255
[2023-08-24 11:36:42,541 INFO] Saving checkpoint /data2/cmdir/home/nhanvt/data_NLLB/nllb_opennmt/training/vi-th/nllb-200-3.3B.onmt_step_2000.pt
[2023-08-24 11:38:59,247 INFO] Step 2100/200000; acc: 64.9; ppl:  25.1; xent: 3.2; lr: 0.00096; sents:    6768; bsz:  477/ 643/ 8; 1675/2256 tok/s;   3018 sec;
[2023-08-24 11:40:45,556 INFO] Step 2200/200000; acc: 65.1; ppl:  24.9; xent: 3.2; lr: 0.00094; sents:    6904; bsz:  494/ 671/ 9; 3715/5048 tok/s;   3125 sec;
[2023-08-24 11:42:33,294 INFO] Step 2300/200000; acc: 66.5; ppl:  23.2; xent: 3.1; lr: 0.00092; sents:    6584; bsz:  512/ 702/ 8; 3802/5216 tok/s;   3232 sec;
[2023-08-24 11:44:20,768 INFO] Step 2400/200000; acc: 66.1; ppl:  23.8; xent: 3.2; lr: 0.00090; sents:    6712; bsz:  511/ 699/ 8; 3802/5200 tok/s;   3340 sec;
[2023-08-24 11:46:10,134 INFO] Step 2500/200000; acc: 66.4; ppl:  23.5; xent: 3.2; lr: 0.00088; sents:    6704; bsz:  531/ 731/ 8; 3884/5346 tok/s;   3449 sec;
[2023-08-24 11:47:41,235 INFO] valid stats calculation
                           took: 91.09701561927795 s.
[2023-08-24 11:47:41,244 INFO] Train perplexity: 24.9592
[2023-08-24 11:47:41,244 INFO] Train accuracy: 64.8055
[2023-08-24 11:47:41,244 INFO] Sentences processed: 83544
[2023-08-24 11:47:41,244 INFO] Average bsz:  510/ 697/ 8
[2023-08-24 11:47:41,244 INFO] Validation perplexity: 23.9532
[2023-08-24 11:47:41,244 INFO] Validation accuracy: 65.0896
[2023-08-24 11:47:41,335 INFO] Saving checkpoint /data2/cmdir/home/nhanvt/data_NLLB/nllb_opennmt/training/vi-th/nllb-200-3.3B.onmt_step_2500.pt
[2023-08-24 11:49:58,188 INFO] Step 2600/200000; acc: 66.3; ppl:  23.7; xent: 3.2; lr: 0.00087; sents:    6504; bsz:  520/ 711/ 8; 1823/2493 tok/s;   3677 sec;
[2023-08-24 11:51:46,123 INFO] Step 2700/200000; acc: 66.5; ppl:  23.4; xent: 3.2; lr: 0.00085; sents:    6800; bsz:  525/ 718/ 8; 3893/5325 tok/s;   3785 sec;
[2023-08-24 11:53:34,172 INFO] Step 2800/200000; acc: 66.5; ppl:  23.4; xent: 3.2; lr: 0.00084; sents:    6648; bsz:  524/ 720/ 8; 3876/5329 tok/s;   3893 sec;
[2023-08-24 11:55:21,844 INFO] Step 2900/200000; acc: 66.3; ppl:  23.7; xent: 3.2; lr: 0.00082; sents:    6840; bsz:  513/ 700/ 9; 3808/5198 tok/s;   4001 sec;
[2023-08-24 11:57:09,813 INFO] Step 3000/200000; acc: 66.7; ppl:  23.1; xent: 3.1; lr: 0.00081; sents:    6637; bsz:  518/ 709/ 8; 3835/5252 tok/s;   4109 sec;
[2023-08-24 11:58:40,974 INFO] valid stats calculation
                           took: 91.15586757659912 s.
[2023-08-24 11:58:40,983 INFO] Train perplexity: 24.713
[2023-08-24 11:58:40,983 INFO] Train accuracy: 65.0761
[2023-08-24 11:58:40,983 INFO] Sentences processed: 100248
[2023-08-24 11:58:40,983 INFO] Average bsz:  512/ 699/ 8
[2023-08-24 11:58:40,983 INFO] Validation perplexity: 23.8041
[2023-08-24 11:58:40,983 INFO] Validation accuracy: 65.4896
[2023-08-24 11:58:41,084 INFO] Saving checkpoint /data2/cmdir/home/nhanvt/data_NLLB/nllb_opennmt/training/vi-th/nllb-200-3.3B.onmt_step_3000.pt
[2023-08-24 12:00:59,076 INFO] Step 3100/200000; acc: 66.3; ppl:  23.7; xent: 3.2; lr: 0.00079; sents:    6736; bsz:  510/ 694/ 8; 1779/2421 tok/s;   4338 sec;
[2023-08-24 12:02:46,894 INFO] Step 3200/200000; acc: 66.5; ppl:  23.5; xent: 3.2; lr: 0.00078; sents:    6528; bsz:  519/ 709/ 8; 3848/5264 tok/s;   4446 sec;
[2023-08-24 12:04:34,191 INFO] Step 3300/200000; acc: 66.6; ppl:  23.3; xent: 3.1; lr: 0.00077; sents:    6832; bsz:  514/ 703/ 9; 3834/5243 tok/s;   4553 sec;
[2023-08-24 12:06:21,291 INFO] Step 3400/200000; acc: 66.6; ppl:  23.2; xent: 3.1; lr: 0.00076; sents:    6664; bsz:  519/ 712/ 8; 3875/5318 tok/s;   4660 sec;
[2023-08-24 12:08:09,073 INFO] Step 3500/200000; acc: 66.4; ppl:  23.4; xent: 3.2; lr: 0.00075; sents:    6712; bsz:  525/ 718/ 8; 3895/5333 tok/s;   4768 sec;
[2023-08-24 12:09:40,892 INFO] valid stats calculation
                           took: 91.81140899658203 s.
[2023-08-24 12:09:40,899 INFO] Train perplexity: 24.5346
[2023-08-24 12:09:40,899 INFO] Train accuracy: 65.2664
[2023-08-24 12:09:40,899 INFO] Sentences processed: 116992
[2023-08-24 12:09:40,899 INFO] Average bsz:  513/ 701/ 8
[2023-08-24 12:09:40,899 INFO] Validation perplexity: 23.6666
[2023-08-24 12:09:40,899 INFO] Validation accuracy: 65.5313
[2023-08-24 12:09:40,993 INFO] Saving checkpoint /data2/cmdir/home/nhanvt/data_NLLB/nllb_opennmt/training/vi-th/nllb-200-3.3B.onmt_step_3500.pt
[2023-08-24 12:11:58,491 INFO] Step 3600/200000; acc: 66.0; ppl:  23.9; xent: 3.2; lr: 0.00074; sents:    6832; bsz:  484/ 655/ 9; 1689/2286 tok/s;   4998 sec;
[2023-08-24 12:13:46,597 INFO] Step 3700/200000; acc: 66.9; ppl:  22.8; xent: 3.1; lr: 0.00073; sents:    6584; bsz:  517/ 705/ 8; 3829/5220 tok/s;   5106 sec;
[2023-08-24 12:15:34,577 INFO] Step 3800/200000; acc: 66.7; ppl:  23.0; xent: 3.1; lr: 0.00072; sents:    6768; bsz:  510/ 695/ 8; 3780/5146 tok/s;   5214 sec;
[2023-08-24 12:17:22,974 INFO] Step 3900/200000; acc: 66.9; ppl:  22.7; xent: 3.1; lr: 0.00071; sents:    6632; bsz:  520/ 715/ 8; 3837/5275 tok/s;   5322 sec;
[2023-08-24 12:19:10,494 INFO] Step 4000/200000; acc: 66.6; ppl:  23.2; xent: 3.1; lr: 0.00070; sents:    6584; bsz:  511/ 694/ 8; 3802/5167 tok/s;   5430 sec;
[2023-08-24 12:20:41,981 INFO] valid stats calculation
                           took: 91.48323345184326 s.
[2023-08-24 12:20:41,989 INFO] Train perplexity: 24.3535
[2023-08-24 12:20:41,990 INFO] Train accuracy: 65.4383
[2023-08-24 12:20:41,990 INFO] Sentences processed: 133680
[2023-08-24 12:20:41,990 INFO] Average bsz:  512/ 699/ 8
[2023-08-24 12:20:41,990 INFO] Validation perplexity: 23.5491
[2023-08-24 12:20:41,990 INFO] Validation accuracy: 65.5449
[2023-08-24 12:20:42,082 INFO] Saving checkpoint /data2/cmdir/home/nhanvt/data_NLLB/nllb_opennmt/training/vi-th/nllb-200-3.3B.onmt_step_4000.pt
[2023-08-24 12:22:59,317 INFO] Step 4100/200000; acc: 66.5; ppl:  23.3; xent: 3.1; lr: 0.00069; sents:    6648; bsz:  508/ 693/ 8; 1778/2423 tok/s;   5658 sec;
[2023-08-24 12:24:46,375 INFO] Step 4200/200000; acc: 66.8; ppl:  23.0; xent: 3.1; lr: 0.00068; sents:    6728; bsz:  507/ 693/ 8; 3786/5176 tok/s;   5765 sec;
[2023-08-24 12:26:32,556 INFO] Step 4300/200000; acc: 66.6; ppl:  23.1; xent: 3.1; lr: 0.00067; sents:    6672; bsz:  496/ 677/ 8; 3735/5099 tok/s;   5872 sec;
[2023-08-24 12:28:19,172 INFO] Step 4400/200000; acc: 66.7; ppl:  22.9; xent: 3.1; lr: 0.00067; sents:    6592; bsz:  498/ 679/ 8; 3736/5094 tok/s;   5978 sec;
[2023-08-24 12:30:07,243 INFO] Step 4500/200000; acc: 66.9; ppl:  22.8; xent: 3.1; lr: 0.00066; sents:    6864; bsz:  527/ 720/ 9; 3900/5327 tok/s;   6086 sec;
[2023-08-24 12:31:39,261 INFO] valid stats calculation
                           took: 92.01354336738586 s.
[2023-08-24 12:31:39,268 INFO] Train perplexity: 24.2096
[2023-08-24 12:31:39,268 INFO] Train accuracy: 65.5707
[2023-08-24 12:31:39,268 INFO] Sentences processed: 150440
[2023-08-24 12:31:39,268 INFO] Average bsz:  512/ 699/ 8
[2023-08-24 12:31:39,268 INFO] Validation perplexity: 23.4473
[2023-08-24 12:31:39,268 INFO] Validation accuracy: 65.5303
[2023-08-24 12:31:39,365 INFO] Saving checkpoint /data2/cmdir/home/nhanvt/data_NLLB/nllb_opennmt/training/vi-th/nllb-200-3.3B.onmt_step_4500.pt
[2023-08-24 12:33:58,778 INFO] Step 4600/200000; acc: 66.8; ppl:  22.8; xent: 3.1; lr: 0.00065; sents:    6840; bsz:  502/ 684/ 9; 1736/2365 tok/s;   6318 sec;
[2023-08-24 12:35:45,910 INFO] Step 4700/200000; acc: 66.6; ppl:  23.0; xent: 3.1; lr: 0.00064; sents:    6728; bsz:  509/ 694/ 8; 3799/5179 tok/s;   6425 sec;
[2023-08-24 12:37:33,211 INFO] Step 4800/200000; acc: 66.6; ppl:  23.2; xent: 3.1; lr: 0.00064; sents:    6616; bsz:  512/ 701/ 8; 3820/5226 tok/s;   6532 sec;
[2023-08-24 12:39:20,314 INFO] Step 4900/200000; acc: 66.7; ppl:  22.9; xent: 3.1; lr: 0.00063; sents:    6752; bsz:  505/ 689/ 8; 3769/5147 tok/s;   6639 sec;
[2023-08-24 12:41:06,966 INFO] Step 5000/200000; acc: 67.0; ppl:  22.6; xent: 3.1; lr: 0.00062; sents:    6592; bsz:  491/ 667/ 8; 3686/5005 tok/s;   6746 sec;
[2023-08-24 12:42:38,739 INFO] valid stats calculation
                           took: 91.76890444755554 s.
[2023-08-24 12:42:38,746 INFO] Train perplexity: 24.0699
[2023-08-24 12:42:38,746 INFO] Train accuracy: 65.693
[2023-08-24 12:42:38,746 INFO] Sentences processed: 167216
[2023-08-24 12:42:38,747 INFO] Average bsz:  511/ 698/ 8
[2023-08-24 12:42:38,747 INFO] Validation perplexity: 23.3507
[2023-08-24 12:42:38,747 INFO] Validation accuracy: 65.5132
[2023-08-24 12:42:38,845 INFO] Saving checkpoint /data2/cmdir/home/nhanvt/data_NLLB/nllb_opennmt/training/vi-th/nllb-200-3.3B.onmt_step_5000.pt
[2023-08-24 12:44:57,581 INFO] Step 5100/200000; acc: 67.4; ppl:  22.2; xent: 3.1; lr: 0.00062; sents:    6696; bsz:  525/ 721/ 8; 1821/2503 tok/s;   6977 sec;
[2023-08-24 12:46:45,558 INFO] Step 5200/200000; acc: 66.7; ppl:  22.9; xent: 3.1; lr: 0.00061; sents:    6816; bsz:  523/ 715/ 9; 3874/5297 tok/s;   7085 sec;
[2023-08-24 12:48:32,484 INFO] Step 5300/200000; acc: 66.6; ppl:  23.1; xent: 3.1; lr: 0.00061; sents:    6760; bsz:  504/ 693/ 8; 3774/5185 tok/s;   7192 sec;
[2023-08-24 12:50:20,315 INFO] Step 5400/200000; acc: 67.0; ppl:  22.5; xent: 3.1; lr: 0.00060; sents:    6576; bsz:  506/ 694/ 8; 3752/5147 tok/s;   7299 sec;
[2023-08-24 12:52:08,402 INFO] Step 5500/200000; acc: 67.1; ppl:  22.4; xent: 3.1; lr: 0.00060; sents:    6624; bsz:  527/ 725/ 8; 3903/5364 tok/s;   7407 sec;
[2023-08-24 12:53:39,889 INFO] valid stats calculation
                           took: 91.48237133026123 s.
[2023-08-24 12:53:39,897 INFO] Train perplexity: 23.9346
[2023-08-24 12:53:39,897 INFO] Train accuracy: 65.8087
[2023-08-24 12:53:39,897 INFO] Sentences processed: 183952
[2023-08-24 12:53:39,897 INFO] Average bsz:  511/ 699/ 8
[2023-08-24 12:53:39,897 INFO] Validation perplexity: 23.2803
[2023-08-24 12:53:39,897 INFO] Validation accuracy: 65.5107
[2023-08-24 12:53:39,991 INFO] Saving checkpoint /data2/cmdir/home/nhanvt/data_NLLB/nllb_opennmt/training/vi-th/nllb-200-3.3B.onmt_step_5500.pt
[2023-08-24 12:56:02,359 INFO] Step 5600/200000; acc: 67.1; ppl:  22.3; xent: 3.1; lr: 0.00059; sents:    6568; bsz:  522/ 715/ 8; 1785/2444 tok/s;   7641 sec;
[2023-08-24 12:57:49,561 INFO] Step 5700/200000; acc: 66.9; ppl:  22.6; xent: 3.1; lr: 0.00059; sents:    6744; bsz:  507/ 689/ 8; 3783/5145 tok/s;   7749 sec;
[2023-08-24 12:59:36,580 INFO] Step 5800/200000; acc: 66.7; ppl:  22.9; xent: 3.1; lr: 0.00058; sents:    6688; bsz:  497/ 678/ 8; 3719/5065 tok/s;   7856 sec;
[2023-08-24 13:01:25,585 INFO] Step 5900/200000; acc: 66.9; ppl:  22.6; xent: 3.1; lr: 0.00058; sents:    6792; bsz:  527/ 722/ 8; 3868/5299 tok/s;   7965 sec;
[2023-08-24 13:03:13,136 INFO] Step 6000/200000; acc: 66.9; ppl:  22.5; xent: 3.1; lr: 0.00057; sents:    6880; bsz:  505/ 690/ 9; 3759/5133 tok/s;   8072 sec;
[2023-08-24 13:04:44,629 INFO] valid stats calculation
                           took: 91.48857235908508 s.
[2023-08-24 13:04:44,635 INFO] Train perplexity: 23.8234
[2023-08-24 13:04:44,635 INFO] Train accuracy: 65.8959
[2023-08-24 13:04:44,635 INFO] Sentences processed: 200792
[2023-08-24 13:04:44,635 INFO] Average bsz:  511/ 699/ 8
[2023-08-24 13:04:44,635 INFO] Validation perplexity: 23.2141
[2023-08-24 13:04:44,635 INFO] Validation accuracy: 65.497
[2023-08-24 13:04:44,732 INFO] Saving checkpoint /data2/cmdir/home/nhanvt/data_NLLB/nllb_opennmt/training/vi-th/nllb-200-3.3B.onmt_step_6000.pt
[2023-08-24 13:07:05,173 INFO] Step 6100/200000; acc: 66.9; ppl:  22.5; xent: 3.1; lr: 0.00057; sents:    6584; bsz:  512/ 701/ 8; 1766/2418 tok/s;   8304 sec;
[2023-08-24 13:08:52,838 INFO] Step 6200/200000; acc: 67.0; ppl:  22.5; xent: 3.1; lr: 0.00056; sents:    6664; bsz:  514/ 700/ 8; 3817/5199 tok/s;   8412 sec;
[2023-08-24 13:10:40,405 INFO] Step 6300/200000; acc: 66.8; ppl:  22.6; xent: 3.1; lr: 0.00056; sents:    6944; bsz:  509/ 691/ 9; 3782/5139 tok/s;   8519 sec;
[2023-08-24 13:12:27,242 INFO] Step 6400/200000; acc: 66.7; ppl:  22.9; xent: 3.1; lr: 0.00055; sents:    6584; bsz:  506/ 692/ 8; 3789/5180 tok/s;   8626 sec;
[2023-08-24 13:14:14,940 INFO] Step 6500/200000; acc: 66.8; ppl:  22.7; xent: 3.1; lr: 0.00055; sents:    6784; bsz:  522/ 714/ 8; 3876/5306 tok/s;   8734 sec;
[2023-08-24 13:15:45,951 INFO] valid stats calculation
                           took: 91.0066888332367 s.
[2023-08-24 13:15:45,958 INFO] Train perplexity: 23.744
[2023-08-24 13:15:45,958 INFO] Train accuracy: 65.9549
[2023-08-24 13:15:45,958 INFO] Sentences processed: 217576
[2023-08-24 13:15:45,958 INFO] Average bsz:  511/ 699/ 8
[2023-08-24 13:15:45,958 INFO] Validation perplexity: 23.1661
[2023-08-24 13:15:45,958 INFO] Validation accuracy: 65.4758
[2023-08-24 13:15:46,053 INFO] Saving checkpoint /data2/cmdir/home/nhanvt/data_NLLB/nllb_opennmt/training/vi-th/nllb-200-3.3B.onmt_step_6500.pt
[2023-08-24 13:18:06,014 INFO] Step 6600/200000; acc: 67.1; ppl:  22.4; xent: 3.1; lr: 0.00054; sents:    6776; bsz:  503/ 687/ 8; 1743/2378 tok/s;   8965 sec;
[2023-08-24 13:19:53,257 INFO] Step 6700/200000; acc: 66.8; ppl:  22.6; xent: 3.1; lr: 0.00054; sents:    6864; bsz:  503/ 686/ 9; 3750/5115 tok/s;   9072 sec;
[2023-08-24 13:21:40,335 INFO] Step 6800/200000; acc: 66.9; ppl:  22.5; xent: 3.1; lr: 0.00054; sents:    6624; bsz:  503/ 686/ 8; 3758/5128 tok/s;   9179 sec;
[2023-08-24 13:23:28,037 INFO] Step 6900/200000; acc: 67.0; ppl:  22.4; xent: 3.1; lr: 0.00053; sents:    6864; bsz:  517/ 707/ 9; 3840/5248 tok/s;   9287 sec;
[2023-08-24 13:25:14,825 INFO] Step 7000/200000; acc: 66.8; ppl:  22.6; xent: 3.1; lr: 0.00053; sents:    6744; bsz:  504/ 688/ 8; 3774/5157 tok/s;   9394 sec;
[2023-08-24 13:26:46,227 INFO] valid stats calculation
                           took: 91.39716172218323 s.
[2023-08-24 13:26:46,234 INFO] Train perplexity: 23.6589
[2023-08-24 13:26:46,234 INFO] Train accuracy: 66.0207
[2023-08-24 13:26:46,234 INFO] Sentences processed: 234504
[2023-08-24 13:26:46,234 INFO] Average bsz:  511/ 698/ 8
[2023-08-24 13:26:46,234 INFO] Validation perplexity: 23.1261
[2023-08-24 13:26:46,234 INFO] Validation accuracy: 65.4881
[2023-08-24 13:26:46,326 INFO] Saving checkpoint /data2/cmdir/home/nhanvt/data_NLLB/nllb_opennmt/training/vi-th/nllb-200-3.3B.onmt_step_7000.pt
[2023-08-24 13:29:02,521 INFO] Step 7100/200000; acc: 66.9; ppl:  22.5; xent: 3.1; lr: 0.00052; sents:    6728; bsz:  514/ 704/ 8; 1807/2473 tok/s;   9622 sec;
[2023-08-24 13:30:52,319 INFO] Step 7200/200000; acc: 67.2; ppl:  22.3; xent: 3.1; lr: 0.00052; sents:    6744; bsz:  535/ 733/ 8; 3898/5343 tok/s;   9731 sec;
[2023-08-24 13:32:41,541 INFO] Step 7300/200000; acc: 67.3; ppl:  22.0; xent: 3.1; lr: 0.00052; sents:    6680; bsz:  523/ 719/ 8; 3828/5266 tok/s;   9841 sec;
[2023-08-24 13:34:30,315 INFO] Step 7400/200000; acc: 66.8; ppl:  22.6; xent: 3.1; lr: 0.00051; sents:    6808; bsz:  515/ 706/ 9; 3789/5193 tok/s;   9949 sec;
[2023-08-24 13:36:18,019 INFO] Step 7500/200000; acc: 67.1; ppl:  22.4; xent: 3.1; lr: 0.00051; sents:    6728; bsz:  505/ 688/ 8; 3751/5109 tok/s;  10057 sec;
[2023-08-24 13:37:49,353 INFO] valid stats calculation
                           took: 91.32978677749634 s.
[2023-08-24 13:37:49,361 INFO] Train perplexity: 23.5824
[2023-08-24 13:37:49,361 INFO] Train accuracy: 66.0817
[2023-08-24 13:37:49,361 INFO] Sentences processed: 251352
[2023-08-24 13:37:49,361 INFO] Average bsz:  512/ 699/ 8
[2023-08-24 13:37:49,361 INFO] Validation perplexity: 23.0869
[2023-08-24 13:37:49,361 INFO] Validation accuracy: 65.4678
[2023-08-24 13:37:49,454 INFO] Saving checkpoint /data2/cmdir/home/nhanvt/data_NLLB/nllb_opennmt/training/vi-th/nllb-200-3.3B.onmt_step_7500.pt
[2023-08-24 13:40:10,596 INFO] Step 7600/200000; acc: 67.2; ppl:  22.3; xent: 3.1; lr: 0.00051; sents:    6784; bsz:  499/ 680/ 8; 1716/2338 tok/s;  10290 sec;
[2023-08-24 13:41:57,346 INFO] Step 7700/200000; acc: 67.1; ppl:  22.3; xent: 3.1; lr: 0.00050; sents:    6592; bsz:  503/ 686/ 8; 3769/5137 tok/s;  10396 sec;
[2023-08-24 13:43:45,997 INFO] Step 7800/200000; acc: 66.7; ppl:  22.8; xent: 3.1; lr: 0.00050; sents:    6848; bsz:  528/ 722/ 9; 3886/5313 tok/s;  10505 sec;
[2023-08-24 13:45:33,452 INFO] Step 7900/200000; acc: 67.0; ppl:  22.4; xent: 3.1; lr: 0.00050; sents:    6568; bsz:  517/ 705/ 8; 3846/5246 tok/s;  10612 sec;
[2023-08-24 13:47:21,018 INFO] Step 8000/200000; acc: 67.2; ppl:  22.2; xent: 3.1; lr: 0.00049; sents:    6664; bsz:  506/ 692/ 8; 3760/5146 tok/s;  10720 sec;
[2023-08-24 13:48:53,205 INFO] valid stats calculation
                           took: 92.18321967124939 s.
[2023-08-24 13:48:53,213 INFO] Train perplexity: 23.5096
[2023-08-24 13:48:53,213 INFO] Train accuracy: 66.1385
[2023-08-24 13:48:53,213 INFO] Sentences processed: 268072
[2023-08-24 13:48:53,213 INFO] Average bsz:  512/ 699/ 8
[2023-08-24 13:48:53,213 INFO] Validation perplexity: 23.0606
[2023-08-24 13:48:53,213 INFO] Validation accuracy: 65.4542
[2023-08-24 13:48:53,309 INFO] Saving checkpoint /data2/cmdir/home/nhanvt/data_NLLB/nllb_opennmt/training/vi-th/nllb-200-3.3B.onmt_step_8000.pt
[2023-08-24 13:51:11,365 INFO] Step 8100/200000; acc: 67.0; ppl:  22.3; xent: 3.1; lr: 0.00049; sents:    6648; bsz:  520/ 708/ 8; 1805/2457 tok/s;  10950 sec;
[2023-08-24 13:52:59,098 INFO] Step 8200/200000; acc: 66.9; ppl:  22.4; xent: 3.1; lr: 0.00049; sents:    6816; bsz:  513/ 700/ 9; 3812/5196 tok/s;  11058 sec;
[2023-08-24 13:54:45,985 INFO] Step 8300/200000; acc: 67.4; ppl:  21.9; xent: 3.1; lr: 0.00049; sents:    6688; bsz:  494/ 674/ 8; 3701/5043 tok/s;  11165 sec;
[2023-08-24 13:56:31,551 INFO] Step 8400/200000; acc: 66.9; ppl:  22.5; xent: 3.1; lr: 0.00048; sents:    6528; bsz:  479/ 652/ 8; 3629/4940 tok/s;  11271 sec;
[2023-08-24 13:58:19,466 INFO] Step 8500/200000; acc: 67.0; ppl:  22.4; xent: 3.1; lr: 0.00048; sents:    6496; bsz:  513/ 704/ 8; 3805/5220 tok/s;  11379 sec;
[2023-08-24 13:59:51,791 INFO] valid stats calculation
                           took: 92.32121300697327 s.
[2023-08-24 13:59:51,798 INFO] Train perplexity: 23.4338
[2023-08-24 13:59:51,798 INFO] Train accuracy: 66.195
[2023-08-24 13:59:51,798 INFO] Sentences processed: 284648
[2023-08-24 13:59:51,798 INFO] Average bsz:  511/ 698/ 8
[2023-08-24 13:59:51,798 INFO] Validation perplexity: 23.0402
[2023-08-24 13:59:51,798 INFO] Validation accuracy: 65.4589
[2023-08-24 13:59:51,892 INFO] Saving checkpoint /data2/cmdir/home/nhanvt/data_NLLB/nllb_opennmt/training/vi-th/nllb-200-3.3B.onmt_step_8500.pt
[2023-08-24 14:02:10,745 INFO] Step 8600/200000; acc: 67.2; ppl:  22.2; xent: 3.1; lr: 0.00048; sents:    6816; bsz:  517/ 708/ 9; 1788/2447 tok/s;  11610 sec;
[2023-08-24 14:03:59,440 INFO] Step 8700/200000; acc: 67.1; ppl:  22.3; xent: 3.1; lr: 0.00047; sents:    6784; bsz:  515/ 706/ 8; 3789/5193 tok/s;  11718 sec;
[2023-08-24 14:05:47,310 INFO] Step 8800/200000; acc: 67.2; ppl:  22.1; xent: 3.1; lr: 0.00047; sents:    6688; bsz:  507/ 693/ 8; 3761/5142 tok/s;  11826 sec;
[2023-08-24 14:07:36,967 INFO] Step 8900/200000; acc: 67.3; ppl:  22.0; xent: 3.1; lr: 0.00047; sents:    6656; bsz:  531/ 727/ 8; 3876/5307 tok/s;  11936 sec;
[2023-08-24 14:09:25,645 INFO] Step 9000/200000; acc: 67.0; ppl:  22.3; xent: 3.1; lr: 0.00047; sents:    6888; bsz:  513/ 702/ 9; 3778/5164 tok/s;  12045 sec;
[2023-08-24 14:10:57,605 INFO] valid stats calculation
                           took: 91.9552595615387 s.
[2023-08-24 14:10:57,613 INFO] Train perplexity: 23.3671
[2023-08-24 14:10:57,613 INFO] Train accuracy: 66.2428
[2023-08-24 14:10:57,613 INFO] Sentences processed: 301552
[2023-08-24 14:10:57,613 INFO] Average bsz:  511/ 698/ 8
[2023-08-24 14:10:57,613 INFO] Validation perplexity: 23.0286
[2023-08-24 14:10:57,613 INFO] Validation accuracy: 65.4478
[2023-08-24 14:10:57,708 INFO] Saving checkpoint /data2/cmdir/home/nhanvt/data_NLLB/nllb_opennmt/training/vi-th/nllb-200-3.3B.onmt_step_9000.pt
[2023-08-24 14:13:16,924 INFO] Step 9100/200000; acc: 67.3; ppl:  22.0; xent: 3.1; lr: 0.00046; sents:    6856; bsz:  521/ 709/ 9; 1801/2454 tok/s;  12276 sec;
[2023-08-24 14:15:04,840 INFO] Step 9200/200000; acc: 67.1; ppl:  22.2; xent: 3.1; lr: 0.00046; sents:    6752; bsz:  508/ 692/ 8; 3767/5129 tok/s;  12384 sec;
[2023-08-24 14:16:52,677 INFO] Step 9300/200000; acc: 67.1; ppl:  22.3; xent: 3.1; lr: 0.00046; sents:    6704; bsz:  506/ 691/ 8; 3754/5124 tok/s;  12492 sec;
[2023-08-24 14:18:42,103 INFO] Step 9400/200000; acc: 67.3; ppl:  22.0; xent: 3.1; lr: 0.00046; sents:    6844; bsz:  526/ 720/ 9; 3844/5267 tok/s;  12601 sec;
[2023-08-24 14:20:30,329 INFO] Step 9500/200000; acc: 67.2; ppl:  22.1; xent: 3.1; lr: 0.00045; sents:    6712; bsz:  514/ 703/ 8; 3801/5194 tok/s;  12709 sec;
[2023-08-24 14:22:01,753 INFO] valid stats calculation
                           took: 91.41971492767334 s.
[2023-08-24 14:22:01,761 INFO] Train perplexity: 23.3062
[2023-08-24 14:22:01,761 INFO] Train accuracy: 66.2866
[2023-08-24 14:22:01,761 INFO] Sentences processed: 318484
[2023-08-24 14:22:01,761 INFO] Average bsz:  511/ 699/ 8
[2023-08-24 14:22:01,761 INFO] Validation perplexity: 23.0118
[2023-08-24 14:22:01,761 INFO] Validation accuracy: 65.4585
[2023-08-24 14:22:01,855 INFO] Saving checkpoint /data2/cmdir/home/nhanvt/data_NLLB/nllb_opennmt/training/vi-th/nllb-200-3.3B.onmt_step_9500.pt
[2023-08-24 14:24:24,990 INFO] Step 9600/200000; acc: 67.4; ppl:  21.9; xent: 3.1; lr: 0.00045; sents:    6744; bsz:  526/ 722/ 8; 1794/2461 tok/s;  12944 sec;
[2023-08-24 14:26:13,444 INFO] Step 9700/200000; acc: 67.0; ppl:  22.4; xent: 3.1; lr: 0.00045; sents:    6792; bsz:  514/ 704/ 8; 3793/5191 tok/s;  13052 sec;
[2023-08-24 14:28:00,569 INFO] Step 9800/200000; acc: 66.8; ppl:  22.6; xent: 3.1; lr: 0.00045; sents:    6888; bsz:  492/ 669/ 9; 3673/4996 tok/s;  13160 sec;
[2023-08-24 14:29:49,351 INFO] Step 9900/200000; acc: 67.1; ppl:  22.2; xent: 3.1; lr: 0.00044; sents:    6680; bsz:  519/ 711/ 8; 3817/5226 tok/s;  13268 sec;
[2023-08-24 14:31:36,797 INFO] Step 10000/200000; acc: 67.2; ppl:  22.1; xent: 3.1; lr: 0.00044; sents:    6592; bsz:  498/ 678/ 8; 3710/5051 tok/s;  13376 sec;
[2023-08-24 14:33:08,496 INFO] valid stats calculation
                           took: 91.69410872459412 s.
[2023-08-24 14:33:08,504 INFO] Train perplexity: 23.264
[2023-08-24 14:33:08,504 INFO] Train accuracy: 66.3155
[2023-08-24 14:33:08,504 INFO] Sentences processed: 335332
[2023-08-24 14:33:08,504 INFO] Average bsz:  511/ 698/ 8
[2023-08-24 14:33:08,504 INFO] Validation perplexity: 23.0018
[2023-08-24 14:33:08,504 INFO] Validation accuracy: 65.4455
[2023-08-24 14:33:08,599 INFO] Saving checkpoint /data2/cmdir/home/nhanvt/data_NLLB/nllb_opennmt/training/vi-th/nllb-200-3.3B.onmt_step_10000.pt
[2023-08-24 14:35:29,952 INFO] Step 10100/200000; acc: 67.1; ppl:  22.2; xent: 3.1; lr: 0.00044; sents:    6744; bsz:  510/ 694/ 8; 1750/2383 tok/s;  13609 sec;
[2023-08-24 14:37:18,062 INFO] Step 10200/200000; acc: 67.4; ppl:  21.9; xent: 3.1; lr: 0.00044; sents:    6584; bsz:  527/ 722/ 8; 3903/5345 tok/s;  13717 sec;
[2023-08-24 14:39:05,524 INFO] Step 10300/200000; acc: 66.9; ppl:  22.5; xent: 3.1; lr: 0.00044; sents:    6848; bsz:  502/ 684/ 9; 3734/5091 tok/s;  13825 sec;
[2023-08-24 14:40:52,196 INFO] Step 10400/200000; acc: 67.1; ppl:  22.2; xent: 3.1; lr: 0.00043; sents:    6560; bsz:  501/ 684/ 8; 3755/5126 tok/s;  13931 sec;
[2023-08-24 14:42:40,270 INFO] Step 10500/200000; acc: 67.5; ppl:  21.7; xent: 3.1; lr: 0.00043; sents:    6656; bsz:  517/ 710/ 8; 3826/5253 tok/s;  14039 sec;
[2023-08-24 14:44:12,201 INFO] valid stats calculation
                           took: 91.92659616470337 s.
[2023-08-24 14:44:12,208 INFO] Train perplexity: 23.2079
[2023-08-24 14:44:12,209 INFO] Train accuracy: 66.356
[2023-08-24 14:44:12,209 INFO] Sentences processed: 352020
[2023-08-24 14:44:12,209 INFO] Average bsz:  511/ 698/ 8
[2023-08-24 14:44:12,209 INFO] Validation perplexity: 23.001
[2023-08-24 14:44:12,209 INFO] Validation accuracy: 65.449
[2023-08-24 14:44:12,302 INFO] Saving checkpoint /data2/cmdir/home/nhanvt/data_NLLB/nllb_opennmt/training/vi-th/nllb-200-3.3B.onmt_step_10500.pt
[2023-08-24 14:46:30,907 INFO] Step 10600/200000; acc: 67.2; ppl:  22.2; xent: 3.1; lr: 0.00043; sents:    6688; bsz:  508/ 695/ 8; 1762/2412 tok/s;  14270 sec;
[2023-08-24 14:48:18,686 INFO] Step 10700/200000; acc: 67.1; ppl:  22.2; xent: 3.1; lr: 0.00043; sents:    6592; bsz:  513/ 701/ 8; 3809/5204 tok/s;  14378 sec;
[2023-08-24 14:50:06,424 INFO] Step 10800/200000; acc: 67.3; ppl:  22.0; xent: 3.1; lr: 0.00043; sents:    6624; bsz:  518/ 708/ 8; 3846/5260 tok/s;  14485 sec;
[2023-08-24 14:51:53,322 INFO] Step 10900/200000; acc: 67.3; ppl:  21.9; xent: 3.1; lr: 0.00042; sents:    6680; bsz:  506/ 692/ 8; 3790/5179 tok/s;  14592 sec;
[2023-08-24 14:53:40,362 INFO] Step 11000/200000; acc: 67.3; ppl:  21.9; xent: 3.1; lr: 0.00042; sents:    6808; bsz:  515/ 703/ 9; 3852/5255 tok/s;  14699 sec;
[2023-08-24 14:55:11,474 INFO] valid stats calculation
                           took: 91.10812854766846 s.
[2023-08-24 14:55:11,482 INFO] Train perplexity: 23.1578
[2023-08-24 14:55:11,482 INFO] Train accuracy: 66.3915
[2023-08-24 14:55:11,482 INFO] Sentences processed: 368708
[2023-08-24 14:55:11,482 INFO] Average bsz:  511/ 699/ 8
[2023-08-24 14:55:11,482 INFO] Validation perplexity: 22.9879
[2023-08-24 14:55:11,482 INFO] Validation accuracy: 65.4688
[2023-08-24 14:55:11,576 INFO] Saving checkpoint /data2/cmdir/home/nhanvt/data_NLLB/nllb_opennmt/training/vi-th/nllb-200-3.3B.onmt_step_11000.pt
[2023-08-24 14:57:33,962 INFO] Step 11100/200000; acc: 67.2; ppl:  22.0; xent: 3.1; lr: 0.00042; sents:    6704; bsz:  506/ 687/ 8; 1732/2354 tok/s;  14933 sec;
[2023-08-24 14:59:22,503 INFO] Step 11200/200000; acc: 67.2; ppl:  22.1; xent: 3.1; lr: 0.00042; sents:    6632; bsz:  515/ 705/ 8; 3792/5198 tok/s;  15042 sec;
[2023-08-24 15:01:11,576 INFO] Step 11300/200000; acc: 67.4; ppl:  21.9; xent: 3.1; lr: 0.00042; sents:    7000; bsz:  519/ 710/ 9; 3806/5209 tok/s;  15151 sec;
[2023-08-24 15:02:59,776 INFO] Step 11400/200000; acc: 67.1; ppl:  22.3; xent: 3.1; lr: 0.00041; sents:    6776; bsz:  505/ 690/ 8; 3731/5103 tok/s;  15259 sec;
[2023-08-24 15:04:47,338 INFO] Step 11500/200000; acc: 67.0; ppl:  22.3; xent: 3.1; lr: 0.00041; sents:    6760; bsz:  498/ 678/ 8; 3706/5046 tok/s;  15366 sec;
[2023-08-24 15:06:18,562 INFO] valid stats calculation
                           took: 91.21939754486084 s.
[2023-08-24 15:06:18,569 INFO] Train perplexity: 23.1196
[2023-08-24 15:06:18,569 INFO] Train accuracy: 66.4171
[2023-08-24 15:06:18,570 INFO] Sentences processed: 385644
[2023-08-24 15:06:18,570 INFO] Average bsz:  511/ 698/ 8
[2023-08-24 15:06:18,570 INFO] Validation perplexity: 22.9866
[2023-08-24 15:06:18,570 INFO] Validation accuracy: 65.4682
[2023-08-24 15:06:18,662 INFO] Saving checkpoint /data2/cmdir/home/nhanvt/data_NLLB/nllb_opennmt/training/vi-th/nllb-200-3.3B.onmt_step_11500.pt
[2023-08-24 15:08:38,542 INFO] Step 11600/200000; acc: 67.4; ppl:  21.9; xent: 3.1; lr: 0.00041; sents:    6656; bsz:  527/ 721/ 8; 1825/2496 tok/s;  15598 sec;
[2023-08-24 15:10:27,648 INFO] Step 11700/200000; acc: 67.6; ppl:  21.6; xent: 3.1; lr: 0.00041; sents:    6608; bsz:  520/ 713/ 8; 3811/5229 tok/s;  15707 sec;
[2023-08-24 15:12:15,531 INFO] Step 11800/200000; acc: 67.0; ppl:  22.3; xent: 3.1; lr: 0.00041; sents:    6664; bsz:  507/ 691/ 8; 3757/5122 tok/s;  15815 sec;
[2023-08-24 15:14:04,646 INFO] Step 11900/200000; acc: 67.3; ppl:  22.0; xent: 3.1; lr: 0.00041; sents:    6776; bsz:  528/ 724/ 8; 3874/5310 tok/s;  15924 sec;
[2023-08-24 15:15:52,528 INFO] Step 12000/200000; acc: 67.3; ppl:  21.9; xent: 3.1; lr: 0.00040; sents:    6648; bsz:  510/ 695/ 8; 3784/5158 tok/s;  16032 sec;
[2023-08-24 15:17:23,602 INFO] valid stats calculation
                           took: 91.07046675682068 s.
[2023-08-24 15:17:23,610 INFO] Train perplexity: 23.0654
[2023-08-24 15:17:23,610 INFO] Train accuracy: 66.4576
[2023-08-24 15:17:23,610 INFO] Sentences processed: 402340
[2023-08-24 15:17:23,610 INFO] Average bsz:  512/ 699/ 8
[2023-08-24 15:17:23,610 INFO] Validation perplexity: 22.988
[2023-08-24 15:17:23,610 INFO] Validation accuracy: 65.4521
[2023-08-24 15:17:23,701 INFO] Saving checkpoint /data2/cmdir/home/nhanvt/data_NLLB/nllb_opennmt/training/vi-th/nllb-200-3.3B.onmt_step_12000.pt
[2023-08-24 15:19:39,380 INFO] Step 12100/200000; acc: 67.0; ppl:  22.3; xent: 3.1; lr: 0.00040; sents:    6568; bsz:  502/ 684/ 8; 1771/2413 tok/s;  16258 sec;
[2023-08-24 15:21:28,132 INFO] Step 12200/200000; acc: 67.5; ppl:  21.8; xent: 3.1; lr: 0.00040; sents:    6760; bsz:  513/ 700/ 8; 3775/5152 tok/s;  16367 sec;
[2023-08-24 15:23:16,583 INFO] Step 12300/200000; acc: 67.3; ppl:  22.0; xent: 3.1; lr: 0.00040; sents:    6840; bsz:  518/ 706/ 9; 3818/5205 tok/s;  16476 sec;
[2023-08-24 15:25:05,889 INFO] Step 12400/200000; acc: 67.3; ppl:  21.9; xent: 3.1; lr: 0.00040; sents:    6696; bsz:  528/ 725/ 8; 3861/5307 tok/s;  16585 sec;
[2023-08-24 15:26:53,062 INFO] Step 12500/200000; acc: 67.3; ppl:  21.9; xent: 3.1; lr: 0.00040; sents:    6592; bsz:  495/ 675/ 8; 3695/5036 tok/s;  16692 sec;
[2023-08-24 15:28:24,207 INFO] valid stats calculation
                           took: 91.14023041725159 s.
[2023-08-24 15:28:24,214 INFO] Train perplexity: 23.0264
[2023-08-24 15:28:24,214 INFO] Train accuracy: 66.4867
[2023-08-24 15:28:24,214 INFO] Sentences processed: 419060
[2023-08-24 15:28:24,214 INFO] Average bsz:  512/ 699/ 8
[2023-08-24 15:28:24,214 INFO] Validation perplexity: 22.98
[2023-08-24 15:28:24,214 INFO] Validation accuracy: 65.4412
[2023-08-24 15:28:24,306 INFO] Saving checkpoint /data2/cmdir/home/nhanvt/data_NLLB/nllb_opennmt/training/vi-th/nllb-200-3.3B.onmt_step_12500.pt
[2023-08-24 15:30:40,140 INFO] Step 12600/200000; acc: 67.2; ppl:  22.1; xent: 3.1; lr: 0.00039; sents:    6760; bsz:  505/ 689/ 8; 1779/2426 tok/s;  16919 sec;
[2023-08-24 15:32:28,567 INFO] Step 12700/200000; acc: 67.6; ppl:  21.6; xent: 3.1; lr: 0.00039; sents:    6672; bsz:  514/ 702/ 8; 3795/5182 tok/s;  17028 sec;
[2023-08-24 15:34:15,794 INFO] Step 12800/200000; acc: 67.6; ppl:  21.7; xent: 3.1; lr: 0.00039; sents:    6904; bsz:  510/ 698/ 9; 3807/5209 tok/s;  17135 sec;
[2023-08-24 15:36:03,638 INFO] Step 12900/200000; acc: 67.4; ppl:  21.8; xent: 3.1; lr: 0.00039; sents:    6584; bsz:  513/ 702/ 8; 3805/5205 tok/s;  17243 sec;
[2023-08-24 15:37:51,708 INFO] Step 13000/200000; acc: 67.1; ppl:  22.2; xent: 3.1; lr: 0.00039; sents:    6905; bsz:  493/ 671/ 9; 3649/4965 tok/s;  17351 sec;
[2023-08-24 15:39:24,437 INFO] valid stats calculation
                           took: 92.724360704422 s.
[2023-08-24 15:39:24,445 INFO] Train perplexity: 22.9861
[2023-08-24 15:39:24,445 INFO] Train accuracy: 66.5159
[2023-08-24 15:39:24,445 INFO] Sentences processed: 436021
[2023-08-24 15:39:24,445 INFO] Average bsz:  511/ 699/ 8
[2023-08-24 15:39:24,445 INFO] Validation perplexity: 22.9805
[2023-08-24 15:39:24,446 INFO] Validation accuracy: 65.4422
[2023-08-24 15:39:24,537 INFO] Saving checkpoint /data2/cmdir/home/nhanvt/data_NLLB/nllb_opennmt/training/vi-th/nllb-200-3.3B.onmt_step_13000.pt
[2023-08-24 15:41:42,977 INFO] Step 13100/200000; acc: 67.2; ppl:  22.1; xent: 3.1; lr: 0.00039; sents:    6672; bsz:  511/ 697/ 8; 1769/2409 tok/s;  17582 sec;
[2023-08-24 15:43:31,753 INFO] Step 13200/200000; acc: 67.4; ppl:  21.8; xent: 3.1; lr: 0.00038; sents:    6856; bsz:  527/ 722/ 9; 3878/5307 tok/s;  17691 sec;
[2023-08-24 15:45:18,443 INFO] Step 13300/200000; acc: 67.0; ppl:  22.2; xent: 3.1; lr: 0.00038; sents:    6776; bsz:  502/ 683/ 8; 3767/5123 tok/s;  17797 sec;
[2023-08-24 15:47:05,613 INFO] Step 13400/200000; acc: 67.4; ppl:  21.7; xent: 3.1; lr: 0.00038; sents:    6776; bsz:  505/ 686/ 8; 3769/5122 tok/s;  17905 sec;
[2023-08-24 15:48:54,231 INFO] Step 13500/200000; acc: 67.6; ppl:  21.6; xent: 3.1; lr: 0.00038; sents:    6504; bsz:  527/ 721/ 8; 3881/5310 tok/s;  18013 sec;
[2023-08-24 15:50:26,771 INFO] valid stats calculation
                           took: 92.53530311584473 s.
[2023-08-24 15:50:26,779 INFO] Train perplexity: 22.9467
[2023-08-24 15:50:26,779 INFO] Train accuracy: 66.5446
[2023-08-24 15:50:26,779 INFO] Sentences processed: 452773
[2023-08-24 15:50:26,779 INFO] Average bsz:  511/ 699/ 8
[2023-08-24 15:50:26,779 INFO] Validation perplexity: 22.9784
[2023-08-24 15:50:26,779 INFO] Validation accuracy: 65.4468
[2023-08-24 15:50:26,873 INFO] Saving checkpoint /data2/cmdir/home/nhanvt/data_NLLB/nllb_opennmt/training/vi-th/nllb-200-3.3B.onmt_step_13500.pt
[2023-08-24 15:52:42,705 INFO] Step 13600/200000; acc: 67.2; ppl:  22.1; xent: 3.1; lr: 0.00038; sents:    6616; bsz:  519/ 704/ 8; 1818/2465 tok/s;  18242 sec;
[2023-08-24 15:54:30,527 INFO] Step 13700/200000; acc: 67.4; ppl:  21.8; xent: 3.1; lr: 0.00038; sents:    6680; bsz:  499/ 682/ 8; 3703/5063 tok/s;  18350 sec;
[2023-08-24 15:56:18,666 INFO] Step 13800/200000; acc: 67.5; ppl:  21.8; xent: 3.1; lr: 0.00038; sents:    6640; bsz:  505/ 687/ 8; 3736/5083 tok/s;  18458 sec;
[2023-08-24 15:58:06,501 INFO] Step 13900/200000; acc: 67.4; ppl:  21.9; xent: 3.1; lr: 0.00037; sents:    6648; bsz:  503/ 686/ 8; 3734/5091 tok/s;  18566 sec;
[2023-08-24 15:59:55,110 INFO] Step 14000/200000; acc: 67.4; ppl:  21.8; xent: 3.1; lr: 0.00037; sents:    6704; bsz:  519/ 709/ 8; 3822/5224 tok/s;  18674 sec;
[2023-08-24 16:01:26,854 INFO] valid stats calculation
                           took: 91.73932337760925 s.
[2023-08-24 16:01:26,862 INFO] Train perplexity: 22.9112
[2023-08-24 16:01:26,862 INFO] Train accuracy: 66.5702
[2023-08-24 16:01:26,862 INFO] Sentences processed: 469421
[2023-08-24 16:01:26,862 INFO] Average bsz:  511/ 699/ 8
[2023-08-24 16:01:26,862 INFO] Validation perplexity: 22.9788
[2023-08-24 16:01:26,862 INFO] Validation accuracy: 65.4383
[2023-08-24 16:01:26,955 INFO] Saving checkpoint /data2/cmdir/home/nhanvt/data_NLLB/nllb_opennmt/training/vi-th/nllb-200-3.3B.onmt_step_14000.pt
[2023-08-24 16:03:41,857 INFO] Step 14100/200000; acc: 67.2; ppl:  22.1; xent: 3.1; lr: 0.00037; sents:    6688; bsz:  499/ 679/ 8; 1760/2396 tok/s;  18901 sec;
[2023-08-24 16:05:29,695 INFO] Step 14200/200000; acc: 67.4; ppl:  21.8; xent: 3.1; lr: 0.00037; sents:    6592; bsz:  514/ 702/ 8; 3814/5211 tok/s;  19009 sec;
[2023-08-24 16:07:17,755 INFO] Step 14300/200000; acc: 67.5; ppl:  21.8; xent: 3.1; lr: 0.00037; sents:    6672; bsz:  517/ 710/ 8; 3828/5258 tok/s;  19117 sec;
[2023-08-24 16:09:05,455 INFO] Step 14400/200000; acc: 67.3; ppl:  21.8; xent: 3.1; lr: 0.00037; sents:    6648; bsz:  510/ 695/ 8; 3787/5166 tok/s;  19224 sec;
[2023-08-24 16:10:53,429 INFO] Step 14500/200000; acc: 67.3; ppl:  21.9; xent: 3.1; lr: 0.00037; sents:    6760; bsz:  514/ 705/ 8; 3810/5226 tok/s;  19332 sec;
[2023-08-24 16:12:24,472 INFO] valid stats calculation
                           took: 91.03912997245789 s.
[2023-08-24 16:12:24,479 INFO] Train perplexity: 22.8785
[2023-08-24 16:12:24,480 INFO] Train accuracy: 66.5947
[2023-08-24 16:12:24,480 INFO] Sentences processed: 486101
[2023-08-24 16:12:24,480 INFO] Average bsz:  511/ 699/ 8
[2023-08-24 16:12:24,480 INFO] Validation perplexity: 22.9807
[2023-08-24 16:12:24,480 INFO] Validation accuracy: 65.4363
[2023-08-24 16:12:24,572 INFO] Saving checkpoint /data2/cmdir/home/nhanvt/data_NLLB/nllb_opennmt/training/vi-th/nllb-200-3.3B.onmt_step_14500.pt
[2023-08-24 16:14:47,556 INFO] Step 14600/200000; acc: 67.4; ppl:  21.9; xent: 3.1; lr: 0.00037; sents:    6808; bsz:  521/ 715/ 9; 1779/2443 tok/s;  19567 sec;
[2023-08-24 16:16:37,139 INFO] Step 14700/200000; acc: 67.4; ppl:  21.8; xent: 3.1; lr: 0.00036; sents:    6656; bsz:  534/ 734/ 8; 3896/5359 tok/s;  19676 sec;
[2023-08-24 16:18:25,030 INFO] Step 14800/200000; acc: 67.7; ppl:  21.5; xent: 3.1; lr: 0.00036; sents:    6752; bsz:  523/ 714/ 8; 3878/5296 tok/s;  19784 sec;
[2023-08-24 16:20:11,732 INFO] Step 14900/200000; acc: 67.2; ppl:  22.1; xent: 3.1; lr: 0.00036; sents:    6816; bsz:  501/ 680/ 9; 3760/5100 tok/s;  19891 sec;
[2023-08-24 16:22:00,112 INFO] Step 15000/200000; acc: 67.5; ppl:  21.7; xent: 3.1; lr: 0.00036; sents:    6632; bsz:  520/ 714/ 8; 3838/5272 tok/s;  19999 sec;
[2023-08-24 16:23:32,317 INFO] valid stats calculation
                           took: 92.20073366165161 s.
[2023-08-24 16:23:32,325 INFO] Train perplexity: 22.8427
[2023-08-24 16:23:32,325 INFO] Train accuracy: 66.622
[2023-08-24 16:23:32,325 INFO] Sentences processed: 502933
[2023-08-24 16:23:32,325 INFO] Average bsz:  512/ 699/ 8
[2023-08-24 16:23:32,325 INFO] Validation perplexity: 22.9815
[2023-08-24 16:23:32,326 INFO] Validation accuracy: 65.4381
[2023-08-24 16:23:32,420 INFO] Saving checkpoint /data2/cmdir/home/nhanvt/data_NLLB/nllb_opennmt/training/vi-th/nllb-200-3.3B.onmt_step_15000.pt
[2023-08-24 16:24:03,574 INFO] Updated dropout/attn dropout to 0.100000 0.100000 at step 15001
[2023-08-24 16:25:52,991 INFO] Step 15100/200000; acc: 67.8; ppl:  21.5; xent: 3.1; lr: 0.00036; sents:    6560; bsz:  521/ 718/ 8; 1791/2467 tok/s;  20232 sec;
[2023-08-24 16:27:39,677 INFO] Step 15200/200000; acc: 67.0; ppl:  22.2; xent: 3.1; lr: 0.00036; sents:    6760; bsz:  498/ 674/ 8; 3736/5057 tok/s;  20339 sec;
[2023-08-24 16:29:27,768 INFO] Step 15300/200000; acc: 67.2; ppl:  22.0; xent: 3.1; lr: 0.00036; sents:    6800; bsz:  507/ 690/ 8; 3751/5109 tok/s;  20447 sec;
[2023-08-24 16:31:16,437 INFO] Step 15400/200000; acc: 67.4; ppl:  21.8; xent: 3.1; lr: 0.00036; sents:    6648; bsz:  509/ 696/ 8; 3747/5126 tok/s;  20555 sec;
[2023-08-24 16:33:06,612 INFO] Step 15500/200000; acc: 67.8; ppl:  21.5; xent: 3.1; lr: 0.00035; sents:    6568; bsz:  535/ 734/ 8; 3882/5330 tok/s;  20666 sec;
[2023-08-24 16:34:38,574 INFO] valid stats calculation
                           took: 91.95794320106506 s.
[2023-08-24 16:34:38,581 INFO] Train perplexity: 22.8095
[2023-08-24 16:34:38,581 INFO] Train accuracy: 66.6465
[2023-08-24 16:34:38,582 INFO] Sentences processed: 519605
[2023-08-24 16:34:38,582 INFO] Average bsz:  512/ 699/ 8
[2023-08-24 16:34:38,582 INFO] Validation perplexity: 22.9848
[2023-08-24 16:34:38,582 INFO] Validation accuracy: 65.4369
[2023-08-24 16:34:38,677 INFO] Saving checkpoint /data2/cmdir/home/nhanvt/data_NLLB/nllb_opennmt/training/vi-th/nllb-200-3.3B.onmt_step_15500.pt
[2023-08-24 16:36:58,330 INFO] Step 15600/200000; acc: 67.2; ppl:  22.0; xent: 3.1; lr: 0.00035; sents:    6912; bsz:  516/ 704/ 9; 1783/2431 tok/s;  20897 sec;
[2023-08-24 16:38:46,834 INFO] Step 15700/200000; acc: 67.5; ppl:  21.8; xent: 3.1; lr: 0.00035; sents:    6936; bsz:  514/ 701/ 9; 3790/5167 tok/s;  21006 sec;
[2023-08-24 16:40:36,016 INFO] Step 15800/200000; acc: 68.0; ppl:  21.2; xent: 3.1; lr: 0.00035; sents:    6552; bsz:  522/ 718/ 8; 3825/5261 tok/s;  21115 sec;
[2023-08-24 16:42:23,807 INFO] Step 15900/200000; acc: 67.5; ppl:  21.8; xent: 3.1; lr: 0.00035; sents:    6688; bsz:  513/ 701/ 8; 3808/5199 tok/s;  21223 sec;
[2023-08-24 16:44:11,997 INFO] Step 16000/200000; acc: 67.6; ppl:  21.7; xent: 3.1; lr: 0.00035; sents:    6664; bsz:  513/ 705/ 8; 3792/5212 tok/s;  21331 sec;
[2023-08-24 16:45:44,086 INFO] valid stats calculation
                           took: 92.0845742225647 s.
[2023-08-24 16:45:44,094 INFO] Train perplexity: 22.7756
[2023-08-24 16:45:44,094 INFO] Train accuracy: 66.6741
[2023-08-24 16:45:44,094 INFO] Sentences processed: 536477
[2023-08-24 16:45:44,094 INFO] Average bsz:  512/ 699/ 8
[2023-08-24 16:45:44,094 INFO] Validation perplexity: 22.982
[2023-08-24 16:45:44,094 INFO] Validation accuracy: 65.4422
[2023-08-24 16:45:44,188 INFO] Saving checkpoint /data2/cmdir/home/nhanvt/data_NLLB/nllb_opennmt/training/vi-th/nllb-200-3.3B.onmt_step_16000.pt
[2023-08-24 16:48:04,289 INFO] Step 16100/200000; acc: 67.4; ppl:  21.7; xent: 3.1; lr: 0.00035; sents:    6664; bsz:  507/ 692/ 8; 1745/2384 tok/s;  21563 sec;
[2023-08-24 16:49:51,554 INFO] Step 16200/200000; acc: 67.2; ppl:  22.0; xent: 3.1; lr: 0.00035; sents:    6784; bsz:  499/ 679/ 8; 3725/5067 tok/s;  21671 sec;
[2023-08-24 16:51:40,167 INFO] Step 16300/200000; acc: 67.5; ppl:  21.8; xent: 3.1; lr: 0.00035; sents:    6816; bsz:  535/ 728/ 9; 3938/5366 tok/s;  21779 sec;
[2023-08-24 16:53:27,240 INFO] Step 16400/200000; acc: 67.5; ppl:  21.8; xent: 3.1; lr: 0.00035; sents:    6832; bsz:  504/ 684/ 9; 3763/5113 tok/s;  21886 sec;
[2023-08-24 16:55:14,524 INFO] Step 16500/200000; acc: 67.4; ppl:  21.7; xent: 3.1; lr: 0.00034; sents:    6632; bsz:  503/ 684/ 8; 3752/5101 tok/s;  21994 sec;
[2023-08-24 16:56:46,133 INFO] valid stats calculation
                           took: 91.60421705245972 s.
[2023-08-24 16:56:46,140 INFO] Train perplexity: 22.7455
[2023-08-24 16:56:46,140 INFO] Train accuracy: 66.6958
[2023-08-24 16:56:46,140 INFO] Sentences processed: 553349
[2023-08-24 16:56:46,140 INFO] Average bsz:  512/ 699/ 8
[2023-08-24 16:56:46,140 INFO] Validation perplexity: 22.9801
[2023-08-24 16:56:46,140 INFO] Validation accuracy: 65.4437
[2023-08-24 16:56:46,231 INFO] Saving checkpoint /data2/cmdir/home/nhanvt/data_NLLB/nllb_opennmt/training/vi-th/nllb-200-3.3B.onmt_step_16500.pt
[2023-08-24 16:59:04,848 INFO] Step 16600/200000; acc: 67.7; ppl:  21.5; xent: 3.1; lr: 0.00034; sents:    6704; bsz:  517/ 706/ 8; 1796/2452 tok/s;  22224 sec;
[2023-08-24 17:00:52,409 INFO] Step 16700/200000; acc: 67.2; ppl:  22.0; xent: 3.1; lr: 0.00034; sents:    6792; bsz:  503/ 685/ 8; 3740/5095 tok/s;  22331 sec;
[2023-08-24 17:02:41,512 INFO] Step 16800/200000; acc: 67.6; ppl:  21.7; xent: 3.1; lr: 0.00034; sents:    6808; bsz:  530/ 727/ 9; 3884/5334 tok/s;  22441 sec;
[2023-08-24 17:04:30,096 INFO] Step 16900/200000; acc: 67.6; ppl:  21.6; xent: 3.1; lr: 0.00034; sents:    6696; bsz:  528/ 723/ 8; 3888/5326 tok/s;  22549 sec;
[2023-08-24 17:06:17,942 INFO] Step 17000/200000; acc: 67.5; ppl:  21.6; xent: 3.1; lr: 0.00034; sents:    6728; bsz:  505/ 691/ 8; 3749/5129 tok/s;  22657 sec;
[2023-08-24 17:07:49,393 INFO] valid stats calculation
                           took: 91.44533205032349 s.
[2023-08-24 17:07:49,401 INFO] Train perplexity: 22.7177
[2023-08-24 17:07:49,401 INFO] Train accuracy: 66.7165
[2023-08-24 17:07:49,401 INFO] Sentences processed: 570213
[2023-08-24 17:07:49,401 INFO] Average bsz:  512/ 699/ 8
[2023-08-24 17:07:49,401 INFO] Validation perplexity: 22.9861
[2023-08-24 17:07:49,401 INFO] Validation accuracy: 65.456
[2023-08-24 17:07:49,496 INFO] Saving checkpoint /data2/cmdir/home/nhanvt/data_NLLB/nllb_opennmt/training/vi-th/nllb-200-3.3B.onmt_step_17000.pt
[2023-08-24 17:10:06,547 INFO] Step 17100/200000; acc: 67.7; ppl:  21.4; xent: 3.1; lr: 0.00034; sents:    6552; bsz:  515/ 706/ 8; 1803/2469 tok/s;  22886 sec;
[2023-08-24 17:11:53,305 INFO] Step 17200/200000; acc: 67.0; ppl:  22.3; xent: 3.1; lr: 0.00034; sents:    6712; bsz:  505/ 684/ 8; 3782/5124 tok/s;  22992 sec;
[2023-08-24 17:13:41,891 INFO] Step 17300/200000; acc: 67.9; ppl:  21.4; xent: 3.1; lr: 0.00034; sents:    6688; bsz:  518/ 712/ 8; 3820/5249 tok/s;  23101 sec;
[2023-08-24 17:15:29,185 INFO] Step 17400/200000; acc: 67.7; ppl:  21.4; xent: 3.1; lr: 0.00034; sents:    6680; bsz:  515/ 701/ 8; 3840/5226 tok/s;  23208 sec;
[2023-08-24 17:17:16,944 INFO] Step 17500/200000; acc: 67.6; ppl:  21.5; xent: 3.1; lr: 0.00033; sents:    6824; bsz:  515/ 700/ 9; 3826/5198 tok/s;  23316 sec;
[2023-08-24 17:18:48,947 INFO] valid stats calculation
                           took: 91.99858617782593 s.
[2023-08-24 17:18:48,954 INFO] Train perplexity: 22.6865
[2023-08-24 17:18:48,954 INFO] Train accuracy: 66.7398
[2023-08-24 17:18:48,954 INFO] Sentences processed: 586925
[2023-08-24 17:18:48,954 INFO] Average bsz:  512/ 699/ 8
[2023-08-24 17:18:48,954 INFO] Validation perplexity: 22.9894
[2023-08-24 17:18:48,954 INFO] Validation accuracy: 65.4344
[2023-08-24 17:18:49,047 INFO] Saving checkpoint /data2/cmdir/home/nhanvt/data_NLLB/nllb_opennmt/training/vi-th/nllb-200-3.3B.onmt_step_17500.pt
[2023-08-24 17:21:12,098 INFO] Step 17600/200000; acc: 67.6; ppl:  21.6; xent: 3.1; lr: 0.00033; sents:    6872; bsz:  503/ 685/ 9; 1713/2330 tok/s;  23551 sec;
[2023-08-24 17:22:59,535 INFO] Step 17700/200000; acc: 67.4; ppl:  21.8; xent: 3.1; lr: 0.00033; sents:    6776; bsz:  507/ 691/ 8; 3773/5144 tok/s;  23659 sec;
[2023-08-24 17:24:47,354 INFO] Step 17800/200000; acc: 67.7; ppl:  21.6; xent: 3.1; lr: 0.00033; sents:    6768; bsz:  516/ 707/ 8; 3829/5244 tok/s;  23766 sec;
[2023-08-24 17:26:33,834 INFO] Step 17900/200000; acc: 67.2; ppl:  22.0; xent: 3.1; lr: 0.00033; sents:    6544; bsz:  508/ 690/ 8; 3814/5184 tok/s;  23873 sec;
[2023-08-24 17:28:21,536 INFO] Step 18000/200000; acc: 67.5; ppl:  21.7; xent: 3.1; lr: 0.00033; sents:    6728; bsz:  505/ 687/ 8; 3752/5102 tok/s;  23981 sec;
[2023-08-24 17:29:53,622 INFO] valid stats calculation
                           took: 92.08126068115234 s.
[2023-08-24 17:29:53,630 INFO] Train perplexity: 22.6596
[2023-08-24 17:29:53,630 INFO] Train accuracy: 66.7597
[2023-08-24 17:29:53,630 INFO] Sentences processed: 603781
[2023-08-24 17:29:53,630 INFO] Average bsz:  512/ 699/ 8
[2023-08-24 17:29:53,630 INFO] Validation perplexity: 22.9905
[2023-08-24 17:29:53,630 INFO] Validation accuracy: 65.4258
[2023-08-24 17:29:53,723 INFO] Saving checkpoint /data2/cmdir/home/nhanvt/data_NLLB/nllb_opennmt/training/vi-th/nllb-200-3.3B.onmt_step_18000.pt
[2023-08-24 17:32:11,229 INFO] Step 18100/200000; acc: 67.4; ppl:  21.7; xent: 3.1; lr: 0.00033; sents:    6632; bsz:  501/ 682/ 8; 1745/2376 tok/s;  24210 sec;
[2023-08-24 17:34:00,047 INFO] Step 18200/200000; acc: 67.7; ppl:  21.6; xent: 3.1; lr: 0.00033; sents:    6720; bsz:  532/ 729/ 8; 3909/5363 tok/s;  24319 sec;
[2023-08-24 17:35:46,833 INFO] Step 18300/200000; acc: 67.3; ppl:  22.0; xent: 3.1; lr: 0.00033; sents:    6608; bsz:  492/ 669/ 8; 3685/5009 tok/s;  24426 sec;
[2023-08-24 17:37:33,299 INFO] Step 18400/200000; acc: 67.4; ppl:  21.8; xent: 3.1; lr: 0.00033; sents:    6824; bsz:  498/ 674/ 9; 3744/5065 tok/s;  24532 sec;
[2023-08-24 17:39:21,905 INFO] Step 18500/200000; acc: 67.5; ppl:  21.7; xent: 3.1; lr: 0.00032; sents:    6624; bsz:  534/ 732/ 8; 3933/5389 tok/s;  24641 sec;
[2023-08-24 17:40:52,719 INFO] valid stats calculation
                           took: 90.80969190597534 s.
[2023-08-24 17:40:52,726 INFO] Train perplexity: 22.636
[2023-08-24 17:40:52,726 INFO] Train accuracy: 66.7781
[2023-08-24 17:40:52,726 INFO] Sentences processed: 620485
[2023-08-24 17:40:52,726 INFO] Average bsz:  512/ 699/ 8
[2023-08-24 17:40:52,726 INFO] Validation perplexity: 22.9913
[2023-08-24 17:40:52,726 INFO] Validation accuracy: 65.4169
[2023-08-24 17:40:52,818 INFO] Saving checkpoint /data2/cmdir/home/nhanvt/data_NLLB/nllb_opennmt/training/vi-th/nllb-200-3.3B.onmt_step_18500.pt
[2023-08-24 17:43:13,671 INFO] Step 18600/200000; acc: 67.6; ppl:  21.6; xent: 3.1; lr: 0.00032; sents:    6722; bsz:  504/ 686/ 8; 1741/2367 tok/s;  24873 sec;
[2023-08-24 17:45:01,118 INFO] Step 18700/200000; acc: 67.4; ppl:  21.7; xent: 3.1; lr: 0.00032; sents:    6872; bsz:  516/ 704/ 9; 3838/5240 tok/s;  24980 sec;
[2023-08-24 17:46:46,952 INFO] Step 18800/200000; acc: 67.1; ppl:  22.1; xent: 3.1; lr: 0.00032; sents:    6816; bsz:  501/ 678/ 9; 3787/5127 tok/s;  25086 sec;
[2023-08-24 17:48:34,836 INFO] Step 18900/200000; acc: 67.6; ppl:  21.5; xent: 3.1; lr: 0.00032; sents:    6800; bsz:  524/ 716/ 8; 3887/5313 tok/s;  25194 sec;
[2023-08-24 17:50:20,737 INFO] Step 19000/200000; acc: 67.5; ppl:  21.7; xent: 3.1; lr: 0.00032; sents:    6808; bsz:  502/ 679/ 9; 3792/5132 tok/s;  25300 sec;
[2023-08-24 17:51:52,709 INFO] valid stats calculation
                           took: 91.96745491027832 s.
[2023-08-24 17:51:52,717 INFO] Train perplexity: 22.6135
[2023-08-24 17:51:52,717 INFO] Train accuracy: 66.7935
[2023-08-24 17:51:52,717 INFO] Sentences processed: 637517
[2023-08-24 17:51:52,717 INFO] Average bsz:  512/ 699/ 8
[2023-08-24 17:51:52,717 INFO] Validation perplexity: 22.989
[2023-08-24 17:51:52,717 INFO] Validation accuracy: 65.4069
[2023-08-24 17:51:52,813 INFO] Saving checkpoint /data2/cmdir/home/nhanvt/data_NLLB/nllb_opennmt/training/vi-th/nllb-200-3.3B.onmt_step_19000.pt
[2023-08-24 17:54:18,534 INFO] Step 19100/200000; acc: 67.6; ppl:  21.6; xent: 3.1; lr: 0.00032; sents:    6840; bsz:  508/ 694/ 9; 1709/2334 tok/s;  25538 sec;
[2023-08-24 17:56:06,836 INFO] Step 19200/200000; acc: 67.5; ppl:  21.7; xent: 3.1; lr: 0.00032; sents:    6760; bsz:  514/ 705/ 8; 3799/5209 tok/s;  25646 sec;
[2023-08-24 17:57:53,731 INFO] Step 19300/200000; acc: 67.6; ppl:  21.7; xent: 3.1; lr: 0.00032; sents:    6544; bsz:  500/ 681/ 8; 3744/5097 tok/s;  25753 sec;
[2023-08-24 17:59:41,039 INFO] Step 19400/200000; acc: 67.9; ppl:  21.3; xent: 3.1; lr: 0.00032; sents:    6616; bsz:  515/ 704/ 8; 3836/5249 tok/s;  25860 sec;
[2023-08-24 18:01:29,172 INFO] Step 19500/200000; acc: 67.9; ppl:  21.3; xent: 3.1; lr: 0.00032; sents:    6464; bsz:  526/ 725/ 8; 3890/5366 tok/s;  25968 sec;
[2023-08-24 18:03:01,187 INFO] valid stats calculation
                           took: 92.01120185852051 s.
[2023-08-24 18:03:01,194 INFO] Train perplexity: 22.583
[2023-08-24 18:03:01,194 INFO] Train accuracy: 66.8176
[2023-08-24 18:03:01,194 INFO] Sentences processed: 654125
[2023-08-24 18:03:01,194 INFO] Average bsz:  512/ 699/ 8
[2023-08-24 18:03:01,194 INFO] Validation perplexity: 22.9979
[2023-08-24 18:03:01,194 INFO] Validation accuracy: 65.384
[2023-08-24 18:03:01,287 INFO] Saving checkpoint /data2/cmdir/home/nhanvt/data_NLLB/nllb_opennmt/training/vi-th/nllb-200-3.3B.onmt_step_19500.pt
[2023-08-24 18:05:20,669 INFO] Step 19600/200000; acc: 67.9; ppl:  21.3; xent: 3.1; lr: 0.00032; sents:    6720; bsz:  505/ 688/ 8; 1744/2376 tok/s;  26200 sec;
[2023-08-24 18:07:06,523 INFO] Step 19700/200000; acc: 67.7; ppl:  21.5; xent: 3.1; lr: 0.00031; sents:    6776; bsz:  493/ 671/ 8; 3724/5070 tok/s;  26306 sec;
[2023-08-24 18:08:52,763 INFO] Step 19800/200000; acc: 67.5; ppl:  21.8; xent: 3.1; lr: 0.00031; sents:    6808; bsz:  499/ 678/ 9; 3755/5108 tok/s;  26412 sec;
[2023-08-24 18:10:39,019 INFO] Step 19900/200000; acc: 67.4; ppl:  21.7; xent: 3.1; lr: 0.00031; sents:    6984; bsz:  498/ 676/ 9; 3750/5086 tok/s;  26518 sec;
[2023-08-24 18:12:26,095 INFO] Step 20000/200000; acc: 67.7; ppl:  21.5; xent: 3.1; lr: 0.00031; sents:    6800; bsz:  502/ 684/ 8; 3752/5107 tok/s;  26625 sec;
[2023-08-24 18:13:57,170 INFO] valid stats calculation
                           took: 91.06982684135437 s.
[2023-08-24 18:13:57,177 INFO] Train perplexity: 22.562
[2023-08-24 18:13:57,177 INFO] Train accuracy: 66.8336
[2023-08-24 18:13:57,178 INFO] Sentences processed: 671181
[2023-08-24 18:13:57,178 INFO] Average bsz:  511/ 699/ 8
[2023-08-24 18:13:57,178 INFO] Validation perplexity: 22.9948
[2023-08-24 18:13:57,178 INFO] Validation accuracy: 65.3906
[2023-08-24 18:13:57,275 INFO] Saving checkpoint /data2/cmdir/home/nhanvt/data_NLLB/nllb_opennmt/training/vi-th/nllb-200-3.3B.onmt_step_20000.pt
[2023-08-24 18:16:16,522 INFO] Step 20100/200000; acc: 67.6; ppl:  21.7; xent: 3.1; lr: 0.00031; sents:    7024; bsz:  513/ 700/ 9; 1780/2430 tok/s;  26856 sec;
[2023-08-24 18:18:03,140 INFO] Step 20200/200000; acc: 67.3; ppl:  21.8; xent: 3.1; lr: 0.00031; sents:    6664; bsz:  501/ 681/ 8; 3758/5107 tok/s;  26962 sec;
[2023-08-24 18:19:50,042 INFO] Step 20300/200000; acc: 67.8; ppl:  21.4; xent: 3.1; lr: 0.00031; sents:    6712; bsz:  508/ 696/ 8; 3798/5207 tok/s;  27069 sec;
[2023-08-24 18:21:37,656 INFO] Step 20400/200000; acc: 67.6; ppl:  21.6; xent: 3.1; lr: 0.00031; sents:    6640; bsz:  520/ 712/ 8; 3867/5295 tok/s;  27177 sec;
[2023-08-24 18:23:25,200 INFO] Step 20500/200000; acc: 67.4; ppl:  21.7; xent: 3.1; lr: 0.00031; sents:    6696; bsz:  503/ 688/ 8; 3740/5119 tok/s;  27284 sec;
[2023-08-24 18:24:56,324 INFO] valid stats calculation
                           took: 91.11961770057678 s.
[2023-08-24 18:24:56,331 INFO] Train perplexity: 22.5411
[2023-08-24 18:24:56,331 INFO] Train accuracy: 66.8493
[2023-08-24 18:24:56,331 INFO] Sentences processed: 688037
[2023-08-24 18:24:56,331 INFO] Average bsz:  511/ 698/ 8
[2023-08-24 18:24:56,331 INFO] Validation perplexity: 23.0011
[2023-08-24 18:24:56,331 INFO] Validation accuracy: 65.3739
[2023-08-24 18:24:56,427 INFO] Saving checkpoint /data2/cmdir/home/nhanvt/data_NLLB/nllb_opennmt/training/vi-th/nllb-200-3.3B.onmt_step_20500.pt
[2023-08-24 18:27:19,291 INFO] Step 20600/200000; acc: 67.7; ppl:  21.5; xent: 3.1; lr: 0.00031; sents:    6736; bsz:  501/ 682/ 8; 1710/2330 tok/s;  27518 sec;
[2023-08-24 18:29:07,192 INFO] Step 20700/200000; acc: 67.9; ppl:  21.3; xent: 3.1; lr: 0.00031; sents:    6584; bsz:  521/ 713/ 8; 3865/5289 tok/s;  27626 sec;
[2023-08-24 18:30:54,985 INFO] Step 20800/200000; acc: 67.7; ppl:  21.6; xent: 3.1; lr: 0.00031; sents:    6584; bsz:  518/ 707/ 8; 3847/5246 tok/s;  27734 sec;
[2023-08-24 18:32:42,114 INFO] Step 20900/200000; acc: 67.7; ppl:  21.4; xent: 3.1; lr: 0.00031; sents:    6904; bsz:  500/ 680/ 9; 3736/5075 tok/s;  27841 sec;
[2023-08-24 18:34:30,319 INFO] Step 21000/200000; acc: 67.5; ppl:  21.7; xent: 3.1; lr: 0.00030; sents:    6622; bsz:  519/ 710/ 8; 3835/5251 tok/s;  27949 sec;
[2023-08-24 18:36:02,168 INFO] valid stats calculation
                           took: 91.84436202049255 s.
[2023-08-24 18:36:02,176 INFO] Train perplexity: 22.5174
[2023-08-24 18:36:02,176 INFO] Train accuracy: 66.8673
[2023-08-24 18:36:02,176 INFO] Sentences processed: 704750
[2023-08-24 18:36:02,176 INFO] Average bsz:  511/ 698/ 8
[2023-08-24 18:36:02,176 INFO] Validation perplexity: 23.0031
[2023-08-24 18:36:02,176 INFO] Validation accuracy: 65.3836
[2023-08-24 18:36:02,270 INFO] Saving checkpoint /data2/cmdir/home/nhanvt/data_NLLB/nllb_opennmt/training/vi-th/nllb-200-3.3B.onmt_step_21000.pt
[2023-08-24 18:38:26,095 INFO] Step 21100/200000; acc: 68.0; ppl:  21.3; xent: 3.1; lr: 0.00030; sents:    6504; bsz:  522/ 713/ 8; 1771/2419 tok/s;  28185 sec;
[2023-08-24 18:40:14,099 INFO] Step 21200/200000; acc: 67.9; ppl:  21.3; xent: 3.1; lr: 0.00030; sents:    6496; bsz:  509/ 695/ 8; 3768/5146 tok/s;  28293 sec;
[2023-08-24 18:42:01,865 INFO] Step 21300/200000; acc: 67.5; ppl:  21.6; xent: 3.1; lr: 0.00030; sents:    6624; bsz:  512/ 701/ 8; 3798/5203 tok/s;  28401 sec;
[2023-08-24 18:43:49,847 INFO] Step 21400/200000; acc: 67.9; ppl:  21.3; xent: 3.1; lr: 0.00030; sents:    6744; bsz:  514/ 700/ 8; 3806/5185 tok/s;  28509 sec;
[2023-08-24 18:45:38,103 INFO] Step 21500/200000; acc: 67.7; ppl:  21.5; xent: 3.1; lr: 0.00030; sents:    6628; bsz:  504/ 690/ 8; 3725/5096 tok/s;  28617 sec;
[2023-08-24 18:47:09,819 INFO] valid stats calculation
                           took: 91.71191477775574 s.
[2023-08-24 18:47:09,826 INFO] Train perplexity: 22.4926
[2023-08-24 18:47:09,826 INFO] Train accuracy: 66.8871
[2023-08-24 18:47:09,826 INFO] Sentences processed: 721242
[2023-08-24 18:47:09,826 INFO] Average bsz:  511/ 698/ 8
[2023-08-24 18:47:09,826 INFO] Validation perplexity: 23.0023
[2023-08-24 18:47:09,826 INFO] Validation accuracy: 65.3937
[2023-08-24 18:47:09,921 INFO] Saving checkpoint /data2/cmdir/home/nhanvt/data_NLLB/nllb_opennmt/training/vi-th/nllb-200-3.3B.onmt_step_21500.pt
[2023-08-24 18:49:28,735 INFO] Step 21600/200000; acc: 67.9; ppl:  21.2; xent: 3.1; lr: 0.00030; sents:    6528; bsz:  508/ 694/ 8; 1761/2409 tok/s;  28848 sec;
[2023-08-24 18:51:16,268 INFO] Step 21700/200000; acc: 67.9; ppl:  21.3; xent: 3.1; lr: 0.00030; sents:    6544; bsz:  505/ 690/ 8; 3756/5130 tok/s;  28955 sec;
[2023-08-24 18:53:02,750 INFO] Step 21800/200000; acc: 67.7; ppl:  21.4; xent: 3.1; lr: 0.00030; sents:    6800; bsz:  498/ 677/ 8; 3741/5086 tok/s;  29062 sec;
[2023-08-24 18:54:50,111 INFO] Step 21900/200000; acc: 67.5; ppl:  21.7; xent: 3.1; lr: 0.00030; sents:    6624; bsz:  499/ 680/ 8; 3717/5066 tok/s;  29169 sec;
[2023-08-24 18:56:36,936 INFO] Step 22000/200000; acc: 67.7; ppl:  21.5; xent: 3.1; lr: 0.00030; sents:    6544; bsz:  501/ 681/ 8; 3752/5101 tok/s;  29276 sec;
[2023-08-24 18:58:07,732 INFO] valid stats calculation
                           took: 90.79235219955444 s.
[2023-08-24 18:58:07,739 INFO] Train perplexity: 22.4651
[2023-08-24 18:58:07,739 INFO] Train accuracy: 66.9088
[2023-08-24 18:58:07,739 INFO] Sentences processed: 737770
[2023-08-24 18:58:07,739 INFO] Average bsz:  511/ 698/ 8
[2023-08-24 18:58:07,740 INFO] Validation perplexity: 23.0042
[2023-08-24 18:58:07,740 INFO] Validation accuracy: 65.3764
[2023-08-24 18:58:07,837 INFO] Saving checkpoint /data2/cmdir/home/nhanvt/data_NLLB/nllb_opennmt/training/vi-th/nllb-200-3.3B.onmt_step_22000.pt
[2023-08-24 19:00:27,144 INFO] Step 22100/200000; acc: 67.7; ppl:  21.5; xent: 3.1; lr: 0.00030; sents:    6720; bsz:  499/ 681/ 8; 1734/2365 tok/s;  29506 sec;
[2023-08-24 19:02:14,646 INFO] Step 22200/200000; acc: 68.0; ppl:  21.2; xent: 3.1; lr: 0.00030; sents:    6952; bsz:  514/ 701/ 9; 3823/5215 tok/s;  29614 sec;
[2023-08-24 19:04:01,069 INFO] Step 22300/200000; acc: 68.0; ppl:  21.1; xent: 3.0; lr: 0.00030; sents:    6776; bsz:  495/ 669/ 8; 3723/5026 tok/s;  29720 sec;
[2023-08-24 19:05:48,252 INFO] Step 22400/200000; acc: 67.8; ppl:  21.3; xent: 3.1; lr: 0.00030; sents:    6768; bsz:  503/ 687/ 8; 3754/5130 tok/s;  29827 sec;
[2023-08-24 19:07:35,236 INFO] Step 22500/200000; acc: 67.6; ppl:  21.6; xent: 3.1; lr: 0.00029; sents:    6688; bsz:  504/ 686/ 8; 3768/5130 tok/s;  29934 sec;
[2023-08-24 19:09:06,679 INFO] valid stats calculation
                           took: 91.43863010406494 s.
[2023-08-24 19:09:06,687 INFO] Train perplexity: 22.4413
[2023-08-24 19:09:06,687 INFO] Train accuracy: 66.9277
[2023-08-24 19:09:06,687 INFO] Sentences processed: 754762
[2023-08-24 19:09:06,687 INFO] Average bsz:  511/ 698/ 8
[2023-08-24 19:09:06,687 INFO] Validation perplexity: 23.0054
[2023-08-24 19:09:06,687 INFO] Validation accuracy: 65.3727
[2023-08-24 19:09:06,784 INFO] Saving checkpoint /data2/cmdir/home/nhanvt/data_NLLB/nllb_opennmt/training/vi-th/nllb-200-3.3B.onmt_step_22500.pt
[2023-08-24 19:11:27,238 INFO] Step 22600/200000; acc: 67.4; ppl:  21.8; xent: 3.1; lr: 0.00029; sents:    6680; bsz:  515/ 701/ 8; 1775/2419 tok/s;  30166 sec;
[2023-08-24 19:13:14,747 INFO] Step 22700/200000; acc: 67.6; ppl:  21.7; xent: 3.1; lr: 0.00029; sents:    6696; bsz:  511/ 698/ 8; 3805/5197 tok/s;  30274 sec;
[2023-08-24 19:15:02,773 INFO] Step 22800/200000; acc: 68.0; ppl:  21.2; xent: 3.1; lr: 0.00029; sents:    6688; bsz:  510/ 698/ 8; 3774/5167 tok/s;  30382 sec;
[2023-08-24 19:16:50,223 INFO] Step 22900/200000; acc: 67.9; ppl:  21.4; xent: 3.1; lr: 0.00029; sents:    6760; bsz:  507/ 693/ 8; 3774/5162 tok/s;  30489 sec;
[2023-08-24 19:18:37,033 INFO] Step 23000/200000; acc: 67.5; ppl:  21.6; xent: 3.1; lr: 0.00029; sents:    7000; bsz:  507/ 692/ 9; 3798/5180 tok/s;  30596 sec;
[2023-08-24 19:20:08,786 INFO] valid stats calculation
                           took: 91.74813747406006 s.
[2023-08-24 19:20:08,793 INFO] Train perplexity: 22.4277
[2023-08-24 19:20:08,793 INFO] Train accuracy: 66.938
[2023-08-24 19:20:08,793 INFO] Sentences processed: 771698
[2023-08-24 19:20:08,793 INFO] Average bsz:  511/ 697/ 8
[2023-08-24 19:20:08,793 INFO] Validation perplexity: 23.0126
[2023-08-24 19:20:08,794 INFO] Validation accuracy: 65.3651
[2023-08-24 19:20:08,889 INFO] Saving checkpoint /data2/cmdir/home/nhanvt/data_NLLB/nllb_opennmt/training/vi-th/nllb-200-3.3B.onmt_step_23000.pt
[2023-08-24 19:22:32,588 INFO] Step 23100/200000; acc: 68.0; ppl:  21.2; xent: 3.1; lr: 0.00029; sents:    6616; bsz:  523/ 720/ 8; 1777/2446 tok/s;  30832 sec;
[2023-08-24 19:24:19,884 INFO] Step 23200/200000; acc: 67.8; ppl:  21.4; xent: 3.1; lr: 0.00029; sents:    6592; bsz:  511/ 698/ 8; 3809/5206 tok/s;  30939 sec;
[2023-08-24 19:26:07,600 INFO] Step 23300/200000; acc: 67.6; ppl:  21.6; xent: 3.1; lr: 0.00029; sents:    6512; bsz:  518/ 710/ 8; 3846/5276 tok/s;  31047 sec;
[2023-08-24 19:27:55,893 INFO] Step 23400/200000; acc: 67.9; ppl:  21.3; xent: 3.1; lr: 0.00029; sents:    6568; bsz:  521/ 711/ 8; 3847/5255 tok/s;  31155 sec;
[2023-08-24 19:29:43,617 INFO] Step 23500/200000; acc: 67.8; ppl:  21.3; xent: 3.1; lr: 0.00029; sents:    6728; bsz:  519/ 708/ 8; 3856/5259 tok/s;  31263 sec;
[2023-08-24 19:31:15,182 INFO] valid stats calculation
                           took: 91.56006741523743 s.
[2023-08-24 19:31:15,189 INFO] Train perplexity: 22.4058
[2023-08-24 19:31:15,189 INFO] Train accuracy: 66.9556
[2023-08-24 19:31:15,189 INFO] Sentences processed: 788170
[2023-08-24 19:31:15,189 INFO] Average bsz:  511/ 698/ 8
[2023-08-24 19:31:15,189 INFO] Validation perplexity: 23.0145
[2023-08-24 19:31:15,189 INFO] Validation accuracy: 65.3778
[2023-08-24 19:31:15,282 INFO] Saving checkpoint /data2/cmdir/home/nhanvt/data_NLLB/nllb_opennmt/training/vi-th/nllb-200-3.3B.onmt_step_23500.pt
[2023-08-24 19:33:35,605 INFO] Step 23600/200000; acc: 67.7; ppl:  21.5; xent: 3.1; lr: 0.00029; sents:    6656; bsz:  530/ 725/ 8; 1827/2501 tok/s;  31495 sec;
[2023-08-24 19:35:24,741 INFO] Step 23700/200000; acc: 67.8; ppl:  21.4; xent: 3.1; lr: 0.00029; sents:    6536; bsz:  515/ 707/ 8; 3778/5179 tok/s;  31604 sec;
[2023-08-24 19:37:12,539 INFO] Step 23800/200000; acc: 67.7; ppl:  21.5; xent: 3.1; lr: 0.00029; sents:    6616; bsz:  506/ 695/ 8; 3759/5154 tok/s;  31712 sec;
[2023-08-24 19:39:00,674 INFO] Step 23900/200000; acc: 67.8; ppl:  21.4; xent: 3.1; lr: 0.00029; sents:    6816; bsz:  511/ 694/ 9; 3778/5135 tok/s;  31820 sec;
[2023-08-24 19:40:48,708 INFO] Step 24000/200000; acc: 67.4; ppl:  21.9; xent: 3.1; lr: 0.00029; sents:    6632; bsz:  501/ 681/ 8; 3711/5040 tok/s;  31928 sec;
[2023-08-24 19:42:19,998 INFO] valid stats calculation
                           took: 91.28558111190796 s.
[2023-08-24 19:42:20,006 INFO] Train perplexity: 22.3913
[2023-08-24 19:42:20,006 INFO] Train accuracy: 66.967
[2023-08-24 19:42:20,006 INFO] Sentences processed: 804794
[2023-08-24 19:42:20,006 INFO] Average bsz:  511/ 698/ 8
[2023-08-24 19:42:20,006 INFO] Validation perplexity: 23.0124
[2023-08-24 19:42:20,006 INFO] Validation accuracy: 65.3692
[2023-08-24 19:42:20,099 INFO] Saving checkpoint /data2/cmdir/home/nhanvt/data_NLLB/nllb_opennmt/training/vi-th/nllb-200-3.3B.onmt_step_24000.pt
[2023-08-24 19:44:38,820 INFO] Step 24100/200000; acc: 67.7; ppl:  21.4; xent: 3.1; lr: 0.00028; sents:    6832; bsz:  510/ 694/ 9; 1773/2412 tok/s;  32158 sec;
[2023-08-24 19:46:26,430 INFO] Step 24200/200000; acc: 67.8; ppl:  21.4; xent: 3.1; lr: 0.00028; sents:    6920; bsz:  505/ 688/ 9; 3757/5115 tok/s;  32265 sec;
[2023-08-24 19:48:14,788 INFO] Step 24300/200000; acc: 67.8; ppl:  21.4; xent: 3.1; lr: 0.00028; sents:    6664; bsz:  510/ 699/ 8; 3764/5163 tok/s;  32374 sec;
[2023-08-24 19:50:03,299 INFO] Step 24400/200000; acc: 67.8; ppl:  21.4; xent: 3.1; lr: 0.00028; sents:    6784; bsz:  525/ 716/ 8; 3873/5277 tok/s;  32482 sec;
[2023-08-24 19:51:51,615 INFO] Step 24500/200000; acc: 67.8; ppl:  21.3; xent: 3.1; lr: 0.00028; sents:    6808; bsz:  515/ 702/ 9; 3806/5186 tok/s;  32591 sec;
[2023-08-24 19:53:22,783 INFO] valid stats calculation
                           took: 91.1636438369751 s.
[2023-08-24 19:53:22,790 INFO] Train perplexity: 22.3705
[2023-08-24 19:53:22,790 INFO] Train accuracy: 66.9828
[2023-08-24 19:53:22,790 INFO] Sentences processed: 821794
[2023-08-24 19:53:22,790 INFO] Average bsz:  511/ 698/ 8
[2023-08-24 19:53:22,790 INFO] Validation perplexity: 23.0121
[2023-08-24 19:53:22,790 INFO] Validation accuracy: 65.356
[2023-08-24 19:53:22,887 INFO] Saving checkpoint /data2/cmdir/home/nhanvt/data_NLLB/nllb_opennmt/training/vi-th/nllb-200-3.3B.onmt_step_24500.pt
[2023-08-24 19:55:44,056 INFO] Step 24600/200000; acc: 67.9; ppl:  21.3; xent: 3.1; lr: 0.00028; sents:    6752; bsz:  530/ 726/ 8; 1825/2500 tok/s;  32823 sec;
[2023-08-24 19:57:30,921 INFO] Step 24700/200000; acc: 67.6; ppl:  21.5; xent: 3.1; lr: 0.00028; sents:    6696; bsz:  512/ 695/ 8; 3832/5201 tok/s;  32930 sec;
[2023-08-24 19:59:20,164 INFO] Step 24800/200000; acc: 68.0; ppl:  21.2; xent: 3.1; lr: 0.00028; sents:    6728; bsz:  533/ 734/ 8; 3905/5374 tok/s;  33039 sec;
[2023-08-24 20:01:07,375 INFO] Step 24900/200000; acc: 67.8; ppl:  21.3; xent: 3.1; lr: 0.00028; sents:    6752; bsz:  506/ 690/ 8; 3778/5149 tok/s;  33146 sec;
[2023-08-24 20:02:54,601 INFO] Step 25000/200000; acc: 67.9; ppl:  21.3; xent: 3.1; lr: 0.00028; sents:    6768; bsz:  507/ 690/ 8; 3784/5151 tok/s;  33254 sec;
[2023-08-24 20:04:26,052 INFO] valid stats calculation
                           took: 91.44727897644043 s.
[2023-08-24 20:04:26,060 INFO] Train perplexity: 22.3504
[2023-08-24 20:04:26,060 INFO] Train accuracy: 66.9991
[2023-08-24 20:04:26,060 INFO] Sentences processed: 838642
[2023-08-24 20:04:26,060 INFO] Average bsz:  511/ 698/ 8
[2023-08-24 20:04:26,060 INFO] Validation perplexity: 23.0149
[2023-08-24 20:04:26,060 INFO] Validation accuracy: 65.3392
[2023-08-24 20:04:26,154 INFO] Saving checkpoint /data2/cmdir/home/nhanvt/data_NLLB/nllb_opennmt/training/vi-th/nllb-200-3.3B.onmt_step_25000.pt
[2023-08-24 20:06:42,834 INFO] Step 25100/200000; acc: 67.7; ppl:  21.5; xent: 3.1; lr: 0.00028; sents:    6920; bsz:  502/ 682/ 9; 1760/2389 tok/s;  33482 sec;
[2023-08-24 20:08:31,826 INFO] Step 25200/200000; acc: 67.8; ppl:  21.4; xent: 3.1; lr: 0.00028; sents:    6656; bsz:  520/ 715/ 8; 3820/5252 tok/s;  33591 sec;
[2023-08-24 20:10:20,188 INFO] Step 25300/200000; acc: 67.9; ppl:  21.3; xent: 3.1; lr: 0.00028; sents:    6736; bsz:  509/ 694/ 8; 3756/5122 tok/s;  33699 sec;
[2023-08-24 20:12:07,402 INFO] Step 25400/200000; acc: 67.6; ppl:  21.6; xent: 3.1; lr: 0.00028; sents:    6856; bsz:  504/ 685/ 9; 3760/5110 tok/s;  33806 sec;
[2023-08-24 20:13:54,355 INFO] Step 25500/200000; acc: 67.6; ppl:  21.5; xent: 3.1; lr: 0.00028; sents:    6656; bsz:  500/ 682/ 8; 3742/5101 tok/s;  33913 sec;
[2023-08-24 20:15:26,449 INFO] valid stats calculation
                           took: 92.08914709091187 s.
[2023-08-24 20:15:26,455 INFO] Train perplexity: 22.3302
[2023-08-24 20:15:26,455 INFO] Train accuracy: 67.016
[2023-08-24 20:15:26,455 INFO] Sentences processed: 855586
[2023-08-24 20:15:26,455 INFO] Average bsz:  511/ 698/ 8
[2023-08-24 20:15:26,455 INFO] Validation perplexity: 23.0201
[2023-08-24 20:15:26,455 INFO] Validation accuracy: 65.3466
[2023-08-24 20:15:26,552 INFO] Saving checkpoint /data2/cmdir/home/nhanvt/data_NLLB/nllb_opennmt/training/vi-th/nllb-200-3.3B.onmt_step_25500.pt
[2023-08-24 20:17:44,032 INFO] Step 25600/200000; acc: 67.9; ppl:  21.3; xent: 3.1; lr: 0.00028; sents:    6592; bsz:  511/ 697/ 8; 1779/2427 tok/s;  34143 sec;
[2023-08-24 20:19:31,150 INFO] Step 25700/200000; acc: 67.9; ppl:  21.3; xent: 3.1; lr: 0.00028; sents:    6672; bsz:  505/ 687/ 8; 3773/5133 tok/s;  34250 sec;
[2023-08-24 20:21:18,689 INFO] Step 25800/200000; acc: 67.8; ppl:  21.3; xent: 3.1; lr: 0.00028; sents:    6728; bsz:  510/ 694/ 8; 3795/5161 tok/s;  34358 sec;
[2023-08-24 20:23:06,638 INFO] Step 25900/200000; acc: 68.0; ppl:  21.2; xent: 3.1; lr: 0.00027; sents:    6552; bsz:  518/ 708/ 8; 3836/5246 tok/s;  34466 sec;
[2023-08-24 20:24:54,895 INFO] Step 26000/200000; acc: 68.0; ppl:  21.2; xent: 3.1; lr: 0.00027; sents:    6608; bsz:  518/ 711/ 8; 3828/5252 tok/s;  34574 sec;
[2023-08-24 20:26:26,106 INFO] valid stats calculation
                           took: 91.20643830299377 s.
[2023-08-24 20:26:26,114 INFO] Train perplexity: 22.3101
[2023-08-24 20:26:26,114 INFO] Train accuracy: 67.0327
[2023-08-24 20:26:26,114 INFO] Sentences processed: 872146
[2023-08-24 20:26:26,114 INFO] Average bsz:  511/ 698/ 8
[2023-08-24 20:26:26,114 INFO] Validation perplexity: 23.0202
[2023-08-24 20:26:26,115 INFO] Validation accuracy: 65.34
[2023-08-24 20:26:26,206 INFO] Saving checkpoint /data2/cmdir/home/nhanvt/data_NLLB/nllb_opennmt/training/vi-th/nllb-200-3.3B.onmt_step_26000.pt
[2023-08-24 20:28:44,443 INFO] Step 26100/200000; acc: 68.0; ppl:  21.2; xent: 3.1; lr: 0.00027; sents:    6680; bsz:  527/ 723/ 8; 1838/2519 tok/s;  34803 sec;
[2023-08-24 20:30:32,835 INFO] Step 26200/200000; acc: 68.0; ppl:  21.2; xent: 3.1; lr: 0.00027; sents:    6696; bsz:  507/ 694/ 8; 3741/5121 tok/s;  34912 sec;
[2023-08-24 20:33:23,657 INFO] Step 26300/200000; acc: 67.6; ppl:  21.5; xent: 3.1; lr: 0.00027; sents:    6704; bsz:  506/ 691/ 8; 2371/3234 tok/s;  35083 sec;
[2023-08-24 20:35:20,408 INFO] Step 26400/200000; acc: 67.8; ppl:  21.3; xent: 3.1; lr: 0.00027; sents:    6656; bsz:  514/ 704/ 8; 3524/4822 tok/s;  35199 sec;
[2023-08-24 20:37:08,259 INFO] Step 26500/200000; acc: 67.5; ppl:  21.7; xent: 3.1; lr: 0.00027; sents:    6520; bsz:  506/ 689/ 8; 3752/5109 tok/s;  35307 sec;
[2023-08-24 20:38:39,996 INFO] valid stats calculation
                           took: 91.73226261138916 s.
[2023-08-24 20:38:40,003 INFO] Train perplexity: 22.2909
[2023-08-24 20:38:40,003 INFO] Train accuracy: 67.0473
[2023-08-24 20:38:40,003 INFO] Sentences processed: 888738
[2023-08-24 20:38:40,003 INFO] Average bsz:  511/ 698/ 8
[2023-08-24 20:38:40,003 INFO] Validation perplexity: 23.0188
[2023-08-24 20:38:40,003 INFO] Validation accuracy: 65.3359
[2023-08-24 20:38:40,096 INFO] Saving checkpoint /data2/cmdir/home/nhanvt/data_NLLB/nllb_opennmt/training/vi-th/nllb-200-3.3B.onmt_step_26500.pt
[2023-08-24 20:41:05,043 INFO] Step 26600/200000; acc: 67.8; ppl:  21.4; xent: 3.1; lr: 0.00027; sents:    6656; bsz:  504/ 688/ 8; 1702/2323 tok/s;  35544 sec;
[2023-08-24 20:42:52,886 INFO] Step 26700/200000; acc: 67.7; ppl:  21.5; xent: 3.1; lr: 0.00027; sents:    6872; bsz:  500/ 679/ 9; 3709/5040 tok/s;  35652 sec;
[2023-08-24 20:44:38,921 INFO] Step 26800/200000; acc: 67.5; ppl:  21.7; xent: 3.1; lr: 0.00027; sents:    6728; bsz:  487/ 663/ 8; 3673/5004 tok/s;  35758 sec;
[2023-08-24 20:46:26,215 INFO] Step 26900/200000; acc: 68.0; ppl:  21.2; xent: 3.1; lr: 0.00027; sents:    6744; bsz:  506/ 688/ 8; 3770/5128 tok/s;  35865 sec;
[2023-08-24 20:48:12,450 INFO] Step 27000/200000; acc: 67.4; ppl:  21.8; xent: 3.1; lr: 0.00027; sents:    6704; bsz:  498/ 674/ 8; 3750/5079 tok/s;  35971 sec;
[2023-08-24 20:49:43,739 INFO] valid stats calculation
                           took: 91.2853319644928 s.
[2023-08-24 20:49:43,747 INFO] Train perplexity: 22.2781
[2023-08-24 20:49:43,747 INFO] Train accuracy: 67.057
[2023-08-24 20:49:43,747 INFO] Sentences processed: 905594
[2023-08-24 20:49:43,747 INFO] Average bsz:  511/ 698/ 8
[2023-08-24 20:49:43,747 INFO] Validation perplexity: 23.0233
[2023-08-24 20:49:43,747 INFO] Validation accuracy: 65.3283
[2023-08-24 20:49:43,841 INFO] Saving checkpoint /data2/cmdir/home/nhanvt/data_NLLB/nllb_opennmt/training/vi-th/nllb-200-3.3B.onmt_step_27000.pt
[2023-08-24 20:52:00,599 INFO] Step 27100/200000; acc: 67.6; ppl:  21.7; xent: 3.1; lr: 0.00027; sents:    6704; bsz:  500/ 682/ 8; 1754/2392 tok/s;  36200 sec;
[2023-08-24 20:53:49,281 INFO] Step 27200/200000; acc: 67.8; ppl:  21.3; xent: 3.1; lr: 0.00027; sents:    6608; bsz:  527/ 723/ 8; 3876/5324 tok/s;  36308 sec;
[2023-08-24 20:55:37,890 INFO] Step 27300/200000; acc: 68.0; ppl:  21.1; xent: 3.1; lr: 0.00027; sents:    6728; bsz:  522/ 713/ 8; 3848/5254 tok/s;  36417 sec;
[2023-08-24 20:57:24,881 INFO] Step 27400/200000; acc: 67.5; ppl:  21.7; xent: 3.1; lr: 0.00027; sents:    6768; bsz:  499/ 678/ 8; 3734/5066 tok/s;  36524 sec;
[2023-08-24 20:59:12,644 INFO] Step 27500/200000; acc: 67.6; ppl:  21.7; xent: 3.1; lr: 0.00027; sents:    6688; bsz:  504/ 691/ 8; 3744/5126 tok/s;  36632 sec;
[2023-08-24 21:00:44,030 INFO] valid stats calculation
                           took: 91.38194942474365 s.
[2023-08-24 21:00:44,038 INFO] Train perplexity: 22.2645
[2023-08-24 21:00:44,038 INFO] Train accuracy: 67.0676
[2023-08-24 21:00:44,038 INFO] Sentences processed: 922346
[2023-08-24 21:00:44,038 INFO] Average bsz:  511/ 698/ 8
[2023-08-24 21:00:44,038 INFO] Validation perplexity: 23.0255
[2023-08-24 21:00:44,038 INFO] Validation accuracy: 65.3316
[2023-08-24 21:00:44,133 INFO] Saving checkpoint /data2/cmdir/home/nhanvt/data_NLLB/nllb_opennmt/training/vi-th/nllb-200-3.3B.onmt_step_27500.pt
[2023-08-24 21:03:01,621 INFO] Step 27600/200000; acc: 68.0; ppl:  21.1; xent: 3.1; lr: 0.00027; sents:    6642; bsz:  522/ 712/ 8; 1822/2487 tok/s;  36861 sec;
[2023-08-24 21:04:47,747 INFO] Step 27700/200000; acc: 67.7; ppl:  21.5; xent: 3.1; lr: 0.00027; sents:    6728; bsz:  495/ 673/ 8; 3734/5075 tok/s;  36967 sec;
[2023-08-24 21:06:35,879 INFO] Step 27800/200000; acc: 68.1; ppl:  21.1; xent: 3.0; lr: 0.00027; sents:    6752; bsz:  520/ 715/ 8; 3849/5287 tok/s;  37075 sec;
[2023-08-24 21:08:23,886 INFO] Step 27900/200000; acc: 67.9; ppl:  21.4; xent: 3.1; lr: 0.00026; sents:    6800; bsz:  530/ 730/ 8; 3923/5404 tok/s;  37183 sec;
[2023-08-24 21:10:09,737 INFO] Step 28000/200000; acc: 67.5; ppl:  21.7; xent: 3.1; lr: 0.00026; sents:    6696; bsz:  494/ 671/ 8; 3731/5073 tok/s;  37289 sec;
[2023-08-24 21:11:40,591 INFO] valid stats calculation
                           took: 90.84931969642639 s.
[2023-08-24 21:11:40,599 INFO] Train perplexity: 22.2484
[2023-08-24 21:11:40,599 INFO] Train accuracy: 67.0811
[2023-08-24 21:11:40,599 INFO] Sentences processed: 939162
[2023-08-24 21:11:40,599 INFO] Average bsz:  511/ 698/ 8
[2023-08-24 21:11:40,599 INFO] Validation perplexity: 23.0297
[2023-08-24 21:11:40,599 INFO] Validation accuracy: 65.3151
[2023-08-24 21:11:40,695 INFO] Saving checkpoint /data2/cmdir/home/nhanvt/data_NLLB/nllb_opennmt/training/vi-th/nllb-200-3.3B.onmt_step_28000.pt
[2023-08-24 21:13:58,109 INFO] Step 28100/200000; acc: 67.6; ppl:  21.6; xent: 3.1; lr: 0.00026; sents:    6624; bsz:  501/ 682/ 8; 1755/2389 tok/s;  37517 sec;
[2023-08-24 21:15:45,870 INFO] Step 28200/200000; acc: 68.3; ppl:  20.9; xent: 3.0; lr: 0.00026; sents:    6592; bsz:  530/ 730/ 8; 3932/5418 tok/s;  37625 sec;
[2023-08-24 21:17:32,350 INFO] Step 28300/200000; acc: 67.5; ppl:  21.6; xent: 3.1; lr: 0.00026; sents:    6592; bsz:  499/ 679/ 8; 3747/5099 tok/s;  37731 sec;
[2023-08-24 21:19:20,083 INFO] Step 28400/200000; acc: 67.9; ppl:  21.2; xent: 3.1; lr: 0.00026; sents:    6616; bsz:  519/ 707/ 8; 3851/5253 tok/s;  37839 sec;
[2023-08-24 21:21:08,756 INFO] Step 28500/200000; acc: 67.8; ppl:  21.5; xent: 3.1; lr: 0.00026; sents:    6608; bsz:  529/ 730/ 8; 3895/5371 tok/s;  37948 sec;
[2023-08-24 21:22:39,549 INFO] valid stats calculation
                           took: 90.78950214385986 s.
[2023-08-24 21:22:39,557 INFO] Train perplexity: 22.2323
[2023-08-24 21:22:39,557 INFO] Train accuracy: 67.0929
[2023-08-24 21:22:39,557 INFO] Sentences processed: 955674
[2023-08-24 21:22:39,557 INFO] Average bsz:  511/ 698/ 8
[2023-08-24 21:22:39,557 INFO] Validation perplexity: 23.0326
[2023-08-24 21:22:39,557 INFO] Validation accuracy: 65.3149
[2023-08-24 21:22:39,650 INFO] Saving checkpoint /data2/cmdir/home/nhanvt/data_NLLB/nllb_opennmt/training/vi-th/nllb-200-3.3B.onmt_step_28500.pt
[2023-08-24 21:24:58,372 INFO] Step 28600/200000; acc: 67.5; ppl:  21.6; xent: 3.1; lr: 0.00026; sents:    6792; bsz:  516/ 702/ 8; 1797/2446 tok/s;  38177 sec;
[2023-08-24 21:26:45,511 INFO] Step 28700/200000; acc: 68.0; ppl:  21.2; xent: 3.1; lr: 0.00026; sents:    6728; bsz:  511/ 696/ 8; 3813/5195 tok/s;  38285 sec;
[2023-08-24 21:28:30,658 INFO] Step 28800/200000; acc: 67.6; ppl:  21.5; xent: 3.1; lr: 0.00026; sents:    6672; bsz:  494/ 666/ 8; 3757/5070 tok/s;  38390 sec;
[2023-08-24 21:30:16,477 INFO] Step 28900/200000; acc: 67.8; ppl:  21.5; xent: 3.1; lr: 0.00026; sents:    6784; bsz:  492/ 668/ 8; 3722/5048 tok/s;  38496 sec;
[2023-08-24 21:32:04,649 INFO] Step 29000/200000; acc: 67.9; ppl:  21.2; xent: 3.1; lr: 0.00026; sents:    6704; bsz:  529/ 722/ 8; 3909/5337 tok/s;  38604 sec;
[2023-08-24 21:33:36,049 INFO] valid stats calculation
                           took: 91.39484214782715 s.
[2023-08-24 21:33:36,057 INFO] Train perplexity: 22.2204
[2023-08-24 21:33:36,057 INFO] Train accuracy: 67.1021
[2023-08-24 21:33:36,057 INFO] Sentences processed: 972514
[2023-08-24 21:33:36,057 INFO] Average bsz:  511/ 698/ 8
[2023-08-24 21:33:36,057 INFO] Validation perplexity: 23.0372
[2023-08-24 21:33:36,057 INFO] Validation accuracy: 65.3067
[2023-08-24 21:33:36,150 INFO] Saving checkpoint /data2/cmdir/home/nhanvt/data_NLLB/nllb_opennmt/training/vi-th/nllb-200-3.3B.onmt_step_29000.pt
[2023-08-24 21:35:55,643 INFO] Step 29100/200000; acc: 67.9; ppl:  21.3; xent: 3.1; lr: 0.00026; sents:    6808; bsz:  515/ 704/ 9; 1783/2438 tok/s;  38835 sec;
[2023-08-24 21:37:44,064 INFO] Step 29200/200000; acc: 67.9; ppl:  21.3; xent: 3.1; lr: 0.00026; sents:    6800; bsz:  519/ 711/ 8; 3830/5248 tok/s;  38943 sec;
[2023-08-24 21:39:32,019 INFO] Step 29300/200000; acc: 67.8; ppl:  21.4; xent: 3.1; lr: 0.00026; sents:    6736; bsz:  519/ 710/ 8; 3843/5263 tok/s;  39051 sec;
[2023-08-24 21:41:18,729 INFO] Step 29400/200000; acc: 67.6; ppl:  21.6; xent: 3.1; lr: 0.00026; sents:    6544; bsz:  506/ 689/ 8; 3795/5166 tok/s;  39158 sec;
[2023-08-24 21:43:05,478 INFO] Step 29500/200000; acc: 67.6; ppl:  21.7; xent: 3.1; lr: 0.00026; sents:    6800; bsz:  491/ 670/ 8; 3683/5018 tok/s;  39265 sec;
[2023-08-24 21:44:37,188 INFO] valid stats calculation
                           took: 91.70484042167664 s.
[2023-08-24 21:44:37,196 INFO] Train perplexity: 22.2062
[2023-08-24 21:44:37,196 INFO] Train accuracy: 67.114
[2023-08-24 21:44:37,196 INFO] Sentences processed: 989362
[2023-08-24 21:44:37,196 INFO] Average bsz:  511/ 698/ 8
[2023-08-24 21:44:37,196 INFO] Validation perplexity: 23.0377
[2023-08-24 21:44:37,196 INFO] Validation accuracy: 65.3112
[2023-08-24 21:44:37,292 INFO] Saving checkpoint /data2/cmdir/home/nhanvt/data_NLLB/nllb_opennmt/training/vi-th/nllb-200-3.3B.onmt_step_29500.pt
[2023-08-24 21:46:57,455 INFO] Step 29600/200000; acc: 67.6; ppl:  21.6; xent: 3.1; lr: 0.00026; sents:    6720; bsz:  492/ 671/ 8; 1697/2316 tok/s;  39496 sec;
[2023-08-24 21:48:45,318 INFO] Step 29700/200000; acc: 67.7; ppl:  21.4; xent: 3.1; lr: 0.00026; sents:    6800; bsz:  508/ 693/ 8; 3771/5139 tok/s;  39604 sec;
[2023-08-24 21:50:34,238 INFO] Step 29800/200000; acc: 67.8; ppl:  21.4; xent: 3.1; lr: 0.00026; sents:    6648; bsz:  515/ 704/ 8; 3785/5171 tok/s;  39713 sec;
[2023-08-24 21:52:21,503 INFO] Step 29900/200000; acc: 67.5; ppl:  21.7; xent: 3.1; lr: 0.00026; sents:    6576; bsz:  503/ 688/ 8; 3753/5129 tok/s;  39821 sec;
[2023-08-24 21:54:08,604 INFO] Step 30000/200000; acc: 67.7; ppl:  21.4; xent: 3.1; lr: 0.00026; sents:    6856; bsz:  502/ 684/ 9; 3751/5106 tok/s;  39928 sec;
[2023-08-24 21:55:40,172 INFO] valid stats calculation
                           took: 91.56353616714478 s.
[2023-08-24 21:55:40,180 INFO] Train perplexity: 22.1951
[2023-08-24 21:55:40,180 INFO] Train accuracy: 67.1225
[2023-08-24 21:55:40,180 INFO] Sentences processed: 1.00615e+06
[2023-08-24 21:55:40,180 INFO] Average bsz:  511/ 698/ 8
[2023-08-24 21:55:40,180 INFO] Validation perplexity: 23.0388
[2023-08-24 21:55:40,180 INFO] Validation accuracy: 65.2927
[2023-08-24 21:55:40,280 INFO] Saving checkpoint /data2/cmdir/home/nhanvt/data_NLLB/nllb_opennmt/training/vi-th/nllb-200-3.3B.onmt_step_30000.pt
[2023-08-24 21:56:12,589 INFO] Updated dropout/attn dropout to 0.100000 0.100000 at step 30001
[2023-08-24 21:58:02,026 INFO] Step 30100/200000; acc: 68.1; ppl:  21.2; xent: 3.1; lr: 0.00025; sents:    6672; bsz:  521/ 714/ 8; 1785/2446 tok/s;  40161 sec;
[2023-08-24 21:59:50,010 INFO] Step 30200/200000; acc: 67.7; ppl:  21.4; xent: 3.1; lr: 0.00025; sents:    6784; bsz:  492/ 667/ 8; 3646/4943 tok/s;  40269 sec;
[2023-08-24 22:01:36,761 INFO] Step 30300/200000; acc: 67.6; ppl:  21.5; xent: 3.1; lr: 0.00025; sents:    6720; bsz:  485/ 658/ 8; 3632/4935 tok/s;  40376 sec;
[2023-08-24 22:03:25,882 INFO] Step 30400/200000; acc: 67.9; ppl:  21.3; xent: 3.1; lr: 0.00025; sents:    6752; bsz:  526/ 722/ 8; 3857/5293 tok/s;  40485 sec;
[2023-08-24 22:05:15,162 INFO] Step 30500/200000; acc: 68.1; ppl:  21.0; xent: 3.0; lr: 0.00025; sents:    7024; bsz:  526/ 722/ 9; 3849/5283 tok/s;  40594 sec;
[2023-08-24 22:06:46,897 INFO] valid stats calculation
                           took: 91.73059797286987 s.
[2023-08-24 22:06:46,905 INFO] Train perplexity: 22.1825
[2023-08-24 22:06:46,905 INFO] Train accuracy: 67.1326
[2023-08-24 22:06:46,905 INFO] Sentences processed: 1.02313e+06
[2023-08-24 22:06:46,905 INFO] Average bsz:  511/ 698/ 8
[2023-08-24 22:06:46,905 INFO] Validation perplexity: 23.0442
[2023-08-24 22:06:46,905 INFO] Validation accuracy: 65.2937
[2023-08-24 22:06:46,999 INFO] Saving checkpoint /data2/cmdir/home/nhanvt/data_NLLB/nllb_opennmt/training/vi-th/nllb-200-3.3B.onmt_step_30500.pt
[2023-08-24 22:09:03,364 INFO] Step 30600/200000; acc: 67.5; ppl:  21.6; xent: 3.1; lr: 0.00025; sents:    6880; bsz:  501/ 680/ 9; 1757/2383 tok/s;  40822 sec;
[2023-08-24 22:10:51,590 INFO] Step 30700/200000; acc: 68.0; ppl:  21.3; xent: 3.1; lr: 0.00025; sents:    6696; bsz:  523/ 718/ 8; 3865/5308 tok/s;  40931 sec;
[2023-08-24 22:12:40,003 INFO] Step 30800/200000; acc: 68.0; ppl:  21.2; xent: 3.1; lr: 0.00025; sents:    6632; bsz:  530/ 729/ 8; 3909/5376 tok/s;  41039 sec;
[2023-08-24 22:14:27,628 INFO] Step 30900/200000; acc: 67.8; ppl:  21.4; xent: 3.1; lr: 0.00025; sents:    6715; bsz:  511/ 698/ 8; 3801/5189 tok/s;  41147 sec;
[2023-08-24 22:16:16,579 INFO] Step 31000/200000; acc: 67.7; ppl:  21.4; xent: 3.1; lr: 0.00025; sents:    6688; bsz:  528/ 721/ 8; 3874/5295 tok/s;  41256 sec;
[2023-08-24 22:17:47,960 INFO] valid stats calculation
                           took: 91.37580013275146 s.
[2023-08-24 22:17:47,967 INFO] Train perplexity: 22.1724
[2023-08-24 22:17:47,967 INFO] Train accuracy: 67.141
[2023-08-24 22:17:47,967 INFO] Sentences processed: 1.03992e+06
[2023-08-24 22:17:47,967 INFO] Average bsz:  511/ 698/ 8
[2023-08-24 22:17:47,967 INFO] Validation perplexity: 23.0424
[2023-08-24 22:17:47,967 INFO] Validation accuracy: 65.2783
[2023-08-24 22:17:48,061 INFO] Saving checkpoint /data2/cmdir/home/nhanvt/data_NLLB/nllb_opennmt/training/vi-th/nllb-200-3.3B.onmt_step_31000.pt
[2023-08-24 22:20:07,713 INFO] Step 31100/200000; acc: 67.8; ppl:  21.4; xent: 3.1; lr: 0.00025; sents:    6536; bsz:  509/ 696/ 8; 1760/2411 tok/s;  41487 sec;
[2023-08-24 22:21:57,112 INFO] Step 31200/200000; acc: 67.9; ppl:  21.3; xent: 3.1; lr: 0.00025; sents:    6728; bsz:  527/ 722/ 8; 3851/5278 tok/s;  41596 sec;
[2023-08-24 22:23:44,892 INFO] Step 31300/200000; acc: 67.6; ppl:  21.5; xent: 3.1; lr: 0.00025; sents:    6648; bsz:  508/ 688/ 8; 3769/5107 tok/s;  41704 sec;
[2023-08-24 22:25:32,784 INFO] Step 31400/200000; acc: 67.9; ppl:  21.2; xent: 3.1; lr: 0.00025; sents:    6672; bsz:  508/ 692/ 8; 3763/5134 tok/s;  41812 sec;
[2023-08-24 22:27:22,468 INFO] Step 31500/200000; acc: 67.9; ppl:  21.2; xent: 3.1; lr: 0.00025; sents:    6712; bsz:  530/ 727/ 8; 3869/5303 tok/s;  41922 sec;
[2023-08-24 22:28:53,909 INFO] valid stats calculation
                           took: 91.4369285106659 s.
[2023-08-24 22:28:53,917 INFO] Train perplexity: 22.1611
[2023-08-24 22:28:53,917 INFO] Train accuracy: 67.1496
[2023-08-24 22:28:53,917 INFO] Sentences processed: 1.05656e+06
[2023-08-24 22:28:53,917 INFO] Average bsz:  511/ 698/ 8
[2023-08-24 22:28:53,917 INFO] Validation perplexity: 23.0452
[2023-08-24 22:28:53,917 INFO] Validation accuracy: 65.2908
[2023-08-24 22:28:54,013 INFO] Saving checkpoint /data2/cmdir/home/nhanvt/data_NLLB/nllb_opennmt/training/vi-th/nllb-200-3.3B.onmt_step_31500.pt
[2023-08-24 22:31:16,644 INFO] Step 31600/200000; acc: 68.0; ppl:  21.1; xent: 3.0; lr: 0.00025; sents:    6832; bsz:  521/ 711/ 9; 1781/2428 tok/s;  42156 sec;
[2023-08-24 22:33:02,995 INFO] Step 31700/200000; acc: 67.7; ppl:  21.5; xent: 3.1; lr: 0.00025; sents:    6760; bsz:  489/ 660/ 8; 3678/4965 tok/s;  42262 sec;
[2023-08-24 22:34:50,295 INFO] Step 31800/200000; acc: 67.4; ppl:  21.7; xent: 3.1; lr: 0.00025; sents:    6720; bsz:  495/ 672/ 8; 3687/5013 tok/s;  42369 sec;
[2023-08-24 22:36:39,271 INFO] Step 31900/200000; acc: 68.2; ppl:  21.0; xent: 3.0; lr: 0.00025; sents:    6744; bsz:  521/ 716/ 8; 3825/5259 tok/s;  42478 sec;
[2023-08-24 22:38:28,273 INFO] Step 32000/200000; acc: 68.0; ppl:  21.2; xent: 3.1; lr: 0.00025; sents:    6912; bsz:  530/ 729/ 9; 3891/5352 tok/s;  42587 sec;
[2023-08-24 22:39:59,909 INFO] valid stats calculation
                           took: 91.63102459907532 s.
[2023-08-24 22:39:59,917 INFO] Train perplexity: 22.1479
[2023-08-24 22:39:59,917 INFO] Train accuracy: 67.1601
[2023-08-24 22:39:59,917 INFO] Sentences processed: 1.07355e+06
[2023-08-24 22:39:59,917 INFO] Average bsz:  511/ 698/ 8
[2023-08-24 22:39:59,917 INFO] Validation perplexity: 23.0483
[2023-08-24 22:39:59,917 INFO] Validation accuracy: 65.3007
[2023-08-24 22:40:00,013 INFO] Saving checkpoint /data2/cmdir/home/nhanvt/data_NLLB/nllb_opennmt/training/vi-th/nllb-200-3.3B.onmt_step_32000.pt
[2023-08-24 22:42:21,124 INFO] Step 32100/200000; acc: 67.8; ppl:  21.4; xent: 3.1; lr: 0.00025; sents:    6560; bsz:  509/ 694/ 8; 1748/2385 tok/s;  42820 sec;
[2023-08-24 22:44:09,053 INFO] Step 32200/200000; acc: 67.7; ppl:  21.5; xent: 3.1; lr: 0.00025; sents:    6744; bsz:  508/ 693/ 8; 3769/5136 tok/s;  42928 sec;
[2023-08-24 22:45:57,739 INFO] Step 32300/200000; acc: 68.0; ppl:  21.2; xent: 3.1; lr: 0.00025; sents:    6600; bsz:  515/ 704/ 8; 3793/5183 tok/s;  43037 sec;
[2023-08-24 22:47:45,325 INFO] Step 32400/200000; acc: 67.7; ppl:  21.5; xent: 3.1; lr: 0.00025; sents:    6736; bsz:  504/ 687/ 8; 3746/5106 tok/s;  43144 sec;
[2023-08-24 22:49:32,149 INFO] Step 32500/200000; acc: 67.7; ppl:  21.4; xent: 3.1; lr: 0.00025; sents:    6936; bsz:  483/ 653/ 9; 3614/4887 tok/s;  43251 sec;
[2023-08-24 22:51:03,947 INFO] valid stats calculation
                           took: 91.79397916793823 s.
[2023-08-24 22:51:03,954 INFO] Train perplexity: 22.1383
[2023-08-24 22:51:03,954 INFO] Train accuracy: 67.1683
[2023-08-24 22:51:03,954 INFO] Sentences processed: 1.09034e+06
[2023-08-24 22:51:03,954 INFO] Average bsz:  511/ 698/ 8
[2023-08-24 22:51:03,954 INFO] Validation perplexity: 23.0455
[2023-08-24 22:51:03,954 INFO] Validation accuracy: 65.2997
[2023-08-24 22:51:04,048 INFO] Saving checkpoint /data2/cmdir/home/nhanvt/data_NLLB/nllb_opennmt/training/vi-th/nllb-200-3.3B.onmt_step_32500.pt
[2023-08-24 22:53:26,505 INFO] Step 32600/200000; acc: 68.5; ppl:  20.7; xent: 3.0; lr: 0.00024; sents:    6736; bsz:  532/ 729/ 8; 1817/2487 tok/s;  43486 sec;
[2023-08-24 22:55:14,439 INFO] Step 32700/200000; acc: 68.1; ppl:  21.1; xent: 3.1; lr: 0.00024; sents:    6752; bsz:  513/ 698/ 8; 3805/5174 tok/s;  43593 sec;
[2023-08-24 22:57:02,703 INFO] Step 32800/200000; acc: 67.6; ppl:  21.6; xent: 3.1; lr: 0.00024; sents:    6712; bsz:  502/ 684/ 8; 3713/5051 tok/s;  43702 sec;
[2023-08-24 22:58:51,670 INFO] Step 32900/200000; acc: 67.9; ppl:  21.2; xent: 3.1; lr: 0.00024; sents:    6648; bsz:  514/ 702/ 8; 3771/5155 tok/s;  43811 sec;
[2023-08-24 23:00:40,558 INFO] Step 33000/200000; acc: 67.7; ppl:  21.4; xent: 3.1; lr: 0.00024; sents:    6816; bsz:  522/ 712/ 9; 3837/5230 tok/s;  43920 sec;
[2023-08-24 23:02:12,628 INFO] valid stats calculation
                           took: 92.06624245643616 s.
[2023-08-24 23:02:12,637 INFO] Train perplexity: 22.1237
[2023-08-24 23:02:12,637 INFO] Train accuracy: 67.1803
[2023-08-24 23:02:12,637 INFO] Sentences processed: 1.10716e+06
[2023-08-24 23:02:12,637 INFO] Average bsz:  511/ 698/ 8
[2023-08-24 23:02:12,637 INFO] Validation perplexity: 23.0454
[2023-08-24 23:02:12,637 INFO] Validation accuracy: 65.3196
[2023-08-24 23:02:12,730 INFO] Saving checkpoint /data2/cmdir/home/nhanvt/data_NLLB/nllb_opennmt/training/vi-th/nllb-200-3.3B.onmt_step_33000.pt
[2023-08-24 23:04:31,704 INFO] Step 33100/200000; acc: 67.9; ppl:  21.2; xent: 3.1; lr: 0.00024; sents:    6528; bsz:  517/ 705/ 8; 1790/2441 tok/s;  44151 sec;
[2023-08-24 23:06:20,034 INFO] Step 33200/200000; acc: 67.7; ppl:  21.5; xent: 3.1; lr: 0.00024; sents:    6720; bsz:  514/ 703/ 8; 3794/5195 tok/s;  44259 sec;
[2023-08-24 23:08:09,852 INFO] Step 33300/200000; acc: 67.9; ppl:  21.3; xent: 3.1; lr: 0.00024; sents:    6696; bsz:  532/ 728/ 8; 3873/5307 tok/s;  44369 sec;
[2023-08-24 23:09:57,045 INFO] Step 33400/200000; acc: 67.9; ppl:  21.3; xent: 3.1; lr: 0.00024; sents:    6568; bsz:  507/ 692/ 8; 3787/5168 tok/s;  44476 sec;
[2023-08-24 23:11:45,752 INFO] Step 33500/200000; acc: 68.0; ppl:  21.2; xent: 3.1; lr: 0.00024; sents:    6752; bsz:  520/ 709/ 8; 3825/5221 tok/s;  44585 sec;
[2023-08-24 23:13:16,954 INFO] valid stats calculation
                           took: 91.19724774360657 s.
[2023-08-24 23:13:16,963 INFO] Train perplexity: 22.1117
[2023-08-24 23:13:16,963 INFO] Train accuracy: 67.1907
[2023-08-24 23:13:16,963 INFO] Sentences processed: 1.1238e+06
[2023-08-24 23:13:16,963 INFO] Average bsz:  511/ 698/ 8
[2023-08-24 23:13:16,963 INFO] Validation perplexity: 23.0491
[2023-08-24 23:13:16,963 INFO] Validation accuracy: 65.3188
[2023-08-24 23:13:17,057 INFO] Saving checkpoint /data2/cmdir/home/nhanvt/data_NLLB/nllb_opennmt/training/vi-th/nllb-200-3.3B.onmt_step_33500.pt
[2023-08-24 23:15:38,967 INFO] Step 33600/200000; acc: 68.1; ppl:  21.0; xent: 3.0; lr: 0.00024; sents:    6680; bsz:  505/ 689/ 8; 1734/2364 tok/s;  44818 sec;
[2023-08-24 23:17:26,606 INFO] Step 33700/200000; acc: 67.9; ppl:  21.2; xent: 3.1; lr: 0.00024; sents:    6696; bsz:  512/ 700/ 8; 3807/5205 tok/s;  44926 sec;
[2023-08-24 23:19:15,189 INFO] Step 33800/200000; acc: 68.1; ppl:  21.0; xent: 3.0; lr: 0.00024; sents:    6696; bsz:  523/ 716/ 8; 3853/5278 tok/s;  45034 sec;
[2023-08-24 23:21:04,769 INFO] Step 33900/200000; acc: 68.2; ppl:  21.0; xent: 3.0; lr: 0.00024; sents:    6656; bsz:  536/ 733/ 8; 3910/5353 tok/s;  45144 sec;
[2023-08-24 23:22:52,291 INFO] Step 34000/200000; acc: 68.0; ppl:  21.3; xent: 3.1; lr: 0.00024; sents:    6792; bsz:  512/ 699/ 8; 3809/5204 tok/s;  45251 sec;
[2023-08-24 23:24:23,516 INFO] valid stats calculation
                           took: 91.22130179405212 s.
[2023-08-24 23:24:23,523 INFO] Train perplexity: 22.0975
[2023-08-24 23:24:23,523 INFO] Train accuracy: 67.2027
[2023-08-24 23:24:23,523 INFO] Sentences processed: 1.14056e+06
[2023-08-24 23:24:23,523 INFO] Average bsz:  511/ 698/ 8
[2023-08-24 23:24:23,523 INFO] Validation perplexity: 23.0494
[2023-08-24 23:24:23,523 INFO] Validation accuracy: 65.3169
[2023-08-24 23:24:23,620 INFO] Saving checkpoint /data2/cmdir/home/nhanvt/data_NLLB/nllb_opennmt/training/vi-th/nllb-200-3.3B.onmt_step_34000.pt
[2023-08-24 23:26:44,170 INFO] Step 34100/200000; acc: 68.4; ppl:  20.7; xent: 3.0; lr: 0.00024; sents:    6704; bsz:  525/ 721/ 8; 1811/2486 tok/s;  45483 sec;
[2023-08-24 23:28:31,784 INFO] Step 34200/200000; acc: 68.0; ppl:  21.2; xent: 3.1; lr: 0.00024; sents:    6896; bsz:  518/ 703/ 9; 3848/5224 tok/s;  45591 sec;
[2023-08-24 23:30:19,227 INFO] Step 34300/200000; acc: 67.9; ppl:  21.2; xent: 3.1; lr: 0.00024; sents:    6713; bsz:  506/ 688/ 8; 3765/5124 tok/s;  45698 sec;
[2023-08-24 23:32:07,821 INFO] Step 34400/200000; acc: 67.9; ppl:  21.3; xent: 3.1; lr: 0.00024; sents:    6592; bsz:  525/ 717/ 8; 3867/5284 tok/s;  45807 sec;
[2023-08-24 23:33:55,950 INFO] Step 34500/200000; acc: 68.4; ppl:  20.8; xent: 3.0; lr: 0.00024; sents:    6720; bsz:  517/ 710/ 8; 3828/5255 tok/s;  45915 sec;
[2023-08-24 23:35:27,137 INFO] valid stats calculation
                           took: 91.18168258666992 s.
[2023-08-24 23:35:27,144 INFO] Train perplexity: 22.0815
[2023-08-24 23:35:27,144 INFO] Train accuracy: 67.2161
[2023-08-24 23:35:27,144 INFO] Sentences processed: 1.1574e+06
[2023-08-24 23:35:27,144 INFO] Average bsz:  511/ 698/ 8
[2023-08-24 23:35:27,144 INFO] Validation perplexity: 23.0518
[2023-08-24 23:35:27,144 INFO] Validation accuracy: 65.3338
[2023-08-24 23:35:27,241 INFO] Saving checkpoint /data2/cmdir/home/nhanvt/data_NLLB/nllb_opennmt/training/vi-th/nllb-200-3.3B.onmt_step_34500.pt
[2023-08-24 23:37:47,238 INFO] Step 34600/200000; acc: 67.7; ppl:  21.4; xent: 3.1; lr: 0.00024; sents:    6880; bsz:  498/ 679/ 9; 1722/2350 tok/s;  46146 sec;
[2023-08-24 23:39:35,413 INFO] Step 34700/200000; acc: 67.7; ppl:  21.4; xent: 3.1; lr: 0.00024; sents:    6624; bsz:  510/ 699/ 8; 3772/5166 tok/s;  46254 sec;
[2023-08-24 23:41:24,377 INFO] Step 34800/200000; acc: 68.1; ppl:  21.1; xent: 3.1; lr: 0.00024; sents:    6568; bsz:  516/ 708/ 8; 3789/5202 tok/s;  46363 sec;
[2023-08-24 23:43:10,807 INFO] Step 34900/200000; acc: 67.2; ppl:  21.9; xent: 3.1; lr: 0.00024; sents:    6616; bsz:  477/ 645/ 8; 3583/4848 tok/s;  46470 sec;
[2023-08-24 23:44:58,818 INFO] Step 35000/200000; acc: 67.9; ppl:  21.4; xent: 3.1; lr: 0.00024; sents:    6688; bsz:  509/ 699/ 8; 3768/5179 tok/s;  46578 sec;
[2023-08-24 23:46:30,083 INFO] valid stats calculation
                           took: 91.26099729537964 s.
[2023-08-24 23:46:30,092 INFO] Train perplexity: 22.074
[2023-08-24 23:46:30,092 INFO] Train accuracy: 67.2225
[2023-08-24 23:46:30,092 INFO] Sentences processed: 1.17408e+06
[2023-08-24 23:46:30,092 INFO] Average bsz:  511/ 698/ 8
[2023-08-24 23:46:30,092 INFO] Validation perplexity: 23.054
[2023-08-24 23:46:30,092 INFO] Validation accuracy: 65.3213
[2023-08-24 23:46:30,188 INFO] Saving checkpoint /data2/cmdir/home/nhanvt/data_NLLB/nllb_opennmt/training/vi-th/nllb-200-3.3B.onmt_step_35000.pt
[2023-08-24 23:48:49,532 INFO] Step 35100/200000; acc: 68.3; ppl:  20.9; xent: 3.0; lr: 0.00024; sents:    6528; bsz:  525/ 719/ 8; 1822/2494 tok/s;  46809 sec;
[2023-08-24 23:50:37,981 INFO] Step 35200/200000; acc: 67.9; ppl:  21.3; xent: 3.1; lr: 0.00024; sents:    6672; bsz:  517/ 705/ 8; 3816/5200 tok/s;  46917 sec;
[2023-08-24 23:52:25,840 INFO] Step 35300/200000; acc: 68.1; ppl:  21.1; xent: 3.1; lr: 0.00024; sents:    6896; bsz:  507/ 692/ 9; 3763/5132 tok/s;  47025 sec;
[2023-08-24 23:54:13,879 INFO] Step 35400/200000; acc: 68.0; ppl:  21.3; xent: 3.1; lr: 0.00023; sents:    6864; bsz:  510/ 696/ 9; 3778/5151 tok/s;  47133 sec;
[2023-08-24 23:56:01,318 INFO] Step 35500/200000; acc: 67.7; ppl:  21.5; xent: 3.1; lr: 0.00023; sents:    6944; bsz:  495/ 671/ 9; 3686/4993 tok/s;  47240 sec;
[2023-08-24 23:57:32,319 INFO] valid stats calculation
                           took: 90.99660277366638 s.
[2023-08-24 23:57:32,326 INFO] Train perplexity: 22.0637
[2023-08-24 23:57:32,326 INFO] Train accuracy: 67.2313
[2023-08-24 23:57:32,326 INFO] Sentences processed: 1.19104e+06
[2023-08-24 23:57:32,326 INFO] Average bsz:  511/ 698/ 8
[2023-08-24 23:57:32,326 INFO] Validation perplexity: 23.0574
[2023-08-24 23:57:32,326 INFO] Validation accuracy: 65.3246
[2023-08-24 23:57:32,419 INFO] Saving checkpoint /data2/cmdir/home/nhanvt/data_NLLB/nllb_opennmt/training/vi-th/nllb-200-3.3B.onmt_step_35500.pt
[2023-08-24 23:59:55,690 INFO] Step 35600/200000; acc: 67.9; ppl:  21.2; xent: 3.1; lr: 0.00023; sents:    6744; bsz:  515/ 704/ 8; 1757/2404 tok/s;  47475 sec;
[2023-08-25 00:01:44,806 INFO] Step 35700/200000; acc: 68.3; ppl:  20.9; xent: 3.0; lr: 0.00023; sents:    6672; bsz:  520/ 713/ 8; 3810/5227 tok/s;  47584 sec;
[2023-08-25 00:03:33,824 INFO] Step 35800/200000; acc: 68.3; ppl:  20.8; xent: 3.0; lr: 0.00023; sents:    6640; bsz:  523/ 714/ 8; 3836/5242 tok/s;  47693 sec;
[2023-08-25 00:05:22,032 INFO] Step 35900/200000; acc: 68.1; ppl:  21.1; xent: 3.0; lr: 0.00023; sents:    6696; bsz:  515/ 706/ 8; 3807/5217 tok/s;  47801 sec;
[2023-08-25 00:07:10,966 INFO] Step 36000/200000; acc: 68.0; ppl:  21.2; xent: 3.1; lr: 0.00023; sents:    6688; bsz:  513/ 699/ 8; 3769/5132 tok/s;  47910 sec;
[2023-08-25 00:08:42,390 INFO] valid stats calculation
                           took: 91.41930866241455 s.
[2023-08-25 00:08:42,398 INFO] Train perplexity: 22.05
[2023-08-25 00:08:42,398 INFO] Train accuracy: 67.243
[2023-08-25 00:08:42,398 INFO] Sentences processed: 1.20775e+06
[2023-08-25 00:08:42,398 INFO] Average bsz:  511/ 698/ 8
[2023-08-25 00:08:42,398 INFO] Validation perplexity: 23.0587
[2023-08-25 00:08:42,398 INFO] Validation accuracy: 65.3153
[2023-08-25 00:08:42,491 INFO] Saving checkpoint /data2/cmdir/home/nhanvt/data_NLLB/nllb_opennmt/training/vi-th/nllb-200-3.3B.onmt_step_36000.pt
[2023-08-25 00:11:01,260 INFO] Step 36100/200000; acc: 67.6; ppl:  21.5; xent: 3.1; lr: 0.00023; sents:    6888; bsz:  519/ 709/ 9; 1804/2465 tok/s;  48140 sec;
[2023-08-25 00:12:48,005 INFO] Step 36200/200000; acc: 67.6; ppl:  21.5; xent: 3.1; lr: 0.00023; sents:    6976; bsz:  483/ 655/ 9; 3620/4910 tok/s;  48247 sec;
[2023-08-25 00:14:36,711 INFO] Step 36300/200000; acc: 68.2; ppl:  21.0; xent: 3.0; lr: 0.00023; sents:    6648; bsz:  518/ 711/ 8; 3809/5229 tok/s;  48356 sec;
[2023-08-25 00:16:24,914 INFO] Step 36400/200000; acc: 67.9; ppl:  21.3; xent: 3.1; lr: 0.00023; sents:    6560; bsz:  507/ 694/ 8; 3748/5129 tok/s;  48464 sec;
[2023-08-25 00:18:12,816 INFO] Step 36500/200000; acc: 67.9; ppl:  21.3; xent: 3.1; lr: 0.00023; sents:    6568; bsz:  504/ 686/ 8; 3734/5084 tok/s;  48572 sec;
[2023-08-25 00:19:44,209 INFO] valid stats calculation
                           took: 91.38954496383667 s.
[2023-08-25 00:19:44,217 INFO] Train perplexity: 22.0399
[2023-08-25 00:19:44,217 INFO] Train accuracy: 67.251
[2023-08-25 00:19:44,217 INFO] Sentences processed: 1.22457e+06
[2023-08-25 00:19:44,217 INFO] Average bsz:  511/ 698/ 8
[2023-08-25 00:19:44,217 INFO] Validation perplexity: 23.0593
[2023-08-25 00:19:44,217 INFO] Validation accuracy: 65.3231
[2023-08-25 00:19:44,312 INFO] Saving checkpoint /data2/cmdir/home/nhanvt/data_NLLB/nllb_opennmt/training/vi-th/nllb-200-3.3B.onmt_step_36500.pt
[2023-08-25 00:22:04,974 INFO] Step 36600/200000; acc: 68.0; ppl:  21.2; xent: 3.1; lr: 0.00023; sents:    6728; bsz:  511/ 699/ 8; 1759/2410 tok/s;  48804 sec;
[2023-08-25 00:23:54,004 INFO] Step 36700/200000; acc: 68.1; ppl:  21.1; xent: 3.0; lr: 0.00023; sents:    6688; bsz:  522/ 714/ 8; 3833/5241 tok/s;  48913 sec;
[2023-08-25 00:25:41,356 INFO] Step 36800/200000; acc: 67.8; ppl:  21.4; xent: 3.1; lr: 0.00023; sents:    6576; bsz:  508/ 696/ 8; 3789/5188 tok/s;  49020 sec;
[2023-08-25 00:27:29,838 INFO] Step 36900/200000; acc: 68.3; ppl:  20.8; xent: 3.0; lr: 0.00023; sents:    6656; bsz:  522/ 716/ 8; 3853/5277 tok/s;  49129 sec;
[2023-08-25 00:29:17,803 INFO] Step 37000/200000; acc: 68.0; ppl:  21.1; xent: 3.1; lr: 0.00023; sents:    6736; bsz:  515/ 703/ 8; 3814/5212 tok/s;  49237 sec;
[2023-08-25 00:30:49,831 INFO] valid stats calculation
                           took: 92.0236566066742 s.
[2023-08-25 00:30:49,838 INFO] Train perplexity: 22.0287
[2023-08-25 00:30:49,838 INFO] Train accuracy: 67.2603
[2023-08-25 00:30:49,838 INFO] Sentences processed: 1.24125e+06
[2023-08-25 00:30:49,838 INFO] Average bsz:  511/ 698/ 8
[2023-08-25 00:30:49,838 INFO] Validation perplexity: 23.0612
[2023-08-25 00:30:49,838 INFO] Validation accuracy: 65.3186
[2023-08-25 00:30:49,933 INFO] Saving checkpoint /data2/cmdir/home/nhanvt/data_NLLB/nllb_opennmt/training/vi-th/nllb-200-3.3B.onmt_step_37000.pt
[2023-08-25 00:33:10,338 INFO] Step 37100/200000; acc: 67.9; ppl:  21.3; xent: 3.1; lr: 0.00023; sents:    6648; bsz:  520/ 711/ 8; 1790/2446 tok/s;  49469 sec;
[2023-08-25 00:34:58,769 INFO] Step 37200/200000; acc: 67.9; ppl:  21.3; xent: 3.1; lr: 0.00023; sents:    6560; bsz:  511/ 697/ 8; 3769/5144 tok/s;  49578 sec;
[2023-08-25 00:36:48,194 INFO] Step 37300/200000; acc: 68.1; ppl:  20.9; xent: 3.0; lr: 0.00023; sents:    6664; bsz:  529/ 726/ 8; 3866/5311 tok/s;  49687 sec;
[2023-08-25 00:38:35,903 INFO] Step 37400/200000; acc: 67.9; ppl:  21.3; xent: 3.1; lr: 0.00023; sents:    6864; bsz:  513/ 701/ 9; 3808/5203 tok/s;  49795 sec;
[2023-08-25 00:40:23,315 INFO] Step 37500/200000; acc: 67.9; ppl:  21.2; xent: 3.1; lr: 0.00023; sents:    6592; bsz:  503/ 686/ 8; 3745/5107 tok/s;  49902 sec;
[2023-08-25 00:41:54,117 INFO] valid stats calculation
                           took: 90.7982268333435 s.
[2023-08-25 00:41:54,124 INFO] Train perplexity: 22.0178
[2023-08-25 00:41:54,124 INFO] Train accuracy: 67.2696
[2023-08-25 00:41:54,124 INFO] Sentences processed: 1.25792e+06
[2023-08-25 00:41:54,124 INFO] Average bsz:  511/ 698/ 8
[2023-08-25 00:41:54,124 INFO] Validation perplexity: 23.0634
[2023-08-25 00:41:54,124 INFO] Validation accuracy: 65.3089
[2023-08-25 00:41:54,219 INFO] Saving checkpoint /data2/cmdir/home/nhanvt/data_NLLB/nllb_opennmt/training/vi-th/nllb-200-3.3B.onmt_step_37500.pt
[2023-08-25 00:44:14,137 INFO] Step 37600/200000; acc: 67.7; ppl:  21.5; xent: 3.1; lr: 0.00023; sents:    6744; bsz:  500/ 680/ 8; 1734/2358 tok/s;  50133 sec;
[2023-08-25 00:46:02,408 INFO] Step 37700/200000; acc: 68.0; ppl:  21.1; xent: 3.1; lr: 0.00023; sents:    6520; bsz:  515/ 707/ 8; 3807/5226 tok/s;  50241 sec;
[2023-08-25 00:47:51,091 INFO] Step 37800/200000; acc: 68.2; ppl:  20.9; xent: 3.0; lr: 0.00023; sents:    6696; bsz:  527/ 720/ 8; 3877/5299 tok/s;  50350 sec;
[2023-08-25 00:49:40,140 INFO] Step 37900/200000; acc: 67.9; ppl:  21.3; xent: 3.1; lr: 0.00023; sents:    6824; bsz:  523/ 716/ 9; 3836/5250 tok/s;  50459 sec;
[2023-08-25 00:51:28,861 INFO] Step 38000/200000; acc: 68.0; ppl:  21.1; xent: 3.1; lr: 0.00023; sents:    6760; bsz:  517/ 709/ 8; 3803/5218 tok/s;  50568 sec;
[2023-08-25 00:53:00,828 INFO] valid stats calculation
                           took: 91.96229863166809 s.
[2023-08-25 00:53:00,834 INFO] Train perplexity: 22.0069
[2023-08-25 00:53:00,834 INFO] Train accuracy: 67.2784
[2023-08-25 00:53:00,834 INFO] Sentences processed: 1.27468e+06
[2023-08-25 00:53:00,834 INFO] Average bsz:  511/ 698/ 8
[2023-08-25 00:53:00,834 INFO] Validation perplexity: 23.0677
[2023-08-25 00:53:00,834 INFO] Validation accuracy: 65.3231
[2023-08-25 00:53:00,929 INFO] Saving checkpoint /data2/cmdir/home/nhanvt/data_NLLB/nllb_opennmt/training/vi-th/nllb-200-3.3B.onmt_step_38000.pt
[2023-08-25 00:55:22,695 INFO] Step 38100/200000; acc: 67.9; ppl:  21.2; xent: 3.1; lr: 0.00023; sents:    6608; bsz:  516/ 705/ 8; 1767/2411 tok/s;  50802 sec;
[2023-08-25 00:57:11,882 INFO] Step 38200/200000; acc: 68.1; ppl:  21.1; xent: 3.0; lr: 0.00023; sents:    6576; bsz:  514/ 705/ 8; 3765/5163 tok/s;  50911 sec;
[2023-08-25 00:59:01,800 INFO] Step 38300/200000; acc: 67.8; ppl:  21.4; xent: 3.1; lr: 0.00023; sents:    6760; bsz:  520/ 710/ 8; 3781/5164 tok/s;  51021 sec;
[2023-08-25 01:00:50,676 INFO] Step 38400/200000; acc: 68.0; ppl:  21.0; xent: 3.0; lr: 0.00023; sents:    6712; bsz:  514/ 702/ 8; 3778/5155 tok/s;  51130 sec;
[2023-08-25 01:02:39,465 INFO] Step 38500/200000; acc: 67.8; ppl:  21.4; xent: 3.1; lr: 0.00023; sents:    6872; bsz:  515/ 703/ 9; 3784/5168 tok/s;  51239 sec;
[2023-08-25 01:04:11,044 INFO] valid stats calculation
                           took: 91.57499575614929 s.
[2023-08-25 01:04:11,052 INFO] Train perplexity: 21.9966
[2023-08-25 01:04:11,052 INFO] Train accuracy: 67.2864
[2023-08-25 01:04:11,053 INFO] Sentences processed: 1.29146e+06
[2023-08-25 01:04:11,053 INFO] Average bsz:  511/ 698/ 8
[2023-08-25 01:04:11,053 INFO] Validation perplexity: 23.0665
[2023-08-25 01:04:11,053 INFO] Validation accuracy: 65.3069
[2023-08-25 01:04:11,146 INFO] Saving checkpoint /data2/cmdir/home/nhanvt/data_NLLB/nllb_opennmt/training/vi-th/nllb-200-3.3B.onmt_step_38500.pt
[2023-08-25 01:06:31,144 INFO] Step 38600/200000; acc: 67.9; ppl:  21.2; xent: 3.1; lr: 0.00022; sents:    6608; bsz:  506/ 692/ 8; 1747/2390 tok/s;  51470 sec;
[2023-08-25 01:08:18,782 INFO] Step 38700/200000; acc: 67.9; ppl:  21.4; xent: 3.1; lr: 0.00022; sents:    6728; bsz:  510/ 698/ 8; 3787/5186 tok/s;  51578 sec;
[2023-08-25 01:10:06,140 INFO] Step 38800/200000; acc: 68.0; ppl:  21.1; xent: 3.1; lr: 0.00022; sents:    6648; bsz:  508/ 696/ 8; 3789/5184 tok/s;  51685 sec;
[2023-08-25 01:11:53,037 INFO] Step 38900/200000; acc: 67.8; ppl:  21.4; xent: 3.1; lr: 0.00022; sents:    6744; bsz:  503/ 684/ 8; 3764/5117 tok/s;  51792 sec;
[2023-08-25 01:13:40,498 INFO] Step 39000/200000; acc: 67.6; ppl:  21.7; xent: 3.1; lr: 0.00022; sents:    6688; bsz:  500/ 681/ 8; 3724/5070 tok/s;  51900 sec;
[2023-08-25 01:15:12,464 INFO] valid stats calculation
                           took: 91.9610846042633 s.
[2023-08-25 01:15:12,472 INFO] Train perplexity: 21.99
[2023-08-25 01:15:12,472 INFO] Train accuracy: 67.292
[2023-08-25 01:15:12,472 INFO] Sentences processed: 1.30818e+06
[2023-08-25 01:15:12,472 INFO] Average bsz:  511/ 698/ 8
[2023-08-25 01:15:12,472 INFO] Validation perplexity: 23.0708
[2023-08-25 01:15:12,472 INFO] Validation accuracy: 65.319
[2023-08-25 01:15:12,569 INFO] Saving checkpoint /data2/cmdir/home/nhanvt/data_NLLB/nllb_opennmt/training/vi-th/nllb-200-3.3B.onmt_step_39000.pt
[2023-08-25 01:17:35,447 INFO] Step 39100/200000; acc: 67.9; ppl:  21.3; xent: 3.1; lr: 0.00022; sents:    6624; bsz:  505/ 689/ 8; 1720/2347 tok/s;  52134 sec;
[2023-08-25 01:19:24,050 INFO] Step 39200/200000; acc: 68.0; ppl:  21.1; xent: 3.0; lr: 0.00022; sents:    6640; bsz:  517/ 705/ 8; 3810/5192 tok/s;  52243 sec;
[2023-08-25 01:21:11,812 INFO] Step 39300/200000; acc: 68.0; ppl:  21.2; xent: 3.1; lr: 0.00022; sents:    6832; bsz:  502/ 685/ 9; 3728/5087 tok/s;  52351 sec;
[2023-08-25 01:23:49,552 INFO] Step 39400/200000; acc: 67.9; ppl:  21.2; xent: 3.1; lr: 0.00022; sents:    6600; bsz:  521/ 711/ 8; 2642/3608 tok/s;  52509 sec;
[2023-08-25 01:25:56,717 INFO] Step 39500/200000; acc: 68.1; ppl:  21.0; xent: 3.0; lr: 0.00022; sents:    6712; bsz:  508/ 696/ 8; 3198/4377 tok/s;  52636 sec;
[2023-08-25 01:27:28,518 INFO] valid stats calculation
                           took: 91.79704689979553 s.
[2023-08-25 01:27:28,526 INFO] Train perplexity: 21.9818
[2023-08-25 01:27:28,526 INFO] Train accuracy: 67.2986
[2023-08-25 01:27:28,526 INFO] Sentences processed: 1.32488e+06
[2023-08-25 01:27:28,526 INFO] Average bsz:  511/ 698/ 8
[2023-08-25 01:27:28,527 INFO] Validation perplexity: 23.071
[2023-08-25 01:27:28,527 INFO] Validation accuracy: 65.3176
[2023-08-25 01:27:28,621 INFO] Saving checkpoint /data2/cmdir/home/nhanvt/data_NLLB/nllb_opennmt/training/vi-th/nllb-200-3.3B.onmt_step_39500.pt
[2023-08-25 01:29:47,740 INFO] Step 39600/200000; acc: 67.8; ppl:  21.3; xent: 3.1; lr: 0.00022; sents:    6656; bsz:  490/ 666/ 8; 1696/2305 tok/s;  52867 sec;
[2023-08-25 01:31:35,040 INFO] Step 39700/200000; acc: 67.9; ppl:  21.3; xent: 3.1; lr: 0.00022; sents:    6720; bsz:  509/ 698/ 8; 3798/5206 tok/s;  52974 sec;
[2023-08-25 01:33:22,619 INFO] Step 39800/200000; acc: 68.1; ppl:  21.0; xent: 3.0; lr: 0.00022; sents:    6736; bsz:  502/ 686/ 8; 3737/5101 tok/s;  53082 sec;
[2023-08-25 01:35:10,660 INFO] Step 39900/200000; acc: 67.8; ppl:  21.4; xent: 3.1; lr: 0.00022; sents:    6712; bsz:  503/ 688/ 8; 3724/5094 tok/s;  53190 sec;
[2023-08-25 01:37:00,459 INFO] Step 40000/200000; acc: 68.1; ppl:  21.1; xent: 3.0; lr: 0.00022; sents:    6592; bsz:  536/ 736/ 8; 3903/5363 tok/s;  53300 sec;
[2023-08-25 01:38:31,951 INFO] valid stats calculation
                           took: 91.48708534240723 s.
[2023-08-25 01:38:31,958 INFO] Train perplexity: 21.9724
[2023-08-25 01:38:31,958 INFO] Train accuracy: 67.3063
[2023-08-25 01:38:31,958 INFO] Sentences processed: 1.34159e+06
[2023-08-25 01:38:31,958 INFO] Average bsz:  511/ 698/ 8
[2023-08-25 01:38:31,958 INFO] Validation perplexity: 23.0711
[2023-08-25 01:38:31,958 INFO] Validation accuracy: 65.3157
[2023-08-25 01:38:32,055 INFO] Saving checkpoint /data2/cmdir/home/nhanvt/data_NLLB/nllb_opennmt/training/vi-th/nllb-200-3.3B.onmt_step_40000.pt
[2023-08-25 01:40:49,864 INFO] Step 40100/200000; acc: 67.6; ppl:  21.6; xent: 3.1; lr: 0.00022; sents:    6632; bsz:  502/ 684/ 8; 1750/2384 tok/s;  53529 sec;
[2023-08-25 01:42:37,144 INFO] Step 40200/200000; acc: 67.8; ppl:  21.3; xent: 3.1; lr: 0.00022; sents:    6656; bsz:  486/ 664/ 8; 3624/4949 tok/s;  53636 sec;
[2023-08-25 01:44:26,790 INFO] Step 40300/200000; acc: 68.2; ppl:  21.0; xent: 3.0; lr: 0.00022; sents:    6464; bsz:  525/ 724/ 8; 3828/5280 tok/s;  53746 sec;
[2023-08-25 01:46:15,430 INFO] Step 40400/200000; acc: 68.1; ppl:  21.0; xent: 3.0; lr: 0.00022; sents:    6816; bsz:  505/ 690/ 9; 3721/5082 tok/s;  53854 sec;
[2023-08-25 01:48:03,861 INFO] Step 40500/200000; acc: 68.3; ppl:  20.9; xent: 3.0; lr: 0.00022; sents:    6808; bsz:  510/ 696/ 9; 3762/5139 tok/s;  53963 sec;
[2023-08-25 01:49:34,528 INFO] valid stats calculation
                           took: 90.66200637817383 s.
[2023-08-25 01:49:34,537 INFO] Train perplexity: 21.9627
[2023-08-25 01:49:34,537 INFO] Train accuracy: 67.3144
[2023-08-25 01:49:34,537 INFO] Sentences processed: 1.35828e+06
[2023-08-25 01:49:34,537 INFO] Average bsz:  511/ 698/ 8
[2023-08-25 01:49:34,537 INFO] Validation perplexity: 23.0737
[2023-08-25 01:49:34,537 INFO] Validation accuracy: 65.3184
[2023-08-25 01:49:34,631 INFO] Saving checkpoint /data2/cmdir/home/nhanvt/data_NLLB/nllb_opennmt/training/vi-th/nllb-200-3.3B.onmt_step_40500.pt
[2023-08-25 01:51:56,095 INFO] Step 40600/200000; acc: 68.5; ppl:  20.7; xent: 3.0; lr: 0.00022; sents:    6736; bsz:  524/ 720/ 8; 1804/2481 tok/s;  54195 sec;
[2023-08-25 01:53:45,257 INFO] Step 40700/200000; acc: 68.0; ppl:  21.2; xent: 3.1; lr: 0.00022; sents:    6584; bsz:  525/ 721/ 8; 3850/5281 tok/s;  54304 sec;
[2023-08-25 01:55:32,908 INFO] Step 40800/200000; acc: 67.7; ppl:  21.5; xent: 3.1; lr: 0.00022; sents:    6616; bsz:  497/ 676/ 8; 3692/5021 tok/s;  54412 sec;
[2023-08-25 01:57:21,997 INFO] Step 40900/200000; acc: 68.0; ppl:  21.1; xent: 3.0; lr: 0.00022; sents:    6856; bsz:  524/ 715/ 9; 3841/5245 tok/s;  54521 sec;
[2023-08-25 01:59:10,158 INFO] Step 41000/200000; acc: 67.8; ppl:  21.4; xent: 3.1; lr: 0.00022; sents:    6768; bsz:  505/ 688/ 8; 3736/5090 tok/s;  54629 sec;
[2023-08-25 02:00:42,223 INFO] valid stats calculation
                           took: 92.06017994880676 s.
[2023-08-25 02:00:42,232 INFO] Train perplexity: 21.952
[2023-08-25 02:00:42,232 INFO] Train accuracy: 67.3235
[2023-08-25 02:00:42,232 INFO] Sentences processed: 1.37506e+06
[2023-08-25 02:00:42,232 INFO] Average bsz:  511/ 698/ 8
[2023-08-25 02:00:42,232 INFO] Validation perplexity: 23.0769
[2023-08-25 02:00:42,232 INFO] Validation accuracy: 65.3206
[2023-08-25 02:00:42,325 INFO] Saving checkpoint /data2/cmdir/home/nhanvt/data_NLLB/nllb_opennmt/training/vi-th/nllb-200-3.3B.onmt_step_41000.pt
[2023-08-25 02:03:00,998 INFO] Step 41100/200000; acc: 67.9; ppl:  21.3; xent: 3.1; lr: 0.00022; sents:    6592; bsz:  509/ 699/ 8; 1765/2422 tok/s;  54860 sec;
[2023-08-25 02:04:48,223 INFO] Step 41200/200000; acc: 68.1; ppl:  21.0; xent: 3.0; lr: 0.00022; sents:    6544; bsz:  500/ 682/ 8; 3730/5088 tok/s;  54967 sec;
[2023-08-25 02:06:34,510 INFO] Step 41300/200000; acc: 67.6; ppl:  21.5; xent: 3.1; lr: 0.00022; sents:    6600; bsz:  503/ 685/ 8; 3786/5153 tok/s;  55074 sec;
[2023-08-25 02:08:20,038 INFO] Step 41400/200000; acc: 67.6; ppl:  21.6; xent: 3.1; lr: 0.00022; sents:    6664; bsz:  496/ 674/ 8; 3764/5108 tok/s;  55179 sec;
[2023-08-25 02:10:07,642 INFO] Step 41500/200000; acc: 67.9; ppl:  21.3; xent: 3.1; lr: 0.00022; sents:    6536; bsz:  505/ 686/ 8; 3755/5098 tok/s;  55287 sec;
[2023-08-25 02:11:38,540 INFO] valid stats calculation
                           took: 90.89431619644165 s.
[2023-08-25 02:11:38,550 INFO] Train perplexity: 21.9473
[2023-08-25 02:11:38,551 INFO] Train accuracy: 67.3272
[2023-08-25 02:11:38,551 INFO] Sentences processed: 1.39154e+06
[2023-08-25 02:11:38,551 INFO] Average bsz:  511/ 698/ 8
[2023-08-25 02:11:38,551 INFO] Validation perplexity: 23.0769
[2023-08-25 02:11:38,551 INFO] Validation accuracy: 65.3141
[2023-08-25 02:11:38,647 INFO] Saving checkpoint /data2/cmdir/home/nhanvt/data_NLLB/nllb_opennmt/training/vi-th/nllb-200-3.3B.onmt_step_41500.pt
[2023-08-25 02:13:56,901 INFO] Step 41600/200000; acc: 67.8; ppl:  21.4; xent: 3.1; lr: 0.00022; sents:    6880; bsz:  517/ 705/ 9; 1803/2460 tok/s;  55516 sec;
[2023-08-25 02:15:43,776 INFO] Step 41700/200000; acc: 67.9; ppl:  21.3; xent: 3.1; lr: 0.00022; sents:    6748; bsz:  492/ 670/ 8; 3683/5015 tok/s;  55623 sec;
[2023-08-25 02:17:30,578 INFO] Step 41800/200000; acc: 68.2; ppl:  20.9; xent: 3.0; lr: 0.00022; sents:    6744; bsz:  497/ 676/ 8; 3721/5065 tok/s;  55730 sec;
[2023-08-25 02:19:17,689 INFO] Step 41900/200000; acc: 67.8; ppl:  21.3; xent: 3.1; lr: 0.00022; sents:    6704; bsz:  510/ 691/ 8; 3808/5159 tok/s;  55837 sec;
[2023-08-25 02:21:05,325 INFO] Step 42000/200000; acc: 67.9; ppl:  21.3; xent: 3.1; lr: 0.00022; sents:    6568; bsz:  504/ 688/ 8; 3749/5114 tok/s;  55944 sec;
[2023-08-25 02:22:36,728 INFO] valid stats calculation
                           took: 91.39880657196045 s.
[2023-08-25 02:22:36,734 INFO] Train perplexity: 21.9398
[2023-08-25 02:22:36,734 INFO] Train accuracy: 67.3333
[2023-08-25 02:22:36,735 INFO] Sentences processed: 1.40836e+06
[2023-08-25 02:22:36,735 INFO] Average bsz:  511/ 698/ 8
[2023-08-25 02:22:36,735 INFO] Validation perplexity: 23.079
[2023-08-25 02:22:36,735 INFO] Validation accuracy: 65.3235
[2023-08-25 02:22:36,826 INFO] Saving checkpoint /data2/cmdir/home/nhanvt/data_NLLB/nllb_opennmt/training/vi-th/nllb-200-3.3B.onmt_step_42000.pt
[2023-08-25 02:24:53,913 INFO] Step 42100/200000; acc: 68.0; ppl:  21.2; xent: 3.1; lr: 0.00022; sents:    6760; bsz:  523/ 714/ 8; 1829/2499 tok/s;  56173 sec;
[2023-08-25 02:26:40,733 INFO] Step 42200/200000; acc: 68.1; ppl:  21.1; xent: 3.0; lr: 0.00022; sents:    6640; bsz:  499/ 682/ 8; 3734/5105 tok/s;  56280 sec;
[2023-08-25 02:28:28,530 INFO] Step 42300/200000; acc: 68.0; ppl:  21.1; xent: 3.1; lr: 0.00021; sents:    6800; bsz:  519/ 707/ 8; 3849/5245 tok/s;  56388 sec;
[2023-08-25 02:30:17,945 INFO] Step 42400/200000; acc: 68.5; ppl:  20.7; xent: 3.0; lr: 0.00021; sents:    6912; bsz:  535/ 738/ 9; 3909/5400 tok/s;  56497 sec;
[2023-08-25 02:32:06,574 INFO] Step 42500/200000; acc: 68.4; ppl:  20.7; xent: 3.0; lr: 0.00021; sents:    6744; bsz:  519/ 715/ 8; 3821/5264 tok/s;  56606 sec;
[2023-08-25 02:33:37,582 INFO] valid stats calculation
                           took: 91.00352668762207 s.
[2023-08-25 02:33:37,590 INFO] Train perplexity: 21.9274
[2023-08-25 02:33:37,590 INFO] Train accuracy: 67.3439
[2023-08-25 02:33:37,590 INFO] Sentences processed: 1.42529e+06
[2023-08-25 02:33:37,590 INFO] Average bsz:  511/ 698/ 8
[2023-08-25 02:33:37,590 INFO] Validation perplexity: 23.0836
[2023-08-25 02:33:37,590 INFO] Validation accuracy: 65.3025
[2023-08-25 02:33:37,684 INFO] Saving checkpoint /data2/cmdir/home/nhanvt/data_NLLB/nllb_opennmt/training/vi-th/nllb-200-3.3B.onmt_step_42500.pt
[2023-08-25 02:35:54,846 INFO] Step 42600/200000; acc: 67.9; ppl:  21.3; xent: 3.1; lr: 0.00021; sents:    6720; bsz:  506/ 689/ 8; 1773/2414 tok/s;  56834 sec;
[2023-08-25 02:37:43,923 INFO] Step 42700/200000; acc: 68.4; ppl:  20.8; xent: 3.0; lr: 0.00021; sents:    6736; bsz:  517/ 710/ 8; 3795/5210 tok/s;  56943 sec;
[2023-08-25 02:39:31,664 INFO] Step 42800/200000; acc: 68.0; ppl:  21.2; xent: 3.1; lr: 0.00021; sents:    6600; bsz:  508/ 691/ 8; 3770/5134 tok/s;  57051 sec;
[2023-08-25 02:41:20,600 INFO] Step 42900/200000; acc: 68.3; ppl:  20.8; xent: 3.0; lr: 0.00021; sents:    6704; bsz:  528/ 723/ 8; 3879/5311 tok/s;  57160 sec;
[2023-08-25 02:43:08,303 INFO] Step 43000/200000; acc: 68.1; ppl:  21.0; xent: 3.0; lr: 0.00021; sents:    6712; bsz:  511/ 697/ 8; 3796/5176 tok/s;  57267 sec;
[2023-08-25 02:44:39,309 INFO] valid stats calculation
                           took: 91.00113916397095 s.
[2023-08-25 02:44:39,316 INFO] Train perplexity: 21.9173
[2023-08-25 02:44:39,316 INFO] Train accuracy: 67.3525
[2023-08-25 02:44:39,317 INFO] Sentences processed: 1.44204e+06
[2023-08-25 02:44:39,317 INFO] Average bsz:  511/ 698/ 8
[2023-08-25 02:44:39,317 INFO] Validation perplexity: 23.0885
[2023-08-25 02:44:39,317 INFO] Validation accuracy: 65.3159
[2023-08-25 02:44:39,410 INFO] Saving checkpoint /data2/cmdir/home/nhanvt/data_NLLB/nllb_opennmt/training/vi-th/nllb-200-3.3B.onmt_step_43000.pt
[2023-08-25 02:46:55,028 INFO] Step 43100/200000; acc: 67.9; ppl:  21.3; xent: 3.1; lr: 0.00021; sents:    6688; bsz:  488/ 662/ 8; 1722/2336 tok/s;  57494 sec;
[2023-08-25 02:48:40,789 INFO] Step 43200/200000; acc: 67.6; ppl:  21.6; xent: 3.1; lr: 0.00021; sents:    6728; bsz:  494/ 670/ 8; 3734/5066 tok/s;  57600 sec;
[2023-08-25 02:50:27,539 INFO] Step 43300/200000; acc: 68.0; ppl:  21.1; xent: 3.0; lr: 0.00021; sents:    6776; bsz:  504/ 686/ 8; 3778/5144 tok/s;  57707 sec;
[2023-08-25 02:52:15,267 INFO] Step 43400/200000; acc: 68.1; ppl:  21.2; xent: 3.1; lr: 0.00021; sents:    6600; bsz:  521/ 712/ 8; 3872/5290 tok/s;  57814 sec;
[2023-08-25 02:54:02,558 INFO] Step 43500/200000; acc: 67.9; ppl:  21.2; xent: 3.1; lr: 0.00021; sents:    6760; bsz:  503/ 685/ 8; 3750/5107 tok/s;  57922 sec;
[2023-08-25 02:55:34,533 INFO] valid stats calculation
                           took: 91.97140955924988 s.
[2023-08-25 02:55:34,543 INFO] Train perplexity: 21.9093
[2023-08-25 02:55:34,543 INFO] Train accuracy: 67.359
[2023-08-25 02:55:34,543 INFO] Sentences processed: 1.45879e+06
[2023-08-25 02:55:34,543 INFO] Average bsz:  511/ 698/ 8
[2023-08-25 02:55:34,543 INFO] Validation perplexity: 23.0876
[2023-08-25 02:55:34,543 INFO] Validation accuracy: 65.3169
[2023-08-25 02:55:34,635 INFO] Saving checkpoint /data2/cmdir/home/nhanvt/data_NLLB/nllb_opennmt/training/vi-th/nllb-200-3.3B.onmt_step_43500.pt
[2023-08-25 02:57:51,606 INFO] Step 43600/200000; acc: 67.9; ppl:  21.2; xent: 3.1; lr: 0.00021; sents:    6792; bsz:  512/ 696/ 8; 1788/2431 tok/s;  58151 sec;
[2023-08-25 02:59:38,957 INFO] Step 43700/200000; acc: 67.6; ppl:  21.6; xent: 3.1; lr: 0.00021; sents:    6568; bsz:  520/ 713/ 8; 3878/5314 tok/s;  58258 sec;
[2023-08-25 03:01:27,827 INFO] Step 43800/200000; acc: 68.3; ppl:  20.8; xent: 3.0; lr: 0.00021; sents:    6656; bsz:  535/ 736/ 8; 3928/5410 tok/s;  58367 sec;
[2023-08-25 03:03:14,966 INFO] Step 43900/200000; acc: 67.2; ppl:  22.0; xent: 3.1; lr: 0.00021; sents:    6776; bsz:  499/ 681/ 8; 3729/5083 tok/s;  58474 sec;
[2023-08-25 03:05:02,527 INFO] Step 44000/200000; acc: 67.9; ppl:  21.3; xent: 3.1; lr: 0.00021; sents:    6736; bsz:  510/ 696/ 8; 3792/5174 tok/s;  58582 sec;
[2023-08-25 03:06:34,674 INFO] valid stats calculation
                           took: 92.14252734184265 s.
[2023-08-25 03:06:34,680 INFO] Train perplexity: 21.9042
[2023-08-25 03:06:34,680 INFO] Train accuracy: 67.3631
[2023-08-25 03:06:34,680 INFO] Sentences processed: 1.47556e+06
[2023-08-25 03:06:34,680 INFO] Average bsz:  511/ 698/ 8
[2023-08-25 03:06:34,680 INFO] Validation perplexity: 23.0869
[2023-08-25 03:06:34,680 INFO] Validation accuracy: 65.3134
[2023-08-25 03:06:34,774 INFO] Saving checkpoint /data2/cmdir/home/nhanvt/data_NLLB/nllb_opennmt/training/vi-th/nllb-200-3.3B.onmt_step_44000.pt
[2023-08-25 03:08:54,635 INFO] Step 44100/200000; acc: 67.9; ppl:  21.3; xent: 3.1; lr: 0.00021; sents:    6816; bsz:  509/ 694/ 9; 1754/2393 tok/s;  58814 sec;
[2023-08-25 03:10:43,670 INFO] Step 44200/200000; acc: 68.0; ppl:  21.3; xent: 3.1; lr: 0.00021; sents:    6792; bsz:  522/ 720/ 8; 3830/5284 tok/s;  58923 sec;
[2023-08-25 03:12:31,818 INFO] Step 44300/200000; acc: 67.8; ppl:  21.4; xent: 3.1; lr: 0.00021; sents:    6784; bsz:  515/ 698/ 8; 3813/5162 tok/s;  59031 sec;
[2023-08-25 03:14:19,823 INFO] Step 44400/200000; acc: 67.9; ppl:  21.3; xent: 3.1; lr: 0.00021; sents:    6784; bsz:  511/ 695/ 8; 3788/5147 tok/s;  59139 sec;
[2023-08-25 03:16:08,586 INFO] Step 44500/200000; acc: 67.9; ppl:  21.3; xent: 3.1; lr: 0.00021; sents:    6680; bsz:  514/ 699/ 8; 3779/5143 tok/s;  59248 sec;
[2023-08-25 03:17:40,207 INFO] valid stats calculation
                           took: 91.61691212654114 s.
[2023-08-25 03:17:40,214 INFO] Train perplexity: 21.8975
[2023-08-25 03:17:40,214 INFO] Train accuracy: 67.3689
[2023-08-25 03:17:40,214 INFO] Sentences processed: 1.49248e+06
[2023-08-25 03:17:40,214 INFO] Average bsz:  511/ 698/ 8
[2023-08-25 03:17:40,214 INFO] Validation perplexity: 23.0908
[2023-08-25 03:17:40,214 INFO] Validation accuracy: 65.3102
[2023-08-25 03:17:40,308 INFO] Saving checkpoint /data2/cmdir/home/nhanvt/data_NLLB/nllb_opennmt/training/vi-th/nllb-200-3.3B.onmt_step_44500.pt
[2023-08-25 03:20:00,255 INFO] Step 44600/200000; acc: 68.0; ppl:  21.2; xent: 3.1; lr: 0.00021; sents:    6680; bsz:  512/ 701/ 8; 1768/2421 tok/s;  59479 sec;
[2023-08-25 03:21:48,032 INFO] Step 44700/200000; acc: 67.8; ppl:  21.4; xent: 3.1; lr: 0.00021; sents:    6712; bsz:  496/ 680/ 8; 3684/5047 tok/s;  59587 sec;
[2023-08-25 03:23:36,807 INFO] Step 44800/200000; acc: 68.2; ppl:  21.1; xent: 3.0; lr: 0.00021; sents:    6696; bsz:  520/ 710/ 8; 3825/5224 tok/s;  59696 sec;
[2023-08-25 03:25:25,989 INFO] Step 44900/200000; acc: 68.1; ppl:  21.0; xent: 3.0; lr: 0.00021; sents:    6719; bsz:  522/ 716/ 8; 3825/5249 tok/s;  59805 sec;
[2023-08-25 03:27:13,836 INFO] Step 45000/200000; acc: 68.1; ppl:  21.0; xent: 3.0; lr: 0.00021; sents:    6813; bsz:  504/ 687/ 9; 3740/5098 tok/s;  59913 sec;
[2023-08-25 03:28:45,790 INFO] valid stats calculation
                           took: 91.94953346252441 s.
[2023-08-25 03:28:45,797 INFO] Train perplexity: 21.8912
[2023-08-25 03:28:45,798 INFO] Train accuracy: 67.3746
[2023-08-25 03:28:45,798 INFO] Sentences processed: 1.5093e+06
[2023-08-25 03:28:45,798 INFO] Average bsz:  511/ 698/ 8
[2023-08-25 03:28:45,798 INFO] Validation perplexity: 23.0918
[2023-08-25 03:28:45,798 INFO] Validation accuracy: 65.3095
[2023-08-25 03:28:45,894 INFO] Saving checkpoint /data2/cmdir/home/nhanvt/data_NLLB/nllb_opennmt/training/vi-th/nllb-200-3.3B.onmt_step_45000.pt
[2023-08-25 03:31:04,104 INFO] Step 45100/200000; acc: 68.0; ppl:  21.3; xent: 3.1; lr: 0.00021; sents:    6616; bsz:  501/ 685/ 8; 1739/2379 tok/s;  60143 sec;
[2023-08-25 03:32:52,698 INFO] Step 45200/200000; acc: 68.0; ppl:  21.1; xent: 3.1; lr: 0.00021; sents:    6552; bsz:  505/ 689/ 8; 3719/5076 tok/s;  60252 sec;
[2023-08-25 03:34:41,615 INFO] Step 45300/200000; acc: 68.0; ppl:  21.2; xent: 3.1; lr: 0.00021; sents:    6568; bsz:  511/ 698/ 8; 3757/5128 tok/s;  60361 sec;
[2023-08-25 03:36:30,001 INFO] Step 45400/200000; acc: 68.0; ppl:  21.2; xent: 3.1; lr: 0.00021; sents:    6776; bsz:  505/ 687/ 8; 3726/5073 tok/s;  60469 sec;
[2023-08-25 03:38:18,748 INFO] Step 45500/200000; acc: 68.1; ppl:  21.1; xent: 3.1; lr: 0.00021; sents:    6760; bsz:  515/ 704/ 8; 3790/5179 tok/s;  60578 sec;
[2023-08-25 03:39:50,421 INFO] valid stats calculation
                           took: 91.66900849342346 s.
[2023-08-25 03:39:50,428 INFO] Train perplexity: 21.8836
[2023-08-25 03:39:50,428 INFO] Train accuracy: 67.3812
[2023-08-25 03:39:50,428 INFO] Sentences processed: 1.52593e+06
[2023-08-25 03:39:50,428 INFO] Average bsz:  511/ 698/ 8
[2023-08-25 03:39:50,428 INFO] Validation perplexity: 23.093
[2023-08-25 03:39:50,428 INFO] Validation accuracy: 65.3102
[2023-08-25 03:39:50,528 INFO] Saving checkpoint /data2/cmdir/home/nhanvt/data_NLLB/nllb_opennmt/training/vi-th/nllb-200-3.3B.onmt_step_45500.pt
[2023-08-25 03:42:06,956 INFO] Step 45600/200000; acc: 68.1; ppl:  21.0; xent: 3.0; lr: 0.00021; sents:    6672; bsz:  502/ 685/ 8; 1761/2401 tok/s;  60806 sec;
[2023-08-25 03:43:55,417 INFO] Step 45700/200000; acc: 68.0; ppl:  21.1; xent: 3.1; lr: 0.00021; sents:    6728; bsz:  509/ 691/ 8; 3753/5098 tok/s;  60914 sec;
[2023-08-25 03:45:43,455 INFO] Step 45800/200000; acc: 68.4; ppl:  20.7; xent: 3.0; lr: 0.00021; sents:    6624; bsz:  517/ 705/ 8; 3825/5220 tok/s;  61022 sec;
[2023-08-25 03:47:31,171 INFO] Step 45900/200000; acc: 68.0; ppl:  21.1; xent: 3.1; lr: 0.00021; sents:    6592; bsz:  499/ 681/ 8; 3710/5060 tok/s;  61130 sec;
[2023-08-25 03:49:20,001 INFO] Step 46000/200000; acc: 68.0; ppl:  21.2; xent: 3.1; lr: 0.00021; sents:    6720; bsz:  511/ 700/ 8; 3757/5149 tok/s;  61239 sec;
[2023-08-25 03:50:51,970 INFO] valid stats calculation
                           took: 91.96519064903259 s.
[2023-08-25 03:50:51,978 INFO] Train perplexity: 21.8752
[2023-08-25 03:50:51,978 INFO] Train accuracy: 67.3882
[2023-08-25 03:50:51,978 INFO] Sentences processed: 1.54259e+06
[2023-08-25 03:50:51,978 INFO] Average bsz:  511/ 698/ 8
[2023-08-25 03:50:51,978 INFO] Validation perplexity: 23.0939
[2023-08-25 03:50:51,978 INFO] Validation accuracy: 65.3211
[2023-08-25 03:50:52,071 INFO] Saving checkpoint /data2/cmdir/home/nhanvt/data_NLLB/nllb_opennmt/training/vi-th/nllb-200-3.3B.onmt_step_46000.pt
[2023-08-25 03:53:09,170 INFO] Step 46100/200000; acc: 68.0; ppl:  21.2; xent: 3.1; lr: 0.00021; sents:    6656; bsz:  507/ 692/ 8; 1770/2416 tok/s;  61468 sec;
[2023-08-25 03:54:56,167 INFO] Step 46200/200000; acc: 67.9; ppl:  21.2; xent: 3.1; lr: 0.00021; sents:    6784; bsz:  496/ 670/ 8; 3710/5011 tok/s;  61575 sec;
[2023-08-25 03:56:42,849 INFO] Step 46300/200000; acc: 67.9; ppl:  21.3; xent: 3.1; lr: 0.00021; sents:    6712; bsz:  493/ 665/ 8; 3694/4990 tok/s;  61682 sec;
[2023-08-25 03:58:30,491 INFO] Step 46400/200000; acc: 68.1; ppl:  21.0; xent: 3.0; lr: 0.00021; sents:    6696; bsz:  493/ 673/ 8; 3665/5003 tok/s;  61790 sec;
[2023-08-25 04:00:19,128 INFO] Step 46500/200000; acc: 67.9; ppl:  21.3; xent: 3.1; lr: 0.00020; sents:    6736; bsz:  522/ 712/ 8; 3841/5243 tok/s;  61898 sec;
[2023-08-25 04:01:50,034 INFO] valid stats calculation
                           took: 90.9015440940857 s.
[2023-08-25 04:01:50,041 INFO] Train perplexity: 21.8689
[2023-08-25 04:01:50,042 INFO] Train accuracy: 67.3932
[2023-08-25 04:01:50,042 INFO] Sentences processed: 1.55939e+06
[2023-08-25 04:01:50,042 INFO] Average bsz:  511/ 698/ 8
[2023-08-25 04:01:50,042 INFO] Validation perplexity: 23.0946
[2023-08-25 04:01:50,042 INFO] Validation accuracy: 65.325
[2023-08-25 04:01:50,135 INFO] Saving checkpoint /data2/cmdir/home/nhanvt/data_NLLB/nllb_opennmt/training/vi-th/nllb-200-3.3B.onmt_step_46500.pt
[2023-08-25 04:04:07,397 INFO] Step 46600/200000; acc: 67.8; ppl:  21.3; xent: 3.1; lr: 0.00020; sents:    6936; bsz:  509/ 690/ 9; 1783/2419 tok/s;  62126 sec;
[2023-08-25 04:05:54,829 INFO] Step 46700/200000; acc: 68.4; ppl:  20.8; xent: 3.0; lr: 0.00020; sents:    6528; bsz:  499/ 684/ 8; 3718/5096 tok/s;  62234 sec;
[2023-08-25 04:07:43,618 INFO] Step 46800/200000; acc: 68.4; ppl:  20.8; xent: 3.0; lr: 0.00020; sents:    6696; bsz:  526/ 725/ 8; 3868/5329 tok/s;  62343 sec;
[2023-08-25 04:09:31,136 INFO] Step 46900/200000; acc: 67.9; ppl:  21.3; xent: 3.1; lr: 0.00020; sents:    6752; bsz:  516/ 705/ 8; 3841/5245 tok/s;  62450 sec;
[2023-08-25 04:11:19,033 INFO] Step 47000/200000; acc: 68.1; ppl:  21.1; xent: 3.1; lr: 0.00020; sents:    6952; bsz:  514/ 701/ 9; 3810/5195 tok/s;  62558 sec;
[2023-08-25 04:12:49,911 INFO] valid stats calculation
                           took: 90.87300443649292 s.
[2023-08-25 04:12:49,918 INFO] Train perplexity: 21.8604
[2023-08-25 04:12:49,919 INFO] Train accuracy: 67.4004
[2023-08-25 04:12:49,919 INFO] Sentences processed: 1.57632e+06
[2023-08-25 04:12:49,919 INFO] Average bsz:  511/ 698/ 8
[2023-08-25 04:12:49,919 INFO] Validation perplexity: 23.0958
[2023-08-25 04:12:49,919 INFO] Validation accuracy: 65.3145
[2023-08-25 04:12:50,013 INFO] Saving checkpoint /data2/cmdir/home/nhanvt/data_NLLB/nllb_opennmt/training/vi-th/nllb-200-3.3B.onmt_step_47000.pt
[2023-08-25 04:15:07,390 INFO] Step 47100/200000; acc: 68.0; ppl:  21.2; xent: 3.1; lr: 0.00020; sents:    6640; bsz:  523/ 717/ 8; 1833/2511 tok/s;  62786 sec;
[2023-08-25 04:16:55,707 INFO] Step 47200/200000; acc: 67.8; ppl:  21.3; xent: 3.1; lr: 0.00020; sents:    6632; bsz:  525/ 716/ 8; 3875/5285 tok/s;  62895 sec;
[2023-08-25 04:18:43,297 INFO] Step 47300/200000; acc: 67.8; ppl:  21.4; xent: 3.1; lr: 0.00020; sents:    6688; bsz:  507/ 692/ 8; 3772/5145 tok/s;  63002 sec;
[2023-08-25 04:20:32,205 INFO] Step 47400/200000; acc: 68.3; ppl:  20.8; xent: 3.0; lr: 0.00020; sents:    6720; bsz:  534/ 731/ 8; 3926/5372 tok/s;  63111 sec;
[2023-08-25 04:22:21,281 INFO] Step 47500/200000; acc: 68.3; ppl:  20.8; xent: 3.0; lr: 0.00020; sents:    6552; bsz:  536/ 737/ 8; 3931/5402 tok/s;  63220 sec;
[2023-08-25 04:23:52,256 INFO] valid stats calculation
                           took: 90.97085785865784 s.
[2023-08-25 04:23:52,264 INFO] Train perplexity: 21.8544
[2023-08-25 04:23:52,264 INFO] Train accuracy: 67.4054
[2023-08-25 04:23:52,264 INFO] Sentences processed: 1.59292e+06
[2023-08-25 04:23:52,264 INFO] Average bsz:  511/ 698/ 8
[2023-08-25 04:23:52,264 INFO] Validation perplexity: 23.0983
[2023-08-25 04:23:52,264 INFO] Validation accuracy: 65.3153
[2023-08-25 04:23:52,357 INFO] Saving checkpoint /data2/cmdir/home/nhanvt/data_NLLB/nllb_opennmt/training/vi-th/nllb-200-3.3B.onmt_step_47500.pt
[2023-08-25 04:26:11,019 INFO] Step 47600/200000; acc: 68.6; ppl:  20.6; xent: 3.0; lr: 0.00020; sents:    6736; bsz:  538/ 740/ 8; 1874/2577 tok/s;  63450 sec;
[2023-08-25 04:28:00,127 INFO] Step 47700/200000; acc: 68.2; ppl:  21.1; xent: 3.0; lr: 0.00020; sents:    6728; bsz:  516/ 707/ 8; 3781/5186 tok/s;  63559 sec;
[2023-08-25 04:29:47,618 INFO] Step 47800/200000; acc: 67.8; ppl:  21.4; xent: 3.1; lr: 0.00020; sents:    6680; bsz:  498/ 678/ 8; 3703/5044 tok/s;  63667 sec;
[2023-08-25 04:31:35,687 INFO] Step 47900/200000; acc: 68.1; ppl:  21.1; xent: 3.0; lr: 0.00020; sents:    6656; bsz:  514/ 704/ 8; 3807/5214 tok/s;  63775 sec;
[2023-08-25 04:33:24,147 INFO] Step 48000/200000; acc: 68.1; ppl:  21.0; xent: 3.0; lr: 0.00020; sents:    6704; bsz:  519/ 706/ 8; 3827/5211 tok/s;  63883 sec;
[2023-08-25 04:34:55,166 INFO] valid stats calculation
                           took: 91.0149257183075 s.
[2023-08-25 04:34:55,175 INFO] Train perplexity: 21.8468
[2023-08-25 04:34:55,175 INFO] Train accuracy: 67.4124
[2023-08-25 04:34:55,175 INFO] Sentences processed: 1.60968e+06
[2023-08-25 04:34:55,175 INFO] Average bsz:  511/ 698/ 8
[2023-08-25 04:34:55,175 INFO] Validation perplexity: 23.1033
[2023-08-25 04:34:55,175 INFO] Validation accuracy: 65.3272
[2023-08-25 04:34:55,270 INFO] Saving checkpoint /data2/cmdir/home/nhanvt/data_NLLB/nllb_opennmt/training/vi-th/nllb-200-3.3B.onmt_step_48000.pt
[2023-08-25 04:37:10,008 INFO] Step 48100/200000; acc: 68.3; ppl:  20.8; xent: 3.0; lr: 0.00020; sents:    6664; bsz:  525/ 723/ 8; 1859/2561 tok/s;  64109 sec;
[2023-08-25 04:38:59,354 INFO] Step 48200/200000; acc: 68.1; ppl:  21.0; xent: 3.0; lr: 0.00020; sents:    6810; bsz:  527/ 718/ 9; 3854/5255 tok/s;  64218 sec;
[2023-08-25 04:40:48,357 INFO] Step 48300/200000; acc: 68.3; ppl:  20.8; xent: 3.0; lr: 0.00020; sents:    6568; bsz:  516/ 705/ 8; 3785/5175 tok/s;  64327 sec;
[2023-08-25 04:42:37,136 INFO] Step 48400/200000; acc: 68.4; ppl:  20.8; xent: 3.0; lr: 0.00020; sents:    6744; bsz:  530/ 726/ 8; 3900/5342 tok/s;  64436 sec;
[2023-08-25 04:44:24,969 INFO] Step 48500/200000; acc: 68.4; ppl:  20.7; xent: 3.0; lr: 0.00020; sents:    6768; bsz:  521/ 712/ 8; 3864/5279 tok/s;  64544 sec;
[2023-08-25 04:45:56,458 INFO] valid stats calculation
                           took: 91.48386597633362 s.
[2023-08-25 04:45:56,465 INFO] Train perplexity: 21.8358
[2023-08-25 04:45:56,465 INFO] Train accuracy: 67.4215
[2023-08-25 04:45:56,465 INFO] Sentences processed: 1.62644e+06
[2023-08-25 04:45:56,465 INFO] Average bsz:  511/ 698/ 8
[2023-08-25 04:45:56,465 INFO] Validation perplexity: 23.1055
[2023-08-25 04:45:56,465 INFO] Validation accuracy: 65.3287
[2023-08-25 04:45:56,558 INFO] Saving checkpoint /data2/cmdir/home/nhanvt/data_NLLB/nllb_opennmt/training/vi-th/nllb-200-3.3B.onmt_step_48500.pt
[2023-08-25 04:48:09,741 INFO] Step 48600/200000; acc: 67.9; ppl:  21.3; xent: 3.1; lr: 0.00020; sents:    6648; bsz:  511/ 696/ 8; 1818/2477 tok/s;  64769 sec;
[2023-08-25 04:49:57,883 INFO] Step 48700/200000; acc: 67.8; ppl:  21.4; xent: 3.1; lr: 0.00020; sents:    6976; bsz:  512/ 699/ 9; 3789/5169 tok/s;  64877 sec;
[2023-08-25 04:51:46,194 INFO] Step 48800/200000; acc: 68.2; ppl:  21.0; xent: 3.0; lr: 0.00020; sents:    6672; bsz:  510/ 700/ 8; 3769/5170 tok/s;  64985 sec;
[2023-08-25 04:53:33,556 INFO] Step 48900/200000; acc: 67.8; ppl:  21.4; xent: 3.1; lr: 0.00020; sents:    6680; bsz:  491/ 669/ 8; 3661/4982 tok/s;  65093 sec;
[2023-08-25 04:55:22,420 INFO] Step 49000/200000; acc: 68.1; ppl:  21.1; xent: 3.0; lr: 0.00020; sents:    6640; bsz:  512/ 702/ 8; 3759/5161 tok/s;  65201 sec;
[2023-08-25 04:56:54,063 INFO] valid stats calculation
                           took: 91.63819003105164 s.
[2023-08-25 04:56:54,070 INFO] Train perplexity: 21.83
[2023-08-25 04:56:54,070 INFO] Train accuracy: 67.4266
[2023-08-25 04:56:54,070 INFO] Sentences processed: 1.64325e+06
[2023-08-25 04:56:54,070 INFO] Average bsz:  511/ 698/ 8
[2023-08-25 04:56:54,070 INFO] Validation perplexity: 23.1045
[2023-08-25 04:56:54,070 INFO] Validation accuracy: 65.3182
[2023-08-25 04:56:54,169 INFO] Saving checkpoint /data2/cmdir/home/nhanvt/data_NLLB/nllb_opennmt/training/vi-th/nllb-200-3.3B.onmt_step_49000.pt
[2023-08-25 04:59:09,341 INFO] Step 49100/200000; acc: 68.1; ppl:  20.9; xent: 3.0; lr: 0.00020; sents:    6568; bsz:  506/ 688/ 8; 1785/2426 tok/s;  65428 sec;
[2023-08-25 05:00:57,747 INFO] Step 49200/200000; acc: 68.1; ppl:  21.0; xent: 3.0; lr: 0.00020; sents:    6592; bsz:  523/ 721/ 8; 3860/5318 tok/s;  65537 sec;
[2023-08-25 05:02:44,625 INFO] Step 49300/200000; acc: 68.1; ppl:  21.2; xent: 3.1; lr: 0.00020; sents:    6952; bsz:  513/ 698/ 9; 3841/5222 tok/s;  65644 sec;
[2023-08-25 05:04:31,487 INFO] Step 49400/200000; acc: 67.8; ppl:  21.3; xent: 3.1; lr: 0.00020; sents:    6944; bsz:  500/ 677/ 9; 3741/5069 tok/s;  65751 sec;
[2023-08-25 05:06:18,483 INFO] Step 49500/200000; acc: 68.2; ppl:  20.9; xent: 3.0; lr: 0.00020; sents:    6640; bsz:  506/ 692/ 8; 3786/5173 tok/s;  65858 sec;
[2023-08-25 05:07:50,184 INFO] valid stats calculation
                           took: 91.6964418888092 s.
[2023-08-25 05:07:50,190 INFO] Train perplexity: 21.8246
[2023-08-25 05:07:50,190 INFO] Train accuracy: 67.4308
[2023-08-25 05:07:50,190 INFO] Sentences processed: 1.66013e+06
[2023-08-25 05:07:50,190 INFO] Average bsz:  511/ 698/ 8
[2023-08-25 05:07:50,190 INFO] Validation perplexity: 23.1068
[2023-08-25 05:07:50,190 INFO] Validation accuracy: 65.3132
[2023-08-25 05:07:50,283 INFO] Saving checkpoint /data2/cmdir/home/nhanvt/data_NLLB/nllb_opennmt/training/vi-th/nllb-200-3.3B.onmt_step_49500.pt
[2023-08-25 05:10:08,044 INFO] Step 49600/200000; acc: 68.2; ppl:  21.0; xent: 3.0; lr: 0.00020; sents:    6824; bsz:  505/ 687/ 9; 1759/2396 tok/s;  66087 sec;
[2023-08-25 05:11:56,248 INFO] Step 49700/200000; acc: 67.9; ppl:  21.3; xent: 3.1; lr: 0.00020; sents:    6800; bsz:  512/ 698/ 8; 3785/5162 tok/s;  66195 sec;
[2023-08-25 05:13:42,824 INFO] Step 49800/200000; acc: 67.7; ppl:  21.4; xent: 3.1; lr: 0.00020; sents:    6840; bsz:  500/ 678/ 9; 3753/5090 tok/s;  66302 sec;
[2023-08-25 05:15:30,750 INFO] Step 49900/200000; acc: 68.4; ppl:  20.8; xent: 3.0; lr: 0.00020; sents:    6656; bsz:  517/ 710/ 8; 3835/5260 tok/s;  66410 sec;
[2023-08-25 05:17:17,547 INFO] Step 50000/200000; acc: 67.8; ppl:  21.4; xent: 3.1; lr: 0.00020; sents:    6728; bsz:  491/ 667/ 8; 3676/4999 tok/s;  66517 sec;
[2023-08-25 05:18:48,664 INFO] valid stats calculation
                           took: 91.11328768730164 s.
[2023-08-25 05:18:48,672 INFO] Train perplexity: 21.8195
[2023-08-25 05:18:48,672 INFO] Train accuracy: 67.4352
[2023-08-25 05:18:48,672 INFO] Sentences processed: 1.67707e+06
[2023-08-25 05:18:48,672 INFO] Average bsz:  511/ 698/ 8
[2023-08-25 05:18:48,672 INFO] Validation perplexity: 23.1078
[2023-08-25 05:18:48,672 INFO] Validation accuracy: 65.3126
[2023-08-25 05:18:48,765 INFO] Saving checkpoint /data2/cmdir/home/nhanvt/data_NLLB/nllb_opennmt/training/vi-th/nllb-200-3.3B.onmt_step_50000.pt
[2023-08-25 05:21:04,566 INFO] Step 50100/200000; acc: 68.2; ppl:  21.0; xent: 3.0; lr: 0.00020; sents:    6568; bsz:  509/ 696/ 8; 1795/2452 tok/s;  66744 sec;
[2023-08-25 05:22:51,829 INFO] Step 50200/200000; acc: 68.1; ppl:  21.1; xent: 3.0; lr: 0.00020; sents:    6560; bsz:  515/ 703/ 8; 3843/5245 tok/s;  66851 sec;
[2023-08-25 05:24:40,893 INFO] Step 50300/200000; acc: 68.3; ppl:  20.8; xent: 3.0; lr: 0.00020; sents:    6816; bsz:  524/ 718/ 9; 3842/5268 tok/s;  66960 sec;
[2023-08-25 05:26:29,178 INFO] Step 50400/200000; acc: 68.2; ppl:  20.9; xent: 3.0; lr: 0.00020; sents:    6808; bsz:  513/ 699/ 9; 3791/5163 tok/s;  67068 sec;
[2023-08-25 05:28:18,470 INFO] Step 50500/200000; acc: 68.1; ppl:  21.0; xent: 3.0; lr: 0.00020; sents:    6592; bsz:  524/ 719/ 8; 3836/5266 tok/s;  67178 sec;
[2023-08-25 05:29:49,812 INFO] valid stats calculation
                           took: 91.33766174316406 s.
[2023-08-25 05:29:49,819 INFO] Train perplexity: 21.8119
[2023-08-25 05:29:49,819 INFO] Train accuracy: 67.4417
[2023-08-25 05:29:49,819 INFO] Sentences processed: 1.69374e+06
[2023-08-25 05:29:49,819 INFO] Average bsz:  511/ 698/ 8
[2023-08-25 05:29:49,819 INFO] Validation perplexity: 23.1088
[2023-08-25 05:29:49,819 INFO] Validation accuracy: 65.3139
[2023-08-25 05:29:49,919 INFO] Saving checkpoint /data2/cmdir/home/nhanvt/data_NLLB/nllb_opennmt/training/vi-th/nllb-200-3.3B.onmt_step_50500.pt
[2023-08-25 05:32:07,116 INFO] Step 50600/200000; acc: 67.7; ppl:  21.5; xent: 3.1; lr: 0.00020; sents:    6680; bsz:  502/ 684/ 8; 1758/2392 tok/s;  67406 sec;
[2023-08-25 05:33:56,463 INFO] Step 50700/200000; acc: 68.6; ppl:  20.6; xent: 3.0; lr: 0.00020; sents:    6616; bsz:  522/ 717/ 8; 3819/5248 tok/s;  67516 sec;
[2023-08-25 05:35:44,689 INFO] Step 50800/200000; acc: 68.3; ppl:  20.8; xent: 3.0; lr: 0.00020; sents:    6624; bsz:  512/ 698/ 8; 3783/5160 tok/s;  67624 sec;
[2023-08-25 05:37:33,562 INFO] Step 50900/200000; acc: 68.2; ppl:  21.0; xent: 3.0; lr: 0.00020; sents:    6688; bsz:  530/ 725/ 8; 3896/5326 tok/s;  67733 sec;
[2023-08-25 05:39:21,091 INFO] Step 51000/200000; acc: 67.9; ppl:  21.2; xent: 3.1; lr: 0.00020; sents:    6760; bsz:  512/ 696/ 8; 3807/5178 tok/s;  67840 sec;
[2023-08-25 05:40:52,536 INFO] valid stats calculation
                           took: 91.44035863876343 s.
[2023-08-25 05:40:52,543 INFO] Train perplexity: 21.8036
[2023-08-25 05:40:52,543 INFO] Train accuracy: 67.4483
[2023-08-25 05:40:52,543 INFO] Sentences processed: 1.71041e+06
[2023-08-25 05:40:52,543 INFO] Average bsz:  511/ 698/ 8
[2023-08-25 05:40:52,543 INFO] Validation perplexity: 23.1126
[2023-08-25 05:40:52,543 INFO] Validation accuracy: 65.3163
[2023-08-25 05:40:52,635 INFO] Saving checkpoint /data2/cmdir/home/nhanvt/data_NLLB/nllb_opennmt/training/vi-th/nllb-200-3.3B.onmt_step_51000.pt
[2023-08-25 05:43:10,599 INFO] Step 51100/200000; acc: 68.1; ppl:  21.2; xent: 3.1; lr: 0.00020; sents:    6656; bsz:  533/ 733/ 8; 1857/2554 tok/s;  68070 sec;
[2023-08-25 05:44:59,201 INFO] Step 51200/200000; acc: 68.1; ppl:  21.0; xent: 3.0; lr: 0.00020; sents:    6712; bsz:  513/ 697/ 8; 3777/5134 tok/s;  68178 sec;
[2023-08-25 05:46:47,667 INFO] Step 51300/200000; acc: 68.0; ppl:  21.2; xent: 3.1; lr: 0.00020; sents:    6760; bsz:  514/ 700/ 8; 3790/5162 tok/s;  68287 sec;
[2023-08-25 05:48:34,319 INFO] Step 51400/200000; acc: 67.8; ppl:  21.4; xent: 3.1; lr: 0.00019; sents:    6728; bsz:  488/ 661/ 8; 3662/4957 tok/s;  68393 sec;
[2023-08-25 05:50:22,896 INFO] Step 51500/200000; acc: 68.2; ppl:  21.0; xent: 3.0; lr: 0.00019; sents:    6672; bsz:  519/ 709/ 8; 3825/5227 tok/s;  68502 sec;
[2023-08-25 05:51:54,430 INFO] valid stats calculation
                           took: 91.52944469451904 s.
[2023-08-25 05:51:54,438 INFO] Train perplexity: 21.797
[2023-08-25 05:51:54,438 INFO] Train accuracy: 67.4548
[2023-08-25 05:51:54,438 INFO] Sentences processed: 1.72713e+06
[2023-08-25 05:51:54,438 INFO] Average bsz:  511/ 698/ 8
[2023-08-25 05:51:54,438 INFO] Validation perplexity: 23.1103
[2023-08-25 05:51:54,438 INFO] Validation accuracy: 65.3153
[2023-08-25 05:51:54,531 INFO] Saving checkpoint /data2/cmdir/home/nhanvt/data_NLLB/nllb_opennmt/training/vi-th/nllb-200-3.3B.onmt_step_51500.pt
[2023-08-25 05:54:10,970 INFO] Step 51600/200000; acc: 68.1; ppl:  21.1; xent: 3.0; lr: 0.00019; sents:    6632; bsz:  507/ 693/ 8; 1779/2430 tok/s;  68730 sec;
[2023-08-25 05:55:59,223 INFO] Step 51700/200000; acc: 67.9; ppl:  21.2; xent: 3.1; lr: 0.00019; sents:    6808; bsz:  506/ 689/ 9; 3736/5092 tok/s;  68838 sec;
[2023-08-25 05:57:47,344 INFO] Step 51800/200000; acc: 67.8; ppl:  21.3; xent: 3.1; lr: 0.00019; sents:    6800; bsz:  508/ 691/ 8; 3762/5114 tok/s;  68946 sec;
[2023-08-25 05:59:35,598 INFO] Step 51900/200000; acc: 68.3; ppl:  20.8; xent: 3.0; lr: 0.00019; sents:    6640; bsz:  511/ 697/ 8; 3777/5153 tok/s;  69055 sec;
[2023-08-25 06:01:23,564 INFO] Step 52000/200000; acc: 68.2; ppl:  20.9; xent: 3.0; lr: 0.00019; sents:    6792; bsz:  507/ 694/ 8; 3758/5142 tok/s;  69163 sec;
[2023-08-25 06:02:54,905 INFO] valid stats calculation
                           took: 91.33700156211853 s.
[2023-08-25 06:02:54,913 INFO] Train perplexity: 21.7908
[2023-08-25 06:02:54,913 INFO] Train accuracy: 67.4596
[2023-08-25 06:02:54,913 INFO] Sentences processed: 1.74402e+06
[2023-08-25 06:02:54,913 INFO] Average bsz:  511/ 698/ 8
[2023-08-25 06:02:54,914 INFO] Validation perplexity: 23.1103
[2023-08-25 06:02:54,914 INFO] Validation accuracy: 65.3085
[2023-08-25 06:02:55,006 INFO] Saving checkpoint /data2/cmdir/home/nhanvt/data_NLLB/nllb_opennmt/training/vi-th/nllb-200-3.3B.onmt_step_52000.pt
[2023-08-25 06:05:13,418 INFO] Step 52100/200000; acc: 68.4; ppl:  20.8; xent: 3.0; lr: 0.00019; sents:    6728; bsz:  519/ 711/ 8; 1808/2476 tok/s;  69392 sec;
[2023-08-25 06:07:01,374 INFO] Step 52200/200000; acc: 68.1; ppl:  21.1; xent: 3.0; lr: 0.00019; sents:    6864; bsz:  506/ 687/ 9; 3748/5090 tok/s;  69500 sec;
[2023-08-25 06:08:49,774 INFO] Step 52300/200000; acc: 68.0; ppl:  21.2; xent: 3.1; lr: 0.00019; sents:    6752; bsz:  510/ 699/ 8; 3767/5162 tok/s;  69609 sec;
[2023-08-25 06:10:36,831 INFO] Step 52400/200000; acc: 68.3; ppl:  21.0; xent: 3.0; lr: 0.00019; sents:    6672; bsz:  506/ 689/ 8; 3782/5149 tok/s;  69716 sec;
[2023-08-25 06:13:22,260 INFO] Step 52500/200000; acc: 68.2; ppl:  21.0; xent: 3.0; lr: 0.00019; sents:    6864; bsz:  501/ 685/ 9; 2423/3310 tok/s;  69881 sec;
[2023-08-25 06:14:58,938 INFO] valid stats calculation
                           took: 96.67307829856873 s.
[2023-08-25 06:14:58,945 INFO] Train perplexity: 21.7829
[2023-08-25 06:14:58,945 INFO] Train accuracy: 67.4667
[2023-08-25 06:14:58,946 INFO] Sentences processed: 1.76094e+06
[2023-08-25 06:14:58,946 INFO] Average bsz:  511/ 698/ 8
[2023-08-25 06:14:58,946 INFO] Validation perplexity: 23.1142
[2023-08-25 06:14:58,946 INFO] Validation accuracy: 65.3067
[2023-08-25 06:14:59,039 INFO] Saving checkpoint /data2/cmdir/home/nhanvt/data_NLLB/nllb_opennmt/training/vi-th/nllb-200-3.3B.onmt_step_52500.pt
[2023-08-25 06:17:15,372 INFO] Step 52600/200000; acc: 68.1; ppl:  21.1; xent: 3.0; lr: 0.00019; sents:    6720; bsz:  505/ 689/ 8; 1734/2366 tok/s;  70114 sec;
[2023-08-25 06:19:01,784 INFO] Step 52700/200000; acc: 68.2; ppl:  20.8; xent: 3.0; lr: 0.00019; sents:    6576; bsz:  507/ 690/ 8; 3813/5187 tok/s;  70221 sec;
[2023-08-25 06:20:50,235 INFO] Step 52800/200000; acc: 68.2; ppl:  21.0; xent: 3.0; lr: 0.00019; sents:    6680; bsz:  528/ 723/ 8; 3896/5334 tok/s;  70329 sec;
[2023-08-25 06:22:38,267 INFO] Step 52900/200000; acc: 68.2; ppl:  20.9; xent: 3.0; lr: 0.00019; sents:    6600; bsz:  514/ 703/ 8; 3808/5210 tok/s;  70437 sec;
[2023-08-25 06:24:25,882 INFO] Step 53000/200000; acc: 68.2; ppl:  21.0; xent: 3.0; lr: 0.00019; sents:    6760; bsz:  510/ 695/ 8; 3793/5167 tok/s;  70545 sec;
[2023-08-25 06:25:57,130 INFO] valid stats calculation
                           took: 91.24341917037964 s.
[2023-08-25 06:25:57,138 INFO] Train perplexity: 21.7761
[2023-08-25 06:25:57,139 INFO] Train accuracy: 67.4725
[2023-08-25 06:25:57,139 INFO] Sentences processed: 1.77759e+06
[2023-08-25 06:25:57,139 INFO] Average bsz:  511/ 698/ 8
[2023-08-25 06:25:57,139 INFO] Validation perplexity: 23.1134
[2023-08-25 06:25:57,139 INFO] Validation accuracy: 65.3085
[2023-08-25 06:25:57,235 INFO] Saving checkpoint /data2/cmdir/home/nhanvt/data_NLLB/nllb_opennmt/training/vi-th/nllb-200-3.3B.onmt_step_53000.pt
[2023-08-25 06:28:15,283 INFO] Step 53100/200000; acc: 68.1; ppl:  21.1; xent: 3.0; lr: 0.00019; sents:    6616; bsz:  514/ 705/ 8; 1793/2457 tok/s;  70774 sec;
[2023-08-25 06:30:01,888 INFO] Step 53200/200000; acc: 68.3; ppl:  20.8; xent: 3.0; lr: 0.00019; sents:    6728; bsz:  512/ 699/ 8; 3845/5243 tok/s;  70881 sec;
[2023-08-25 06:31:50,287 INFO] Step 53300/200000; acc: 68.0; ppl:  21.2; xent: 3.1; lr: 0.00019; sents:    6672; bsz:  525/ 720/ 8; 3874/5310 tok/s;  70989 sec;
[2023-08-25 06:33:38,174 INFO] Step 53400/200000; acc: 68.2; ppl:  21.0; xent: 3.0; lr: 0.00019; sents:    6656; bsz:  527/ 724/ 8; 3907/5371 tok/s;  71097 sec;
[2023-08-25 06:35:25,042 INFO] Step 53500/200000; acc: 68.3; ppl:  20.7; xent: 3.0; lr: 0.00019; sents:    6480; bsz:  507/ 690/ 8; 3796/5166 tok/s;  71204 sec;
[2023-08-25 06:36:56,809 INFO] valid stats calculation
                           took: 91.76296949386597 s.
[2023-08-25 06:36:56,815 INFO] Train perplexity: 21.7691
[2023-08-25 06:36:56,815 INFO] Train accuracy: 67.478
[2023-08-25 06:36:56,815 INFO] Sentences processed: 1.79416e+06
[2023-08-25 06:36:56,815 INFO] Average bsz:  511/ 698/ 8
[2023-08-25 06:36:56,815 INFO] Validation perplexity: 23.1142
[2023-08-25 06:36:56,815 INFO] Validation accuracy: 65.3071
[2023-08-25 06:36:56,908 INFO] Saving checkpoint /data2/cmdir/home/nhanvt/data_NLLB/nllb_opennmt/training/vi-th/nllb-200-3.3B.onmt_step_53500.pt
[2023-08-25 06:39:15,322 INFO] Step 53600/200000; acc: 68.4; ppl:  20.7; xent: 3.0; lr: 0.00019; sents:    6578; bsz:  506/ 690/ 8; 1756/2397 tok/s;  71434 sec;
[2023-08-25 06:41:03,061 INFO] Step 53700/200000; acc: 67.9; ppl:  21.2; xent: 3.1; lr: 0.00019; sents:    6688; bsz:  509/ 693/ 8; 3782/5145 tok/s;  71542 sec;
[2023-08-25 06:42:50,986 INFO] Step 53800/200000; acc: 68.3; ppl:  20.8; xent: 3.0; lr: 0.00019; sents:    6760; bsz:  516/ 703/ 8; 3827/5208 tok/s;  71650 sec;
[2023-08-25 06:44:40,222 INFO] Step 53900/200000; acc: 68.4; ppl:  20.9; xent: 3.0; lr: 0.00019; sents:    6712; bsz:  535/ 735/ 8; 3917/5381 tok/s;  71759 sec;
[2023-08-25 06:46:27,270 INFO] Step 54000/200000; acc: 68.3; ppl:  20.9; xent: 3.0; lr: 0.00019; sents:    6584; bsz:  500/ 686/ 8; 3737/5124 tok/s;  71866 sec;
[2023-08-25 06:47:58,730 INFO] valid stats calculation
                           took: 91.4551465511322 s.
[2023-08-25 06:47:58,738 INFO] Train perplexity: 21.7627
[2023-08-25 06:47:58,738 INFO] Train accuracy: 67.4836
[2023-08-25 06:47:58,738 INFO] Sentences processed: 1.81083e+06
[2023-08-25 06:47:58,738 INFO] Average bsz:  511/ 698/ 8
[2023-08-25 06:47:58,738 INFO] Validation perplexity: 23.1178
[2023-08-25 06:47:58,738 INFO] Validation accuracy: 65.3114
[2023-08-25 06:47:58,830 INFO] Saving checkpoint /data2/cmdir/home/nhanvt/data_NLLB/nllb_opennmt/training/vi-th/nllb-200-3.3B.onmt_step_54000.pt
[2023-08-25 06:50:14,983 INFO] Step 54100/200000; acc: 68.3; ppl:  20.9; xent: 3.0; lr: 0.00019; sents:    6688; bsz:  511/ 698/ 8; 1794/2453 tok/s;  72094 sec;
[2023-08-25 06:52:01,045 INFO] Step 54200/200000; acc: 67.8; ppl:  21.3; xent: 3.1; lr: 0.00019; sents:    6776; bsz:  513/ 700/ 8; 3873/5276 tok/s;  72200 sec;
[2023-08-25 06:53:48,246 INFO] Step 54300/200000; acc: 68.5; ppl:  20.6; xent: 3.0; lr: 0.00019; sents:    6760; bsz:  526/ 719/ 8; 3929/5367 tok/s;  72307 sec;
[2023-08-25 06:55:37,214 INFO] Step 54400/200000; acc: 68.6; ppl:  20.6; xent: 3.0; lr: 0.00019; sents:    6600; bsz:  543/ 748/ 8; 3983/5491 tok/s;  72416 sec;
[2023-08-25 06:57:23,836 INFO] Step 54500/200000; acc: 68.0; ppl:  21.1; xent: 3.0; lr: 0.00019; sents:    6688; bsz:  514/ 702/ 8; 3857/5269 tok/s;  72523 sec;
[2023-08-25 06:58:54,698 INFO] valid stats calculation
                           took: 90.85666942596436 s.
[2023-08-25 06:58:54,706 INFO] Train perplexity: 21.7567
[2023-08-25 06:58:54,706 INFO] Train accuracy: 67.4886
[2023-08-25 06:58:54,706 INFO] Sentences processed: 1.8276e+06
[2023-08-25 06:58:54,706 INFO] Average bsz:  511/ 698/ 8
[2023-08-25 06:58:54,706 INFO] Validation perplexity: 23.1178
[2023-08-25 06:58:54,706 INFO] Validation accuracy: 65.3056
[2023-08-25 06:58:54,803 INFO] Saving checkpoint /data2/cmdir/home/nhanvt/data_NLLB/nllb_opennmt/training/vi-th/nllb-200-3.3B.onmt_step_54500.pt
[2023-08-25 07:01:12,539 INFO] Step 54600/200000; acc: 68.3; ppl:  20.9; xent: 3.0; lr: 0.00019; sents:    6816; bsz:  509/ 695/ 9; 1780/2432 tok/s;  72752 sec;
[2023-08-25 07:03:01,167 INFO] Step 54700/200000; acc: 68.4; ppl:  20.7; xent: 3.0; lr: 0.00019; sents:    6720; bsz:  522/ 713/ 8; 3841/5250 tok/s;  72860 sec;
[2023-08-25 07:04:49,667 INFO] Step 54800/200000; acc: 68.5; ppl:  20.6; xent: 3.0; lr: 0.00019; sents:    6648; bsz:  515/ 700/ 8; 3794/5158 tok/s;  72969 sec;
[2023-08-25 07:06:37,168 INFO] Step 54900/200000; acc: 68.2; ppl:  21.0; xent: 3.0; lr: 0.00019; sents:    6680; bsz:  512/ 698/ 8; 3809/5194 tok/s;  73076 sec;
[2023-08-25 07:08:23,197 INFO] Step 55000/200000; acc: 68.1; ppl:  21.1; xent: 3.0; lr: 0.00019; sents:    6848; bsz:  491/ 664/ 9; 3706/5007 tok/s;  73182 sec;
[2023-08-25 07:09:55,614 INFO] valid stats calculation
                           took: 92.41343259811401 s.
[2023-08-25 07:09:55,622 INFO] Train perplexity: 21.7484
[2023-08-25 07:09:55,622 INFO] Train accuracy: 67.4958
[2023-08-25 07:09:55,622 INFO] Sentences processed: 1.84447e+06
[2023-08-25 07:09:55,622 INFO] Average bsz:  511/ 698/ 8
[2023-08-25 07:09:55,622 INFO] Validation perplexity: 23.1181
[2023-08-25 07:09:55,622 INFO] Validation accuracy: 65.3042
[2023-08-25 07:09:55,716 INFO] Saving checkpoint /data2/cmdir/home/nhanvt/data_NLLB/nllb_opennmt/training/vi-th/nllb-200-3.3B.onmt_step_55000.pt
[2023-08-25 07:12:12,449 INFO] Step 55100/200000; acc: 68.1; ppl:  21.0; xent: 3.0; lr: 0.00019; sents:    6808; bsz:  501/ 682/ 9; 1747/2379 tok/s;  73411 sec;
[2023-08-25 07:14:01,607 INFO] Step 55200/200000; acc: 68.2; ppl:  21.0; xent: 3.0; lr: 0.00019; sents:    6736; bsz:  522/ 718/ 8; 3825/5262 tok/s;  73521 sec;
[2023-08-25 07:15:49,608 INFO] Step 55300/200000; acc: 68.1; ppl:  21.1; xent: 3.0; lr: 0.00019; sents:    6456; bsz:  508/ 695/ 8; 3760/5147 tok/s;  73629 sec;
[2023-08-25 07:17:37,531 INFO] Step 55400/200000; acc: 67.9; ppl:  21.3; xent: 3.1; lr: 0.00019; sents:    6680; bsz:  500/ 683/ 8; 3708/5066 tok/s;  73737 sec;
[2023-08-25 07:19:25,148 INFO] Step 55500/200000; acc: 68.1; ppl:  21.0; xent: 3.0; lr: 0.00019; sents:    6720; bsz:  509/ 691/ 8; 3785/5136 tok/s;  73844 sec;
[2023-08-25 07:20:56,925 INFO] valid stats calculation
                           took: 91.77225232124329 s.
[2023-08-25 07:20:56,933 INFO] Train perplexity: 21.7412
[2023-08-25 07:20:56,933 INFO] Train accuracy: 67.5021
[2023-08-25 07:20:56,933 INFO] Sentences processed: 1.86116e+06
[2023-08-25 07:20:56,933 INFO] Average bsz:  511/ 698/ 8
[2023-08-25 07:20:56,933 INFO] Validation perplexity: 23.1184
[2023-08-25 07:20:56,933 INFO] Validation accuracy: 65.3104
[2023-08-25 07:20:57,027 INFO] Saving checkpoint /data2/cmdir/home/nhanvt/data_NLLB/nllb_opennmt/training/vi-th/nllb-200-3.3B.onmt_step_55500.pt
[2023-08-25 07:23:15,347 INFO] Step 55600/200000; acc: 67.9; ppl:  21.2; xent: 3.1; lr: 0.00019; sents:    6736; bsz:  488/ 662/ 8; 1697/2302 tok/s;  74074 sec;
[2023-08-25 07:25:04,530 INFO] Step 55700/200000; acc: 68.3; ppl:  20.9; xent: 3.0; lr: 0.00019; sents:    6480; bsz:  520/ 709/ 8; 3807/5198 tok/s;  74184 sec;
[2023-08-25 07:26:53,970 INFO] Step 55800/200000; acc: 68.1; ppl:  21.0; xent: 3.0; lr: 0.00019; sents:    6776; bsz:  520/ 711/ 8; 3798/5198 tok/s;  74293 sec;
[2023-08-25 07:28:42,367 INFO] Step 55900/200000; acc: 68.2; ppl:  20.8; xent: 3.0; lr: 0.00019; sents:    6736; bsz:  512/ 698/ 8; 3775/5150 tok/s;  74401 sec;
[2023-08-25 07:30:29,423 INFO] Step 56000/200000; acc: 68.0; ppl:  21.1; xent: 3.0; lr: 0.00019; sents:    6896; bsz:  494/ 667/ 9; 3691/4988 tok/s;  74508 sec;
[2023-08-25 07:32:01,504 INFO] valid stats calculation
                           took: 92.07618546485901 s.
[2023-08-25 07:32:01,510 INFO] Train perplexity: 21.735
[2023-08-25 07:32:01,510 INFO] Train accuracy: 67.5071
[2023-08-25 07:32:01,510 INFO] Sentences processed: 1.87797e+06
[2023-08-25 07:32:01,510 INFO] Average bsz:  511/ 698/ 8
[2023-08-25 07:32:01,510 INFO] Validation perplexity: 23.1185
[2023-08-25 07:32:01,510 INFO] Validation accuracy: 65.304
[2023-08-25 07:32:01,611 INFO] Saving checkpoint /data2/cmdir/home/nhanvt/data_NLLB/nllb_opennmt/training/vi-th/nllb-200-3.3B.onmt_step_56000.pt
[2023-08-25 07:34:21,027 INFO] Step 56100/200000; acc: 68.2; ppl:  20.9; xent: 3.0; lr: 0.00019; sents:    6736; bsz:  507/ 690/ 8; 1750/2383 tok/s;  74740 sec;
[2023-08-25 07:36:09,487 INFO] Step 56200/200000; acc: 67.9; ppl:  21.3; xent: 3.1; lr: 0.00019; sents:    6792; bsz:  511/ 699/ 8; 3772/5156 tok/s;  74849 sec;
[2023-08-25 07:37:58,465 INFO] Step 56300/200000; acc: 68.3; ppl:  20.9; xent: 3.0; lr: 0.00019; sents:    6552; bsz:  515/ 706/ 8; 3777/5180 tok/s;  74958 sec;
[2023-08-25 07:39:47,467 INFO] Step 56400/200000; acc: 68.1; ppl:  21.0; xent: 3.0; lr: 0.00019; sents:    6856; bsz:  511/ 695/ 9; 3752/5100 tok/s;  75067 sec;
[2023-08-25 07:41:36,217 INFO] Step 56500/200000; acc: 68.3; ppl:  20.9; xent: 3.0; lr: 0.00019; sents:    6688; bsz:  527/ 726/ 8; 3876/5341 tok/s;  75175 sec;
[2023-08-25 07:43:08,181 INFO] valid stats calculation
                           took: 91.95907044410706 s.
[2023-08-25 07:43:08,189 INFO] Train perplexity: 21.7286
[2023-08-25 07:43:08,189 INFO] Train accuracy: 67.5125
[2023-08-25 07:43:08,189 INFO] Sentences processed: 1.89477e+06
[2023-08-25 07:43:08,189 INFO] Average bsz:  511/ 698/ 8
[2023-08-25 07:43:08,189 INFO] Validation perplexity: 23.1186
[2023-08-25 07:43:08,189 INFO] Validation accuracy: 65.304
[2023-08-25 07:43:08,282 INFO] Saving checkpoint /data2/cmdir/home/nhanvt/data_NLLB/nllb_opennmt/training/vi-th/nllb-200-3.3B.onmt_step_56500.pt
[2023-08-25 07:45:26,675 INFO] Step 56600/200000; acc: 68.2; ppl:  21.0; xent: 3.0; lr: 0.00019; sents:    6664; bsz:  515/ 702/ 8; 1789/2438 tok/s;  75406 sec;
[2023-08-25 07:47:13,999 INFO] Step 56700/200000; acc: 68.2; ppl:  20.9; xent: 3.0; lr: 0.00019; sents:    6720; bsz:  503/ 688/ 8; 3750/5126 tok/s;  75513 sec;
[2023-08-25 07:49:00,711 INFO] Step 56800/200000; acc: 68.1; ppl:  21.0; xent: 3.0; lr: 0.00019; sents:    6912; bsz:  506/ 688/ 9; 3796/5160 tok/s;  75620 sec;
[2023-08-25 07:50:49,045 INFO] Step 56900/200000; acc: 68.4; ppl:  20.7; xent: 3.0; lr: 0.00019; sents:    6624; bsz:  514/ 702/ 8; 3796/5182 tok/s;  75728 sec;
[2023-08-25 07:52:35,584 INFO] Step 57000/200000; acc: 67.8; ppl:  21.4; xent: 3.1; lr: 0.00019; sents:    6808; bsz:  495/ 673/ 9; 3718/5055 tok/s;  75835 sec;
[2023-08-25 07:54:07,334 INFO] valid stats calculation
                           took: 91.74600577354431 s.
[2023-08-25 07:54:07,342 INFO] Train perplexity: 21.7232
[2023-08-25 07:54:07,342 INFO] Train accuracy: 67.5168
[2023-08-25 07:54:07,342 INFO] Sentences processed: 1.91166e+06
[2023-08-25 07:54:07,342 INFO] Average bsz:  511/ 698/ 8
[2023-08-25 07:54:07,342 INFO] Validation perplexity: 23.1219
[2023-08-25 07:54:07,342 INFO] Validation accuracy: 65.3048
[2023-08-25 07:54:07,438 INFO] Saving checkpoint /data2/cmdir/home/nhanvt/data_NLLB/nllb_opennmt/training/vi-th/nllb-200-3.3B.onmt_step_57000.pt
[2023-08-25 07:56:26,905 INFO] Step 57100/200000; acc: 68.3; ppl:  20.8; xent: 3.0; lr: 0.00018; sents:    6760; bsz:  505/ 688/ 8; 1745/2380 tok/s;  76066 sec;
[2023-08-25 07:58:15,806 INFO] Step 57200/200000; acc: 68.3; ppl:  20.7; xent: 3.0; lr: 0.00018; sents:    6640; bsz:  522/ 714/ 8; 3835/5246 tok/s;  76175 sec;
[2023-08-25 08:00:02,837 INFO] Step 57300/200000; acc: 68.0; ppl:  21.2; xent: 3.1; lr: 0.00018; sents:    6640; bsz:  510/ 695/ 8; 3814/5194 tok/s;  76282 sec;
[2023-08-25 08:01:49,668 INFO] Step 57400/200000; acc: 67.9; ppl:  21.2; xent: 3.1; lr: 0.00018; sents:    6664; bsz:  508/ 691/ 8; 3808/5175 tok/s;  76389 sec;
[2023-08-25 08:03:37,617 INFO] Step 57500/200000; acc: 68.2; ppl:  20.9; xent: 3.0; lr: 0.00018; sents:    6608; bsz:  515/ 704/ 8; 3816/5215 tok/s;  76497 sec;
[2023-08-25 08:05:09,274 INFO] valid stats calculation
                           took: 91.65355229377747 s.
[2023-08-25 08:05:09,282 INFO] Train perplexity: 21.7168
[2023-08-25 08:05:09,282 INFO] Train accuracy: 67.5223
[2023-08-25 08:05:09,282 INFO] Sentences processed: 1.92832e+06
[2023-08-25 08:05:09,282 INFO] Average bsz:  511/ 698/ 8
[2023-08-25 08:05:09,282 INFO] Validation perplexity: 23.1192
[2023-08-25 08:05:09,282 INFO] Validation accuracy: 65.3128
[2023-08-25 08:05:09,375 INFO] Saving checkpoint /data2/cmdir/home/nhanvt/data_NLLB/nllb_opennmt/training/vi-th/nllb-200-3.3B.onmt_step_57500.pt
[2023-08-25 08:07:28,282 INFO] Step 57600/200000; acc: 68.1; ppl:  21.0; xent: 3.0; lr: 0.00018; sents:    6848; bsz:  513/ 702/ 9; 1780/2434 tok/s;  76727 sec;
[2023-08-25 08:09:14,721 INFO] Step 57700/200000; acc: 68.1; ppl:  21.0; xent: 3.0; lr: 0.00018; sents:    6760; bsz:  503/ 686/ 8; 3778/5154 tok/s;  76834 sec;
[2023-08-25 08:11:01,940 INFO] Step 57800/200000; acc: 68.2; ppl:  21.0; xent: 3.0; lr: 0.00018; sents:    6656; bsz:  517/ 708/ 8; 3858/5283 tok/s;  76941 sec;
[2023-08-25 08:12:48,487 INFO] Step 57900/200000; acc: 68.0; ppl:  21.1; xent: 3.1; lr: 0.00018; sents:    6584; bsz:  503/ 683/ 8; 3775/5128 tok/s;  77048 sec;
[2023-08-25 08:14:34,737 INFO] Step 58000/200000; acc: 67.8; ppl:  21.5; xent: 3.1; lr: 0.00018; sents:    6768; bsz:  492/ 670/ 8; 3703/5047 tok/s;  77154 sec;
[2023-08-25 08:16:06,730 INFO] valid stats calculation
                           took: 91.9885687828064 s.
[2023-08-25 08:16:06,738 INFO] Train perplexity: 21.712
[2023-08-25 08:16:06,738 INFO] Train accuracy: 67.5268
[2023-08-25 08:16:06,738 INFO] Sentences processed: 1.94515e+06
[2023-08-25 08:16:06,738 INFO] Average bsz:  511/ 698/ 8
[2023-08-25 08:16:06,738 INFO] Validation perplexity: 23.1238
[2023-08-25 08:16:06,738 INFO] Validation accuracy: 65.3077
[2023-08-25 08:16:06,836 INFO] Saving checkpoint /data2/cmdir/home/nhanvt/data_NLLB/nllb_opennmt/training/vi-th/nllb-200-3.3B.onmt_step_58000.pt
[2023-08-25 08:18:25,224 INFO] Step 58100/200000; acc: 68.1; ppl:  21.0; xent: 3.0; lr: 0.00018; sents:    6800; bsz:  507/ 691/ 8; 1760/2398 tok/s;  77384 sec;
[2023-08-25 08:20:12,970 INFO] Step 58200/200000; acc: 68.5; ppl:  20.7; xent: 3.0; lr: 0.00018; sents:    6568; bsz:  519/ 713/ 8; 3856/5293 tok/s;  77492 sec;
[2023-08-25 08:22:00,109 INFO] Step 58300/200000; acc: 68.1; ppl:  21.0; xent: 3.0; lr: 0.00018; sents:    6800; bsz:  511/ 697/ 8; 3819/5206 tok/s;  77599 sec;
[2023-08-25 08:23:47,020 INFO] Step 58400/200000; acc: 68.2; ppl:  20.9; xent: 3.0; lr: 0.00018; sents:    6560; bsz:  508/ 691/ 8; 3798/5169 tok/s;  77706 sec;
[2023-08-25 08:25:35,673 INFO] Step 58500/200000; acc: 68.5; ppl:  20.7; xent: 3.0; lr: 0.00018; sents:    6624; bsz:  524/ 719/ 8; 3861/5297 tok/s;  77815 sec;
[2023-08-25 08:27:07,242 INFO] valid stats calculation
                           took: 91.56482219696045 s.
[2023-08-25 08:27:07,250 INFO] Train perplexity: 21.7055
[2023-08-25 08:27:07,250 INFO] Train accuracy: 67.5322
[2023-08-25 08:27:07,250 INFO] Sentences processed: 1.96182e+06
[2023-08-25 08:27:07,250 INFO] Average bsz:  511/ 698/ 8
[2023-08-25 08:27:07,250 INFO] Validation perplexity: 23.1233
[2023-08-25 08:27:07,250 INFO] Validation accuracy: 65.2941
[2023-08-25 08:27:07,344 INFO] Saving checkpoint /data2/cmdir/home/nhanvt/data_NLLB/nllb_opennmt/training/vi-th/nllb-200-3.3B.onmt_step_58500.pt
[2023-08-25 08:29:23,275 INFO] Step 58600/200000; acc: 67.7; ppl:  21.4; xent: 3.1; lr: 0.00018; sents:    6672; bsz:  473/ 639/ 8; 1663/2248 tok/s;  78042 sec;
[2023-08-25 08:31:09,441 INFO] Step 58700/200000; acc: 68.1; ppl:  21.0; xent: 3.0; lr: 0.00018; sents:    6872; bsz:  494/ 671/ 9; 3723/5055 tok/s;  78148 sec;
[2023-08-25 08:32:57,667 INFO] Step 58800/200000; acc: 68.0; ppl:  21.1; xent: 3.1; lr: 0.00018; sents:    6720; bsz:  517/ 706/ 8; 3819/5215 tok/s;  78257 sec;
[2023-08-25 08:34:45,511 INFO] Step 58900/200000; acc: 68.4; ppl:  20.6; xent: 3.0; lr: 0.00018; sents:    6864; bsz:  511/ 698/ 9; 3792/5181 tok/s;  78365 sec;
[2023-08-25 08:36:34,256 INFO] Step 59000/200000; acc: 68.6; ppl:  20.5; xent: 3.0; lr: 0.00018; sents:    6592; bsz:  528/ 723/ 8; 3881/5317 tok/s;  78473 sec;
[2023-08-25 08:38:05,659 INFO] valid stats calculation
                           took: 91.39852929115295 s.
[2023-08-25 08:38:05,667 INFO] Train perplexity: 21.6996
[2023-08-25 08:38:05,667 INFO] Train accuracy: 67.5372
[2023-08-25 08:38:05,667 INFO] Sentences processed: 1.97868e+06
[2023-08-25 08:38:05,667 INFO] Average bsz:  511/ 698/ 8
[2023-08-25 08:38:05,667 INFO] Validation perplexity: 23.1228
[2023-08-25 08:38:05,667 INFO] Validation accuracy: 65.3025
[2023-08-25 08:38:05,763 INFO] Saving checkpoint /data2/cmdir/home/nhanvt/data_NLLB/nllb_opennmt/training/vi-th/nllb-200-3.3B.onmt_step_59000.pt
[2023-08-25 08:40:22,356 INFO] Step 59100/200000; acc: 67.9; ppl:  21.3; xent: 3.1; lr: 0.00018; sents:    6760; bsz:  497/ 676/ 8; 1743/2370 tok/s;  78701 sec;
[2023-08-25 08:42:11,226 INFO] Step 59200/200000; acc: 68.5; ppl:  20.7; xent: 3.0; lr: 0.00018; sents:    6688; bsz:  528/ 724/ 8; 3882/5323 tok/s;  78810 sec;
[2023-08-25 08:43:59,550 INFO] Step 59300/200000; acc: 68.3; ppl:  20.9; xent: 3.0; lr: 0.00018; sents:    6904; bsz:  523/ 716/ 9; 3861/5291 tok/s;  78919 sec;
[2023-08-25 08:45:47,462 INFO] Step 59400/200000; acc: 68.3; ppl:  20.9; xent: 3.0; lr: 0.00018; sents:    6720; bsz:  509/ 697/ 8; 3775/5165 tok/s;  79027 sec;
[2023-08-25 08:47:35,087 INFO] Step 59500/200000; acc: 68.3; ppl:  20.8; xent: 3.0; lr: 0.00018; sents:    6567; bsz:  519/ 710/ 8; 3856/5276 tok/s;  79134 sec;
[2023-08-25 08:49:07,014 INFO] valid stats calculation
                           took: 91.92306995391846 s.
[2023-08-25 08:49:07,022 INFO] Train perplexity: 21.693
[2023-08-25 08:49:07,022 INFO] Train accuracy: 67.5428
[2023-08-25 08:49:07,023 INFO] Sentences processed: 1.99551e+06
[2023-08-25 08:49:07,023 INFO] Average bsz:  511/ 698/ 8
[2023-08-25 08:49:07,023 INFO] Validation perplexity: 23.1259
[2023-08-25 08:49:07,023 INFO] Validation accuracy: 65.2966
[2023-08-25 08:49:07,117 INFO] Saving checkpoint /data2/cmdir/home/nhanvt/data_NLLB/nllb_opennmt/training/vi-th/nllb-200-3.3B.onmt_step_59500.pt
[2023-08-25 08:51:23,802 INFO] Step 59600/200000; acc: 68.2; ppl:  21.0; xent: 3.0; lr: 0.00018; sents:    6784; bsz:  512/ 697/ 8; 1790/2436 tok/s;  79363 sec;
[2023-08-25 08:53:12,871 INFO] Step 59700/200000; acc: 68.4; ppl:  20.8; xent: 3.0; lr: 0.00018; sents:    6728; bsz:  516/ 707/ 8; 3782/5184 tok/s;  79472 sec;
[2023-08-25 08:55:02,418 INFO] Step 59800/200000; acc: 68.5; ppl:  20.7; xent: 3.0; lr: 0.00018; sents:    6792; bsz:  531/ 729/ 8; 3874/5325 tok/s;  79581 sec;
[2023-08-25 08:56:52,392 INFO] Step 59900/200000; acc: 68.6; ppl:  20.6; xent: 3.0; lr: 0.00018; sents:    6608; bsz:  540/ 746/ 8; 3931/5429 tok/s;  79691 sec;
[2023-08-25 08:58:42,150 INFO] Step 60000/200000; acc: 68.3; ppl:  21.0; xent: 3.0; lr: 0.00018; sents:    6688; bsz:  526/ 721/ 8; 3836/5258 tok/s;  79801 sec;
[2023-08-25 09:00:13,376 INFO] valid stats calculation
                           took: 91.22094440460205 s.
[2023-08-25 09:00:13,383 INFO] Train perplexity: 21.6862
[2023-08-25 09:00:13,383 INFO] Train accuracy: 67.549
[2023-08-25 09:00:13,383 INFO] Sentences processed: 2.0123e+06
[2023-08-25 09:00:13,383 INFO] Average bsz:  511/ 698/ 8
[2023-08-25 09:00:13,383 INFO] Validation perplexity: 23.1264
[2023-08-25 09:00:13,383 INFO] Validation accuracy: 65.29
[2023-08-25 09:00:13,476 INFO] Saving checkpoint /data2/cmdir/home/nhanvt/data_NLLB/nllb_opennmt/training/vi-th/nllb-200-3.3B.onmt_step_60000.pt
[2023-08-25 09:02:29,745 INFO] Step 60100/200000; acc: 68.4; ppl:  20.7; xent: 3.0; lr: 0.00018; sents:    6752; bsz:  513/ 700/ 8; 1803/2461 tok/s;  80029 sec;
[2023-08-25 09:04:18,572 INFO] Step 60200/200000; acc: 68.5; ppl:  20.8; xent: 3.0; lr: 0.00018; sents:    6704; bsz:  525/ 719/ 8; 3859/5288 tok/s;  80138 sec;
[2023-08-25 09:06:07,051 INFO] Step 60300/200000; acc: 68.1; ppl:  21.1; xent: 3.0; lr: 0.00018; sents:    6760; bsz:  522/ 713/ 8; 3851/5256 tok/s;  80246 sec;
[2023-08-25 09:07:55,975 INFO] Step 60400/200000; acc: 68.3; ppl:  20.8; xent: 3.0; lr: 0.00018; sents:    6664; bsz:  525/ 719/ 8; 3854/5278 tok/s;  80355 sec;
[2023-08-25 09:09:44,687 INFO] Step 60500/200000; acc: 68.1; ppl:  21.0; xent: 3.0; lr: 0.00018; sents:    6760; bsz:  518/ 707/ 8; 3808/5201 tok/s;  80464 sec;
[2023-08-25 09:11:15,748 INFO] valid stats calculation
                           took: 91.05552744865417 s.
[2023-08-25 09:11:15,755 INFO] Train perplexity: 21.6796
[2023-08-25 09:11:15,755 INFO] Train accuracy: 67.5551
[2023-08-25 09:11:15,755 INFO] Sentences processed: 2.02911e+06
[2023-08-25 09:11:15,755 INFO] Average bsz:  511/ 699/ 8
[2023-08-25 09:11:15,755 INFO] Validation perplexity: 23.1262
[2023-08-25 09:11:15,755 INFO] Validation accuracy: 65.3067
[2023-08-25 09:11:15,852 INFO] Saving checkpoint /data2/cmdir/home/nhanvt/data_NLLB/nllb_opennmt/training/vi-th/nllb-200-3.3B.onmt_step_60500.pt
[2023-08-25 09:13:35,204 INFO] Step 60600/200000; acc: 68.3; ppl:  20.9; xent: 3.0; lr: 0.00018; sents:    6680; bsz:  531/ 727/ 8; 1842/2524 tok/s;  80694 sec;
[2023-08-25 09:15:24,353 INFO] Step 60700/200000; acc: 68.3; ppl:  20.9; xent: 3.0; lr: 0.00018; sents:    6920; bsz:  519/ 711/ 9; 3807/5213 tok/s;  80803 sec;
[2023-08-25 09:17:13,914 INFO] Step 60800/200000; acc: 68.4; ppl:  20.7; xent: 3.0; lr: 0.00018; sents:    6800; bsz:  531/ 728/ 8; 3878/5318 tok/s;  80913 sec;
[2023-08-25 09:19:01,157 INFO] Step 60900/200000; acc: 68.3; ppl:  20.7; xent: 3.0; lr: 0.00018; sents:    6816; bsz:  493/ 671/ 9; 3681/5006 tok/s;  81020 sec;
[2023-08-25 09:20:48,861 INFO] Step 61000/200000; acc: 68.0; ppl:  21.2; xent: 3.1; lr: 0.00018; sents:    6744; bsz:  506/ 692/ 8; 3757/5137 tok/s;  81128 sec;
[2023-08-25 09:22:20,692 INFO] valid stats calculation
                           took: 91.82690596580505 s.
[2023-08-25 09:22:20,700 INFO] Train perplexity: 21.6732
[2023-08-25 09:22:20,700 INFO] Train accuracy: 67.5605
[2023-08-25 09:22:20,700 INFO] Sentences processed: 2.0461e+06
[2023-08-25 09:22:20,700 INFO] Average bsz:  512/ 699/ 8
[2023-08-25 09:22:20,700 INFO] Validation perplexity: 23.1281
[2023-08-25 09:22:20,700 INFO] Validation accuracy: 65.299
[2023-08-25 09:22:20,795 INFO] Saving checkpoint /data2/cmdir/home/nhanvt/data_NLLB/nllb_opennmt/training/vi-th/nllb-200-3.3B.onmt_step_61000.pt
[2023-08-25 09:24:37,620 INFO] Step 61100/200000; acc: 68.6; ppl:  20.6; xent: 3.0; lr: 0.00018; sents:    6704; bsz:  517/ 710/ 8; 1809/2483 tok/s;  81357 sec;
[2023-08-25 09:26:25,127 INFO] Step 61200/200000; acc: 68.2; ppl:  21.0; xent: 3.0; lr: 0.00018; sents:    6640; bsz:  508/ 694/ 8; 3779/5168 tok/s;  81464 sec;
[2023-08-25 09:28:14,029 INFO] Step 61300/200000; acc: 68.3; ppl:  20.8; xent: 3.0; lr: 0.00018; sents:    6648; bsz:  533/ 731/ 8; 3914/5370 tok/s;  81573 sec;
[2023-08-25 09:30:01,741 INFO] Step 61400/200000; acc: 68.4; ppl:  20.6; xent: 3.0; lr: 0.00018; sents:    6744; bsz:  522/ 714/ 8; 3878/5303 tok/s;  81681 sec;
[2023-08-25 09:31:49,835 INFO] Step 61500/200000; acc: 68.0; ppl:  21.1; xent: 3.1; lr: 0.00018; sents:    6776; bsz:  519/ 710/ 8; 3841/5252 tok/s;  81789 sec;
[2023-08-25 09:33:20,664 INFO] valid stats calculation
                           took: 90.8249123096466 s.
[2023-08-25 09:33:20,672 INFO] Train perplexity: 21.6669
[2023-08-25 09:33:20,672 INFO] Train accuracy: 67.566
[2023-08-25 09:33:20,672 INFO] Sentences processed: 2.06283e+06
[2023-08-25 09:33:20,672 INFO] Average bsz:  512/ 699/ 8
[2023-08-25 09:33:20,672 INFO] Validation perplexity: 23.1295
[2023-08-25 09:33:20,672 INFO] Validation accuracy: 65.2923
[2023-08-25 09:33:20,767 INFO] Saving checkpoint /data2/cmdir/home/nhanvt/data_NLLB/nllb_opennmt/training/vi-th/nllb-200-3.3B.onmt_step_61500.pt
[2023-08-25 09:35:41,034 INFO] Step 61600/200000; acc: 68.4; ppl:  20.7; xent: 3.0; lr: 0.00018; sents:    6848; bsz:  520/ 711/ 9; 1798/2461 tok/s;  82020 sec;
[2023-08-25 09:37:28,388 INFO] Step 61700/200000; acc: 68.1; ppl:  21.0; xent: 3.0; lr: 0.00018; sents:    6752; bsz:  505/ 690/ 8; 3764/5144 tok/s;  82127 sec;
[2023-08-25 09:39:15,197 INFO] Step 61800/200000; acc: 68.2; ppl:  20.9; xent: 3.0; lr: 0.00018; sents:    6720; bsz:  498/ 676/ 8; 3730/5060 tok/s;  82234 sec;
[2023-08-25 09:41:03,159 INFO] Step 61900/200000; acc: 68.3; ppl:  20.7; xent: 3.0; lr: 0.00018; sents:    6544; bsz:  517/ 704/ 8; 3830/5219 tok/s;  82342 sec;
[2023-08-25 09:42:51,996 INFO] Step 62000/200000; acc: 68.1; ppl:  21.1; xent: 3.0; lr: 0.00018; sents:    6648; bsz:  517/ 705/ 8; 3797/5183 tok/s;  82451 sec;
[2023-08-25 09:44:23,987 INFO] valid stats calculation
                           took: 91.98559212684631 s.
[2023-08-25 09:44:23,993 INFO] Train perplexity: 21.6612
[2023-08-25 09:44:23,993 INFO] Train accuracy: 67.5713
[2023-08-25 09:44:23,993 INFO] Sentences processed: 2.07963e+06
[2023-08-25 09:44:23,993 INFO] Average bsz:  512/ 699/ 8
[2023-08-25 09:44:23,993 INFO] Validation perplexity: 23.1282
[2023-08-25 09:44:23,993 INFO] Validation accuracy: 65.3064
[2023-08-25 09:44:24,088 INFO] Saving checkpoint /data2/cmdir/home/nhanvt/data_NLLB/nllb_opennmt/training/vi-th/nllb-200-3.3B.onmt_step_62000.pt
[2023-08-25 09:46:47,230 INFO] Step 62100/200000; acc: 68.3; ppl:  20.9; xent: 3.0; lr: 0.00018; sents:    6696; bsz:  511/ 696/ 8; 1739/2366 tok/s;  82686 sec;
[2023-08-25 09:48:34,644 INFO] Step 62200/200000; acc: 68.3; ppl:  20.9; xent: 3.0; lr: 0.00018; sents:    6592; bsz:  506/ 690/ 8; 3768/5138 tok/s;  82794 sec;
[2023-08-25 09:50:22,311 INFO] Step 62300/200000; acc: 68.3; ppl:  20.9; xent: 3.0; lr: 0.00018; sents:    6840; bsz:  509/ 695/ 9; 3783/5166 tok/s;  82901 sec;
[2023-08-25 09:52:09,258 INFO] Step 62400/200000; acc: 68.3; ppl:  20.9; xent: 3.0; lr: 0.00018; sents:    6656; bsz:  496/ 675/ 8; 3712/5052 tok/s;  83008 sec;
[2023-08-25 09:53:57,027 INFO] Step 62500/200000; acc: 68.1; ppl:  21.0; xent: 3.0; lr: 0.00018; sents:    6752; bsz:  516/ 704/ 8; 3832/5223 tok/s;  83116 sec;
[2023-08-25 09:55:28,068 INFO] valid stats calculation
                           took: 91.03544569015503 s.
[2023-08-25 09:55:28,074 INFO] Train perplexity: 21.6556
[2023-08-25 09:55:28,074 INFO] Train accuracy: 67.576
[2023-08-25 09:55:28,074 INFO] Sentences processed: 2.0964e+06
[2023-08-25 09:55:28,074 INFO] Average bsz:  512/ 699/ 8
[2023-08-25 09:55:28,074 INFO] Validation perplexity: 23.1287
[2023-08-25 09:55:28,074 INFO] Validation accuracy: 65.305
[2023-08-25 09:55:28,168 INFO] Saving checkpoint /data2/cmdir/home/nhanvt/data_NLLB/nllb_opennmt/training/vi-th/nllb-200-3.3B.onmt_step_62500.pt
[2023-08-25 09:57:47,792 INFO] Step 62600/200000; acc: 68.5; ppl:  20.6; xent: 3.0; lr: 0.00018; sents:    6560; bsz:  514/ 705/ 8; 1783/2443 tok/s;  83347 sec;
[2023-08-25 09:59:35,748 INFO] Step 62700/200000; acc: 68.3; ppl:  20.8; xent: 3.0; lr: 0.00018; sents:    6701; bsz:  515/ 704/ 8; 3817/5217 tok/s;  83455 sec;
[2023-08-25 10:01:23,886 INFO] Step 62800/200000; acc: 68.4; ppl:  20.8; xent: 3.0; lr: 0.00018; sents:    6728; bsz:  528/ 722/ 8; 3904/5343 tok/s;  83563 sec;
[2023-08-25 10:03:11,077 INFO] Step 62900/200000; acc: 68.2; ppl:  20.9; xent: 3.0; lr: 0.00018; sents:    6752; bsz:  505/ 690/ 8; 3772/5146 tok/s;  83670 sec;
[2023-08-25 10:05:00,098 INFO] Step 63000/200000; acc: 68.4; ppl:  20.7; xent: 3.0; lr: 0.00018; sents:    6752; bsz:  525/ 722/ 8; 3851/5301 tok/s;  83779 sec;
[2023-08-25 10:06:32,015 INFO] valid stats calculation
                           took: 91.91156196594238 s.
[2023-08-25 10:06:32,022 INFO] Train perplexity: 21.6477
[2023-08-25 10:06:32,022 INFO] Train accuracy: 67.583
[2023-08-25 10:06:32,022 INFO] Sentences processed: 2.11315e+06
[2023-08-25 10:06:32,022 INFO] Average bsz:  512/ 699/ 8
[2023-08-25 10:06:32,022 INFO] Validation perplexity: 23.1295
[2023-08-25 10:06:32,022 INFO] Validation accuracy: 65.2966
[2023-08-25 10:06:32,117 INFO] Saving checkpoint /data2/cmdir/home/nhanvt/data_NLLB/nllb_opennmt/training/vi-th/nllb-200-3.3B.onmt_step_63000.pt
[2023-08-25 10:08:51,228 INFO] Step 63100/200000; acc: 68.4; ppl:  20.8; xent: 3.0; lr: 0.00018; sents:    6696; bsz:  520/ 711/ 8; 1800/2461 tok/s;  84010 sec;
[2023-08-25 10:10:38,980 INFO] Step 63200/200000; acc: 68.1; ppl:  21.1; xent: 3.0; lr: 0.00018; sents:    6760; bsz:  496/ 676/ 8; 3679/5022 tok/s;  84118 sec;
[2023-08-25 10:12:27,187 INFO] Step 63300/200000; acc: 68.0; ppl:  21.2; xent: 3.1; lr: 0.00018; sents:    6760; bsz:  506/ 692/ 8; 3741/5119 tok/s;  84226 sec;
[2023-08-25 10:14:15,801 INFO] Step 63400/200000; acc: 68.3; ppl:  20.8; xent: 3.0; lr: 0.00018; sents:    6808; bsz:  507/ 694/ 9; 3732/5111 tok/s;  84335 sec;
[2023-08-25 10:16:04,298 INFO] Step 63500/200000; acc: 68.5; ppl:  20.6; xent: 3.0; lr: 0.00018; sents:    6656; bsz:  516/ 704/ 8; 3804/5190 tok/s;  84443 sec;
[2023-08-25 10:17:35,948 INFO] valid stats calculation
                           took: 91.6459093093872 s.
[2023-08-25 10:17:35,957 INFO] Train perplexity: 21.6421
[2023-08-25 10:17:35,957 INFO] Train accuracy: 67.5878
[2023-08-25 10:17:35,957 INFO] Sentences processed: 2.12999e+06
[2023-08-25 10:17:35,957 INFO] Average bsz:  512/ 699/ 8
[2023-08-25 10:17:35,957 INFO] Validation perplexity: 23.1318
[2023-08-25 10:17:35,957 INFO] Validation accuracy: 65.2947
[2023-08-25 10:17:36,055 INFO] Saving checkpoint /data2/cmdir/home/nhanvt/data_NLLB/nllb_opennmt/training/vi-th/nllb-200-3.3B.onmt_step_63500.pt
[2023-08-25 10:19:50,538 INFO] Step 63600/200000; acc: 68.0; ppl:  21.2; xent: 3.1; lr: 0.00018; sents:    6776; bsz:  501/ 678/ 8; 1772/2398 tok/s;  84670 sec;
[2023-08-25 10:21:37,376 INFO] Step 63700/200000; acc: 68.4; ppl:  20.8; xent: 3.0; lr: 0.00018; sents:    6872; bsz:  498/ 678/ 9; 3732/5075 tok/s;  84776 sec;
[2023-08-25 10:23:26,055 INFO] Step 63800/200000; acc: 68.7; ppl:  20.5; xent: 3.0; lr: 0.00017; sents:    6640; bsz:  517/ 710/ 8; 3805/5230 tok/s;  84885 sec;
[2023-08-25 10:25:12,569 INFO] Step 63900/200000; acc: 68.0; ppl:  21.2; xent: 3.1; lr: 0.00017; sents:    6584; bsz:  494/ 669/ 8; 3707/5024 tok/s;  84992 sec;
[2023-08-25 10:27:00,137 INFO] Step 64000/200000; acc: 68.2; ppl:  20.9; xent: 3.0; lr: 0.00017; sents:    6680; bsz:  512/ 700/ 8; 3809/5209 tok/s;  85099 sec;
[2023-08-25 10:28:30,970 INFO] valid stats calculation
                           took: 90.82922911643982 s.
[2023-08-25 10:28:30,978 INFO] Train perplexity: 21.6365
[2023-08-25 10:28:30,978 INFO] Train accuracy: 67.5927
[2023-08-25 10:28:30,979 INFO] Sentences processed: 2.14678e+06
[2023-08-25 10:28:30,979 INFO] Average bsz:  512/ 699/ 8
[2023-08-25 10:28:30,979 INFO] Validation perplexity: 23.1307
[2023-08-25 10:28:30,979 INFO] Validation accuracy: 65.3003
[2023-08-25 10:28:31,075 INFO] Saving checkpoint /data2/cmdir/home/nhanvt/data_NLLB/nllb_opennmt/training/vi-th/nllb-200-3.3B.onmt_step_64000.pt
[2023-08-25 10:30:48,172 INFO] Step 64100/200000; acc: 68.1; ppl:  21.0; xent: 3.0; lr: 0.00017; sents:    6712; bsz:  505/ 686/ 8; 1772/2406 tok/s;  85327 sec;
[2023-08-25 10:32:35,478 INFO] Step 64200/200000; acc: 68.3; ppl:  20.9; xent: 3.0; lr: 0.00017; sents:    6816; bsz:  503/ 685/ 9; 3747/5106 tok/s;  85435 sec;
[2023-08-25 10:34:23,359 INFO] Step 64300/200000; acc: 68.3; ppl:  20.8; xent: 3.0; lr: 0.00017; sents:    6608; bsz:  525/ 715/ 8; 3892/5302 tok/s;  85542 sec;
[2023-08-25 10:36:11,294 INFO] Step 64400/200000; acc: 68.2; ppl:  20.9; xent: 3.0; lr: 0.00017; sents:    6832; bsz:  523/ 713/ 9; 3876/5285 tok/s;  85650 sec;
[2023-08-25 10:38:00,245 INFO] Step 64500/200000; acc: 68.3; ppl:  20.9; xent: 3.0; lr: 0.00017; sents:    6776; bsz:  527/ 722/ 8; 3870/5305 tok/s;  85759 sec;
[2023-08-25 10:39:32,220 INFO] valid stats calculation
                           took: 91.9705376625061 s.
[2023-08-25 10:39:32,228 INFO] Train perplexity: 21.6321
[2023-08-25 10:39:32,228 INFO] Train accuracy: 67.5968
[2023-08-25 10:39:32,228 INFO] Sentences processed: 2.16364e+06
[2023-08-25 10:39:32,228 INFO] Average bsz:  512/ 699/ 8
[2023-08-25 10:39:32,228 INFO] Validation perplexity: 23.1335
[2023-08-25 10:39:32,228 INFO] Validation accuracy: 65.3064
[2023-08-25 10:39:32,322 INFO] Saving checkpoint /data2/cmdir/home/nhanvt/data_NLLB/nllb_opennmt/training/vi-th/nllb-200-3.3B.onmt_step_64500.pt
[2023-08-25 10:41:50,742 INFO] Step 64600/200000; acc: 68.4; ppl:  20.7; xent: 3.0; lr: 0.00017; sents:    6616; bsz:  520/ 712/ 8; 1805/2472 tok/s;  85990 sec;
[2023-08-25 10:43:38,576 INFO] Step 64700/200000; acc: 68.1; ppl:  21.1; xent: 3.0; lr: 0.00017; sents:    6720; bsz:  515/ 703/ 8; 3821/5216 tok/s;  86098 sec;
[2023-08-25 10:45:25,963 INFO] Step 64800/200000; acc: 68.3; ppl:  20.7; xent: 3.0; lr: 0.00017; sents:    6568; bsz:  501/ 685/ 8; 3733/5100 tok/s;  86205 sec;
[2023-08-25 10:47:12,879 INFO] Step 64900/200000; acc: 68.3; ppl:  20.8; xent: 3.0; lr: 0.00017; sents:    6600; bsz:  502/ 686/ 8; 3759/5131 tok/s;  86312 sec;
[2023-08-25 10:49:00,445 INFO] Step 65000/200000; acc: 68.3; ppl:  20.9; xent: 3.0; lr: 0.00017; sents:    6632; bsz:  514/ 703/ 8; 3826/5227 tok/s;  86419 sec;
[2023-08-25 10:50:31,832 INFO] valid stats calculation
                           took: 91.38214349746704 s.
[2023-08-25 10:50:31,839 INFO] Train perplexity: 21.6259
[2023-08-25 10:50:31,839 INFO] Train accuracy: 67.6014
[2023-08-25 10:50:31,839 INFO] Sentences processed: 2.18015e+06
[2023-08-25 10:50:31,839 INFO] Average bsz:  512/ 699/ 8
[2023-08-25 10:50:31,839 INFO] Validation perplexity: 23.1348
[2023-08-25 10:50:31,839 INFO] Validation accuracy: 65.2988
[2023-08-25 10:50:31,935 INFO] Saving checkpoint /data2/cmdir/home/nhanvt/data_NLLB/nllb_opennmt/training/vi-th/nllb-200-3.3B.onmt_step_65000.pt
[2023-08-25 10:52:52,454 INFO] Step 65100/200000; acc: 68.4; ppl:  20.7; xent: 3.0; lr: 0.00017; sents:    6688; bsz:  506/ 695/ 8; 1746/2396 tok/s;  86651 sec;
[2023-08-25 10:54:41,255 INFO] Step 65200/200000; acc: 68.3; ppl:  20.8; xent: 3.0; lr: 0.00017; sents:    6720; bsz:  516/ 703/ 8; 3797/5171 tok/s;  86760 sec;
[2023-08-25 10:56:28,526 INFO] Step 65300/200000; acc: 68.2; ppl:  20.8; xent: 3.0; lr: 0.00017; sents:    6752; bsz:  501/ 679/ 8; 3737/5065 tok/s;  86868 sec;
[2023-08-25 10:58:16,358 INFO] Step 65400/200000; acc: 68.4; ppl:  20.8; xent: 3.0; lr: 0.00017; sents:    6752; bsz:  509/ 696/ 8; 3777/5162 tok/s;  86975 sec;
[2023-08-25 11:00:04,898 INFO] Step 65500/200000; acc: 68.3; ppl:  20.9; xent: 3.0; lr: 0.00017; sents:    6760; bsz:  513/ 699/ 8; 3784/5155 tok/s;  87084 sec;
[2023-08-25 11:01:36,046 INFO] valid stats calculation
                           took: 91.14263939857483 s.
[2023-08-25 11:01:36,054 INFO] Train perplexity: 21.6194
[2023-08-25 11:01:36,054 INFO] Train accuracy: 67.6069
[2023-08-25 11:01:36,054 INFO] Sentences processed: 2.19705e+06
[2023-08-25 11:01:36,054 INFO] Average bsz:  512/ 699/ 8
[2023-08-25 11:01:36,054 INFO] Validation perplexity: 23.1378
[2023-08-25 11:01:36,054 INFO] Validation accuracy: 65.2947
[2023-08-25 11:01:36,240 INFO] Saving checkpoint /data2/cmdir/home/nhanvt/data_NLLB/nllb_opennmt/training/vi-th/nllb-200-3.3B.onmt_step_65500.pt
[2023-08-25 11:03:57,206 INFO] Step 65600/200000; acc: 68.4; ppl:  20.8; xent: 3.0; lr: 0.00017; sents:    6680; bsz:  520/ 711/ 8; 1790/2450 tok/s;  87316 sec;
[2023-08-25 11:05:45,189 INFO] Step 65700/200000; acc: 68.2; ppl:  20.9; xent: 3.0; lr: 0.00017; sents:    6688; bsz:  503/ 685/ 8; 3729/5076 tok/s;  87424 sec;
[2023-08-25 11:08:37,307 INFO] Step 65800/200000; acc: 67.8; ppl:  21.3; xent: 3.1; lr: 0.00017; sents:    6640; bsz:  505/ 689/ 8; 2349/3202 tok/s;  87596 sec;
[2023-08-25 11:10:23,828 INFO] Step 65900/200000; acc: 68.2; ppl:  20.9; xent: 3.0; lr: 0.00017; sents:    6664; bsz:  502/ 686/ 8; 3768/5148 tok/s;  87703 sec;
[2023-08-25 11:12:11,027 INFO] Step 66000/200000; acc: 68.4; ppl:  20.8; xent: 3.0; lr: 0.00017; sents:    6504; bsz:  518/ 710/ 8; 3869/5301 tok/s;  87810 sec;
[2023-08-25 11:13:42,329 INFO] valid stats calculation
                           took: 91.29711198806763 s.
[2023-08-25 11:13:42,336 INFO] Train perplexity: 21.6157
[2023-08-25 11:13:42,336 INFO] Train accuracy: 67.6101
[2023-08-25 11:13:42,336 INFO] Sentences processed: 2.21356e+06
[2023-08-25 11:13:42,336 INFO] Average bsz:  512/ 699/ 8
[2023-08-25 11:13:42,336 INFO] Validation perplexity: 23.1367
[2023-08-25 11:13:42,336 INFO] Validation accuracy: 65.304
[2023-08-25 11:13:42,432 INFO] Saving checkpoint /data2/cmdir/home/nhanvt/data_NLLB/nllb_opennmt/training/vi-th/nllb-200-3.3B.onmt_step_66000.pt
[2023-08-25 11:16:06,006 INFO] Step 66100/200000; acc: 68.2; ppl:  20.9; xent: 3.0; lr: 0.00017; sents:    6656; bsz:  519/ 710/ 8; 1768/2418 tok/s;  88045 sec;
[2023-08-25 11:17:54,619 INFO] Step 66200/200000; acc: 68.4; ppl:  20.8; xent: 3.0; lr: 0.00017; sents:    6640; bsz:  528/ 723/ 8; 3888/5329 tok/s;  88154 sec;
[2023-08-25 11:19:42,333 INFO] Step 66300/200000; acc: 68.2; ppl:  21.0; xent: 3.0; lr: 0.00017; sents:    6608; bsz:  513/ 703/ 8; 3811/5221 tok/s;  88261 sec;
[2023-08-25 11:21:30,432 INFO] Step 66400/200000; acc: 67.9; ppl:  21.4; xent: 3.1; lr: 0.00017; sents:    6792; bsz:  519/ 706/ 8; 3838/5224 tok/s;  88369 sec;
[2023-08-25 11:23:17,906 INFO] Step 66500/200000; acc: 68.0; ppl:  21.1; xent: 3.0; lr: 0.00017; sents:    6656; bsz:  508/ 694/ 8; 3782/5169 tok/s;  88477 sec;
[2023-08-25 11:24:49,462 INFO] valid stats calculation
                           took: 91.55105423927307 s.
[2023-08-25 11:24:49,470 INFO] Train perplexity: 21.6119
[2023-08-25 11:24:49,470 INFO] Train accuracy: 67.6134
[2023-08-25 11:24:49,470 INFO] Sentences processed: 2.23023e+06
[2023-08-25 11:24:49,470 INFO] Average bsz:  512/ 699/ 8
[2023-08-25 11:24:49,470 INFO] Validation perplexity: 23.1379
[2023-08-25 11:24:49,470 INFO] Validation accuracy: 65.2992
[2023-08-25 11:24:49,564 INFO] Saving checkpoint /data2/cmdir/home/nhanvt/data_NLLB/nllb_opennmt/training/vi-th/nllb-200-3.3B.onmt_step_66500.pt
[2023-08-25 11:27:16,609 INFO] Step 66600/200000; acc: 68.7; ppl:  20.5; xent: 3.0; lr: 0.00017; sents:    6592; bsz:  528/ 723/ 8; 1768/2422 tok/s;  88716 sec;
[2023-08-25 11:29:04,403 INFO] Step 66700/200000; acc: 68.1; ppl:  21.1; xent: 3.0; lr: 0.00017; sents:    6760; bsz:  519/ 710/ 8; 3850/5267 tok/s;  88823 sec;
[2023-08-25 11:30:52,510 INFO] Step 66800/200000; acc: 67.9; ppl:  21.2; xent: 3.1; lr: 0.00017; sents:    6832; bsz:  515/ 702/ 9; 3811/5191 tok/s;  88932 sec;
[2023-08-25 11:32:39,128 INFO] Step 66900/200000; acc: 67.7; ppl:  21.5; xent: 3.1; lr: 0.00017; sents:    6744; bsz:  498/ 675/ 8; 3738/5063 tok/s;  89038 sec;
[2023-08-25 11:34:25,650 INFO] Step 67000/200000; acc: 68.1; ppl:  21.1; xent: 3.0; lr: 0.00017; sents:    6680; bsz:  493/ 671/ 8; 3706/5038 tok/s;  89145 sec;
[2023-08-25 11:35:56,698 INFO] valid stats calculation
                           took: 91.04312324523926 s.
[2023-08-25 11:35:56,705 INFO] Train perplexity: 21.6087
[2023-08-25 11:35:56,705 INFO] Train accuracy: 67.6163
[2023-08-25 11:35:56,705 INFO] Sentences processed: 2.24703e+06
[2023-08-25 11:35:56,705 INFO] Average bsz:  512/ 699/ 8
[2023-08-25 11:35:56,705 INFO] Validation perplexity: 23.1374
[2023-08-25 11:35:56,705 INFO] Validation accuracy: 65.2939
[2023-08-25 11:35:56,798 INFO] Saving checkpoint /data2/cmdir/home/nhanvt/data_NLLB/nllb_opennmt/training/vi-th/nllb-200-3.3B.onmt_step_67000.pt
[2023-08-25 11:38:24,553 INFO] Step 67100/200000; acc: 68.3; ppl:  21.0; xent: 3.0; lr: 0.00017; sents:    6824; bsz:  500/ 678/ 9; 1674/2270 tok/s;  89384 sec;
[2023-08-25 11:40:13,437 INFO] Step 67200/200000; acc: 68.6; ppl:  20.6; xent: 3.0; lr: 0.00017; sents:    6640; bsz:  532/ 733/ 8; 3909/5388 tok/s;  89492 sec;
[2023-08-25 11:42:02,109 INFO] Step 67300/200000; acc: 68.5; ppl:  20.6; xent: 3.0; lr: 0.00017; sents:    6760; bsz:  527/ 721/ 8; 3881/5309 tok/s;  89601 sec;
[2023-08-25 11:43:48,575 INFO] Step 67400/200000; acc: 67.8; ppl:  21.4; xent: 3.1; lr: 0.00017; sents:    6760; bsz:  498/ 676/ 8; 3741/5079 tok/s;  89708 sec;
[2023-08-25 11:45:36,439 INFO] Step 67500/200000; acc: 68.1; ppl:  21.1; xent: 3.0; lr: 0.00017; sents:    6896; bsz:  510/ 696/ 9; 3785/5163 tok/s;  89815 sec;
[2023-08-25 11:47:10,002 INFO] valid stats calculation
                           took: 93.55845975875854 s.
[2023-08-25 11:47:10,015 INFO] Train perplexity: 21.6031
[2023-08-25 11:47:10,015 INFO] Train accuracy: 67.6211
[2023-08-25 11:47:10,015 INFO] Sentences processed: 2.26397e+06
[2023-08-25 11:47:10,015 INFO] Average bsz:  512/ 699/ 8
[2023-08-25 11:47:10,015 INFO] Validation perplexity: 23.1395
[2023-08-25 11:47:10,015 INFO] Validation accuracy: 65.2953
[2023-08-25 11:47:10,111 INFO] Saving checkpoint /data2/cmdir/home/nhanvt/data_NLLB/nllb_opennmt/training/vi-th/nllb-200-3.3B.onmt_step_67500.pt
[2023-08-25 11:49:37,383 INFO] Step 67600/200000; acc: 68.4; ppl:  20.9; xent: 3.0; lr: 0.00017; sents:    6616; bsz:  514/ 707/ 8; 1708/2346 tok/s;  90056 sec;
[2023-08-25 11:51:27,703 INFO] Step 67700/200000; acc: 68.6; ppl:  20.6; xent: 3.0; lr: 0.00017; sents:    6672; bsz:  537/ 741/ 8; 3894/5375 tok/s;  90167 sec;
[2023-08-25 11:53:14,858 INFO] Step 67800/200000; acc: 68.2; ppl:  21.0; xent: 3.0; lr: 0.00017; sents:    6648; bsz:  501/ 681/ 8; 3739/5086 tok/s;  90274 sec;
[2023-08-25 11:55:02,184 INFO] Step 67900/200000; acc: 68.2; ppl:  21.0; xent: 3.0; lr: 0.00017; sents:    6824; bsz:  506/ 689/ 9; 3769/5136 tok/s;  90381 sec;
[2023-08-25 11:56:51,876 INFO] Step 68000/200000; acc: 68.3; ppl:  20.9; xent: 3.0; lr: 0.00017; sents:    6793; bsz:  530/ 728/ 8; 3865/5313 tok/s;  90491 sec;
[2023-08-25 11:58:22,998 INFO] valid stats calculation
                           took: 91.11703968048096 s.
[2023-08-25 11:58:23,010 INFO] Train perplexity: 21.5973
[2023-08-25 11:58:23,010 INFO] Train accuracy: 67.6267
[2023-08-25 11:58:23,010 INFO] Sentences processed: 2.28074e+06
[2023-08-25 11:58:23,010 INFO] Average bsz:  512/ 699/ 8
[2023-08-25 11:58:23,010 INFO] Validation perplexity: 23.1416
[2023-08-25 11:58:23,010 INFO] Validation accuracy: 65.2976
[2023-08-25 11:58:23,119 INFO] Saving checkpoint /data2/cmdir/home/nhanvt/data_NLLB/nllb_opennmt/training/vi-th/nllb-200-3.3B.onmt_step_68000.pt
[2023-08-25 12:00:47,298 INFO] Step 68100/200000; acc: 68.5; ppl:  20.7; xent: 3.0; lr: 0.00017; sents:    6568; bsz:  498/ 676/ 8; 1692/2297 tok/s;  90726 sec;
[2023-08-25 12:02:34,761 INFO] Step 68200/200000; acc: 68.1; ppl:  21.2; xent: 3.1; lr: 0.00017; sents:    6648; bsz:  506/ 693/ 8; 3764/5158 tok/s;  90834 sec;
[2023-08-25 12:04:22,455 INFO] Step 68300/200000; acc: 68.3; ppl:  20.8; xent: 3.0; lr: 0.00017; sents:    6528; bsz:  501/ 686/ 8; 3724/5098 tok/s;  90941 sec;
[2023-08-25 12:06:11,731 INFO] Step 68400/200000; acc: 68.3; ppl:  21.0; xent: 3.0; lr: 0.00017; sents:    6712; bsz:  523/ 720/ 8; 3825/5268 tok/s;  91051 sec;
[2023-08-25 12:07:59,323 INFO] Step 68500/200000; acc: 68.5; ppl:  20.7; xent: 3.0; lr: 0.00017; sents:    6632; bsz:  510/ 698/ 8; 3790/5193 tok/s;  91158 sec;
[2023-08-25 12:09:30,461 INFO] valid stats calculation
                           took: 91.13352632522583 s.
[2023-08-25 12:09:30,469 INFO] Train perplexity: 21.5925
[2023-08-25 12:09:30,469 INFO] Train accuracy: 67.6314
[2023-08-25 12:09:30,469 INFO] Sentences processed: 2.29729e+06
[2023-08-25 12:09:30,469 INFO] Average bsz:  512/ 699/ 8
[2023-08-25 12:09:30,469 INFO] Validation perplexity: 23.145
[2023-08-25 12:09:30,469 INFO] Validation accuracy: 65.2892
[2023-08-25 12:09:30,565 INFO] Saving checkpoint /data2/cmdir/home/nhanvt/data_NLLB/nllb_opennmt/training/vi-th/nllb-200-3.3B.onmt_step_68500.pt
[2023-08-25 12:11:57,140 INFO] Step 68600/200000; acc: 68.2; ppl:  21.0; xent: 3.0; lr: 0.00017; sents:    6616; bsz:  528/ 724/ 8; 1775/2435 tok/s;  91396 sec;
[2023-08-25 12:13:43,364 INFO] Step 68700/200000; acc: 68.1; ppl:  21.1; xent: 3.1; lr: 0.00017; sents:    6696; bsz:  496/ 673/ 8; 3736/5068 tok/s;  91502 sec;
[2023-08-25 12:15:33,698 INFO] Step 68800/200000; acc: 68.8; ppl:  20.4; xent: 3.0; lr: 0.00017; sents:    6528; bsz:  529/ 728/ 8; 3837/5276 tok/s;  91613 sec;
[2023-08-25 12:17:22,117 INFO] Step 68900/200000; acc: 68.3; ppl:  20.8; xent: 3.0; lr: 0.00017; sents:    6952; bsz:  513/ 699/ 9; 3782/5155 tok/s;  91721 sec;
[2023-08-25 12:19:10,965 INFO] Step 69000/200000; acc: 68.2; ppl:  21.0; xent: 3.0; lr: 0.00017; sents:    6840; bsz:  514/ 702/ 9; 3778/5162 tok/s;  91830 sec;
[2023-08-25 12:20:41,827 INFO] valid stats calculation
                           took: 90.85647702217102 s.
[2023-08-25 12:20:41,834 INFO] Train perplexity: 21.5872
[2023-08-25 12:20:41,834 INFO] Train accuracy: 67.636
[2023-08-25 12:20:41,834 INFO] Sentences processed: 2.31411e+06
[2023-08-25 12:20:41,834 INFO] Average bsz:  512/ 699/ 8
[2023-08-25 12:20:41,835 INFO] Validation perplexity: 23.1459
[2023-08-25 12:20:41,835 INFO] Validation accuracy: 65.2912
[2023-08-25 12:20:41,930 INFO] Saving checkpoint /data2/cmdir/home/nhanvt/data_NLLB/nllb_opennmt/training/vi-th/nllb-200-3.3B.onmt_step_69000.pt
[2023-08-25 12:23:08,161 INFO] Step 69100/200000; acc: 68.2; ppl:  21.0; xent: 3.0; lr: 0.00017; sents:    6760; bsz:  519/ 712/ 8; 1751/2403 tok/s;  92067 sec;
[2023-08-25 12:24:55,994 INFO] Step 69200/200000; acc: 68.4; ppl:  20.7; xent: 3.0; lr: 0.00017; sents:    6720; bsz:  519/ 710/ 8; 3853/5268 tok/s;  92175 sec;
[2023-08-25 12:26:42,804 INFO] Step 69300/200000; acc: 68.3; ppl:  20.8; xent: 3.0; lr: 0.00017; sents:    6752; bsz:  506/ 684/ 8; 3786/5125 tok/s;  92282 sec;
[2023-08-25 12:28:29,223 INFO] Step 69400/200000; acc: 68.1; ppl:  21.1; xent: 3.0; lr: 0.00017; sents:    6552; bsz:  500/ 678/ 8; 3756/5098 tok/s;  92388 sec;
[2023-08-25 12:30:17,230 INFO] Step 69500/200000; acc: 68.4; ppl:  20.8; xent: 3.0; lr: 0.00017; sents:    6688; bsz:  514/ 701/ 8; 3804/5195 tok/s;  92496 sec;
[2023-08-25 12:31:48,254 INFO] valid stats calculation
                           took: 91.0195643901825 s.
[2023-08-25 12:31:48,262 INFO] Train perplexity: 21.5829
[2023-08-25 12:31:48,262 INFO] Train accuracy: 67.6399
[2023-08-25 12:31:48,262 INFO] Sentences processed: 2.33087e+06
[2023-08-25 12:31:48,262 INFO] Average bsz:  512/ 699/ 8
[2023-08-25 12:31:48,262 INFO] Validation perplexity: 23.144
[2023-08-25 12:31:48,262 INFO] Validation accuracy: 65.2875
[2023-08-25 12:31:48,355 INFO] Saving checkpoint /data2/cmdir/home/nhanvt/data_NLLB/nllb_opennmt/training/vi-th/nllb-200-3.3B.onmt_step_69500.pt
[2023-08-25 12:34:14,029 INFO] Step 69600/200000; acc: 68.0; ppl:  21.3; xent: 3.1; lr: 0.00017; sents:    6776; bsz:  500/ 680/ 8; 1690/2299 tok/s;  92733 sec;
[2023-08-25 12:36:01,748 INFO] Step 69700/200000; acc: 68.2; ppl:  20.9; xent: 3.0; lr: 0.00017; sents:    6632; bsz:  487/ 664/ 8; 3613/4932 tok/s;  92841 sec;
[2023-08-25 12:37:51,079 INFO] Step 69800/200000; acc: 68.4; ppl:  20.8; xent: 3.0; lr: 0.00017; sents:    6760; bsz:  524/ 718/ 8; 3835/5251 tok/s;  92950 sec;
[2023-08-25 12:39:38,786 INFO] Step 69900/200000; acc: 68.4; ppl:  20.8; xent: 3.0; lr: 0.00017; sents:    6704; bsz:  508/ 691/ 8; 3773/5130 tok/s;  93058 sec;
[2023-08-25 12:41:26,521 INFO] Step 70000/200000; acc: 68.3; ppl:  20.9; xent: 3.0; lr: 0.00017; sents:    6848; bsz:  508/ 692/ 9; 3774/5140 tok/s;  93166 sec;
[2023-08-25 12:42:57,857 INFO] valid stats calculation
                           took: 91.32964015007019 s.
[2023-08-25 12:42:57,864 INFO] Train perplexity: 21.5787
[2023-08-25 12:42:57,865 INFO] Train accuracy: 67.6438
[2023-08-25 12:42:57,865 INFO] Sentences processed: 2.34772e+06
[2023-08-25 12:42:57,865 INFO] Average bsz:  512/ 699/ 8
[2023-08-25 12:42:57,865 INFO] Validation perplexity: 23.1472
[2023-08-25 12:42:57,865 INFO] Validation accuracy: 65.2867
[2023-08-25 12:42:57,958 INFO] Saving checkpoint /data2/cmdir/home/nhanvt/data_NLLB/nllb_opennmt/training/vi-th/nllb-200-3.3B.onmt_step_70000.pt
[2023-08-25 12:45:25,220 INFO] Step 70100/200000; acc: 68.2; ppl:  21.0; xent: 3.0; lr: 0.00017; sents:    6672; bsz:  518/ 708/ 8; 1737/2374 tok/s;  93404 sec;
[2023-08-25 12:47:12,424 INFO] Step 70200/200000; acc: 68.3; ppl:  20.7; xent: 3.0; lr: 0.00017; sents:    6800; bsz:  498/ 675/ 8; 3713/5035 tok/s;  93511 sec;
[2023-08-25 12:49:01,458 INFO] Step 70300/200000; acc: 68.1; ppl:  21.1; xent: 3.0; lr: 0.00017; sents:    6776; bsz:  537/ 736/ 8; 3939/5397 tok/s;  93621 sec;
[2023-08-25 12:50:50,787 INFO] Step 70400/200000; acc: 68.5; ppl:  20.7; xent: 3.0; lr: 0.00017; sents:    6664; bsz:  532/ 735/ 8; 3893/5382 tok/s;  93730 sec;
[2023-08-25 12:52:38,269 INFO] Step 70500/200000; acc: 68.1; ppl:  21.1; xent: 3.0; lr: 0.00017; sents:    6600; bsz:  510/ 694/ 8; 3799/5169 tok/s;  93837 sec;
[2023-08-25 12:54:09,485 INFO] valid stats calculation
                           took: 91.21200966835022 s.
[2023-08-25 12:54:09,492 INFO] Train perplexity: 21.5746
[2023-08-25 12:54:09,492 INFO] Train accuracy: 67.6474
[2023-08-25 12:54:09,492 INFO] Sentences processed: 2.36447e+06
[2023-08-25 12:54:09,492 INFO] Average bsz:  512/ 699/ 8
[2023-08-25 12:54:09,492 INFO] Validation perplexity: 23.1497
[2023-08-25 12:54:09,492 INFO] Validation accuracy: 65.2923
[2023-08-25 12:54:09,584 INFO] Saving checkpoint /data2/cmdir/home/nhanvt/data_NLLB/nllb_opennmt/training/vi-th/nllb-200-3.3B.onmt_step_70500.pt
[2023-08-25 12:56:34,198 INFO] Step 70600/200000; acc: 68.4; ppl:  20.9; xent: 3.0; lr: 0.00017; sents:    6680; bsz:  521/ 712/ 8; 1766/2414 tok/s;  94073 sec;
[2023-08-25 12:58:22,079 INFO] Step 70700/200000; acc: 68.3; ppl:  21.0; xent: 3.0; lr: 0.00017; sents:    6824; bsz:  520/ 709/ 9; 3858/5256 tok/s;  94181 sec;
[2023-08-25 13:00:10,567 INFO] Step 70800/200000; acc: 68.3; ppl:  20.9; xent: 3.0; lr: 0.00017; sents:    6800; bsz:  511/ 699/ 8; 3770/5156 tok/s;  94290 sec;
[2023-08-25 13:01:58,657 INFO] Step 70900/200000; acc: 68.4; ppl:  20.9; xent: 3.0; lr: 0.00017; sents:    6752; bsz:  513/ 703/ 8; 3797/5201 tok/s;  94398 sec;
[2023-08-25 13:03:47,542 INFO] Step 71000/200000; acc: 68.6; ppl:  20.6; xent: 3.0; lr: 0.00017; sents:    6800; bsz:  522/ 714/ 8; 3837/5244 tok/s;  94507 sec;
[2023-08-25 13:05:18,686 INFO] valid stats calculation
                           took: 91.13991189002991 s.
[2023-08-25 13:05:18,696 INFO] Train perplexity: 21.5689
[2023-08-25 13:05:18,696 INFO] Train accuracy: 67.6526
[2023-08-25 13:05:18,696 INFO] Sentences processed: 2.38145e+06
[2023-08-25 13:05:18,696 INFO] Average bsz:  512/ 699/ 8
[2023-08-25 13:05:18,696 INFO] Validation perplexity: 23.1487
[2023-08-25 13:05:18,696 INFO] Validation accuracy: 65.2816
[2023-08-25 13:05:18,790 INFO] Saving checkpoint /data2/cmdir/home/nhanvt/data_NLLB/nllb_opennmt/training/vi-th/nllb-200-3.3B.onmt_step_71000.pt
[2023-08-25 13:07:43,177 INFO] Step 71100/200000; acc: 68.0; ppl:  21.3; xent: 3.1; lr: 0.00017; sents:    6760; bsz:  500/ 682/ 8; 1697/2315 tok/s;  94742 sec;
[2023-08-25 13:09:32,794 INFO] Step 71200/200000; acc: 68.4; ppl:  20.8; xent: 3.0; lr: 0.00017; sents:    6520; bsz:  522/ 719/ 8; 3812/5248 tok/s;  94852 sec;
[2023-08-25 13:11:21,901 INFO] Step 71300/200000; acc: 68.1; ppl:  21.1; xent: 3.1; lr: 0.00017; sents:    6680; bsz:  522/ 715/ 8; 3826/5240 tok/s;  94961 sec;
[2023-08-25 13:13:09,487 INFO] Step 71400/200000; acc: 68.3; ppl:  20.8; xent: 3.0; lr: 0.00017; sents:    6688; bsz:  511/ 698/ 8; 3802/5190 tok/s;  95069 sec;
[2023-08-25 13:14:57,702 INFO] Step 71500/200000; acc: 68.1; ppl:  21.1; xent: 3.0; lr: 0.00017; sents:    6776; bsz:  514/ 702/ 8; 3796/5191 tok/s;  95177 sec;
[2023-08-25 13:16:29,217 INFO] valid stats calculation
                           took: 91.51130080223083 s.
[2023-08-25 13:16:29,225 INFO] Train perplexity: 21.5652
[2023-08-25 13:16:29,225 INFO] Train accuracy: 67.6556
[2023-08-25 13:16:29,225 INFO] Sentences processed: 2.39816e+06
[2023-08-25 13:16:29,225 INFO] Average bsz:  512/ 699/ 8
[2023-08-25 13:16:29,225 INFO] Validation perplexity: 23.1526
[2023-08-25 13:16:29,225 INFO] Validation accuracy: 65.2846
[2023-08-25 13:16:29,323 INFO] Saving checkpoint /data2/cmdir/home/nhanvt/data_NLLB/nllb_opennmt/training/vi-th/nllb-200-3.3B.onmt_step_71500.pt
[2023-08-25 13:18:53,337 INFO] Step 71600/200000; acc: 68.2; ppl:  20.9; xent: 3.0; lr: 0.00017; sents:    6704; bsz:  512/ 700/ 8; 1739/2376 tok/s;  95412 sec;
[2023-08-25 13:20:40,589 INFO] Step 71700/200000; acc: 68.2; ppl:  21.0; xent: 3.0; lr: 0.00017; sents:    6712; bsz:  500/ 681/ 8; 3732/5078 tok/s;  95520 sec;
[2023-08-25 13:22:28,446 INFO] Step 71800/200000; acc: 68.1; ppl:  21.1; xent: 3.0; lr: 0.00016; sents:    6720; bsz:  494/ 673/ 8; 3662/4989 tok/s;  95627 sec;
[2023-08-25 13:24:16,429 INFO] Step 71900/200000; acc: 68.1; ppl:  21.1; xent: 3.0; lr: 0.00016; sents:    6656; bsz:  509/ 696/ 8; 3773/5156 tok/s;  95735 sec;
[2023-08-25 13:26:06,143 INFO] Step 72000/200000; acc: 68.7; ppl:  20.4; xent: 3.0; lr: 0.00016; sents:    6776; bsz:  525/ 721/ 8; 3827/5256 tok/s;  95845 sec;
[2023-08-25 13:27:36,741 INFO] valid stats calculation
                           took: 90.59334301948547 s.
[2023-08-25 13:27:36,749 INFO] Train perplexity: 21.5611
[2023-08-25 13:27:36,749 INFO] Train accuracy: 67.6592
[2023-08-25 13:27:36,749 INFO] Sentences processed: 2.41495e+06
[2023-08-25 13:27:36,749 INFO] Average bsz:  512/ 699/ 8
[2023-08-25 13:27:36,749 INFO] Validation perplexity: 23.1525
[2023-08-25 13:27:36,749 INFO] Validation accuracy: 65.2702
[2023-08-25 13:27:36,843 INFO] Saving checkpoint /data2/cmdir/home/nhanvt/data_NLLB/nllb_opennmt/training/vi-th/nllb-200-3.3B.onmt_step_72000.pt
[2023-08-25 13:29:55,206 INFO] Step 72100/200000; acc: 68.2; ppl:  21.0; xent: 3.0; lr: 0.00016; sents:    6800; bsz:  521/ 715/ 8; 1821/2498 tok/s;  96074 sec;
[2023-08-25 13:31:44,069 INFO] Step 72200/200000; acc: 68.7; ppl:  20.5; xent: 3.0; lr: 0.00016; sents:    6704; bsz:  524/ 723/ 8; 3851/5316 tok/s;  96183 sec;
[2023-08-25 13:33:31,464 INFO] Step 72300/200000; acc: 68.0; ppl:  21.2; xent: 3.1; lr: 0.00016; sents:    6744; bsz:  492/ 671/ 8; 3668/5000 tok/s;  96291 sec;
[2023-08-25 13:35:18,959 INFO] Step 72400/200000; acc: 68.0; ppl:  21.2; xent: 3.1; lr: 0.00016; sents:    6760; bsz:  499/ 680/ 8; 3717/5064 tok/s;  96398 sec;
[2023-08-25 13:37:07,109 INFO] Step 72500/200000; acc: 68.3; ppl:  20.9; xent: 3.0; lr: 0.00016; sents:    6808; bsz:  511/ 698/ 9; 3782/5163 tok/s;  96506 sec;
[2023-08-25 13:38:38,480 INFO] valid stats calculation
                           took: 91.36663508415222 s.
[2023-08-25 13:38:38,487 INFO] Train perplexity: 21.5577
[2023-08-25 13:38:38,487 INFO] Train accuracy: 67.6622
[2023-08-25 13:38:38,488 INFO] Sentences processed: 2.43187e+06
[2023-08-25 13:38:38,488 INFO] Average bsz:  512/ 699/ 8
[2023-08-25 13:38:38,488 INFO] Validation perplexity: 23.1536
[2023-08-25 13:38:38,488 INFO] Validation accuracy: 65.2709
[2023-08-25 13:38:38,581 INFO] Saving checkpoint /data2/cmdir/home/nhanvt/data_NLLB/nllb_opennmt/training/vi-th/nllb-200-3.3B.onmt_step_72500.pt
[2023-08-25 13:41:00,140 INFO] Step 72600/200000; acc: 68.0; ppl:  21.2; xent: 3.1; lr: 0.00016; sents:    6640; bsz:  511/ 697/ 8; 1755/2391 tok/s;  96739 sec;
[2023-08-25 13:42:48,037 INFO] Step 72700/200000; acc: 68.2; ppl:  21.0; xent: 3.0; lr: 0.00016; sents:    6616; bsz:  504/ 688/ 8; 3737/5100 tok/s;  96847 sec;
[2023-08-25 13:44:35,744 INFO] Step 72800/200000; acc: 68.1; ppl:  21.0; xent: 3.0; lr: 0.00016; sents:    6704; bsz:  504/ 685/ 8; 3741/5085 tok/s;  96955 sec;
[2023-08-25 13:46:24,005 INFO] Step 72900/200000; acc: 68.1; ppl:  21.1; xent: 3.1; lr: 0.00016; sents:    6688; bsz:  507/ 693/ 8; 3747/5121 tok/s;  97063 sec;
[2023-08-25 13:48:11,748 INFO] Step 73000/200000; acc: 68.4; ppl:  20.8; xent: 3.0; lr: 0.00016; sents:    6632; bsz:  502/ 683/ 8; 3727/5069 tok/s;  97171 sec;
[2023-08-25 13:49:43,995 INFO] valid stats calculation
                           took: 92.2417573928833 s.
[2023-08-25 13:49:44,002 INFO] Train perplexity: 21.5538
[2023-08-25 13:49:44,002 INFO] Train accuracy: 67.6657
[2023-08-25 13:49:44,002 INFO] Sentences processed: 2.4485e+06
[2023-08-25 13:49:44,002 INFO] Average bsz:  512/ 699/ 8
[2023-08-25 13:49:44,002 INFO] Validation perplexity: 23.1556
[2023-08-25 13:49:44,003 INFO] Validation accuracy: 65.2776
[2023-08-25 13:49:44,096 INFO] Saving checkpoint /data2/cmdir/home/nhanvt/data_NLLB/nllb_opennmt/training/vi-th/nllb-200-3.3B.onmt_step_73000.pt
[2023-08-25 13:52:00,415 INFO] Step 73100/200000; acc: 68.1; ppl:  21.0; xent: 3.0; lr: 0.00016; sents:    6840; bsz:  500/ 680/ 9; 1750/2380 tok/s;  97399 sec;
[2023-08-25 13:53:49,908 INFO] Step 73200/200000; acc: 68.7; ppl:  20.5; xent: 3.0; lr: 0.00016; sents:    6664; bsz:  526/ 720/ 8; 3841/5262 tok/s;  97509 sec;
[2023-08-25 13:55:39,121 INFO] Step 73300/200000; acc: 68.5; ppl:  20.6; xent: 3.0; lr: 0.00016; sents:    6664; bsz:  530/ 729/ 8; 3881/5338 tok/s;  97618 sec;
[2023-08-25 13:57:26,097 INFO] Step 73400/200000; acc: 68.3; ppl:  20.8; xent: 3.0; lr: 0.00016; sents:    6616; bsz:  511/ 696/ 8; 3819/5207 tok/s;  97725 sec;
[2023-08-25 13:59:12,903 INFO] Step 73500/200000; acc: 68.0; ppl:  21.0; xent: 3.0; lr: 0.00016; sents:    6680; bsz:  505/ 688/ 8; 3780/5157 tok/s;  97832 sec;
[2023-08-25 14:00:43,740 INFO] valid stats calculation
                           took: 90.83264660835266 s.
[2023-08-25 14:00:43,747 INFO] Train perplexity: 21.5483
[2023-08-25 14:00:43,748 INFO] Train accuracy: 67.6704
[2023-08-25 14:00:43,748 INFO] Sentences processed: 2.46522e+06
[2023-08-25 14:00:43,748 INFO] Average bsz:  512/ 699/ 8
[2023-08-25 14:00:43,748 INFO] Validation perplexity: 23.1552
[2023-08-25 14:00:43,748 INFO] Validation accuracy: 65.2647
[2023-08-25 14:00:43,843 INFO] Saving checkpoint /data2/cmdir/home/nhanvt/data_NLLB/nllb_opennmt/training/vi-th/nllb-200-3.3B.onmt_step_73500.pt
[2023-08-25 14:03:05,693 INFO] Step 73600/200000; acc: 68.1; ppl:  21.1; xent: 3.1; lr: 0.00016; sents:    6600; bsz:  511/ 697/ 8; 1758/2395 tok/s;  98065 sec;
[2023-08-25 14:04:53,364 INFO] Step 73700/200000; acc: 68.1; ppl:  21.1; xent: 3.1; lr: 0.00016; sents:    6856; bsz:  502/ 684/ 9; 3732/5085 tok/s;  98172 sec;
[2023-08-25 14:06:42,427 INFO] Step 73800/200000; acc: 68.4; ppl:  20.9; xent: 3.0; lr: 0.00016; sents:    6629; bsz:  526/ 719/ 8; 3855/5275 tok/s;  98281 sec;
[2023-08-25 14:08:30,117 INFO] Step 73900/200000; acc: 68.1; ppl:  21.0; xent: 3.0; lr: 0.00016; sents:    6600; bsz:  505/ 687/ 8; 3754/5105 tok/s;  98389 sec;
[2023-08-25 14:10:18,695 INFO] Step 74000/200000; acc: 68.6; ppl:  20.6; xent: 3.0; lr: 0.00016; sents:    6792; bsz:  516/ 707/ 8; 3798/5210 tok/s;  98498 sec;
[2023-08-25 14:11:50,427 INFO] valid stats calculation
                           took: 91.72711610794067 s.
[2023-08-25 14:11:50,434 INFO] Train perplexity: 21.5446
[2023-08-25 14:11:50,434 INFO] Train accuracy: 67.6742
[2023-08-25 14:11:50,434 INFO] Sentences processed: 2.48196e+06
[2023-08-25 14:11:50,434 INFO] Average bsz:  512/ 699/ 8
[2023-08-25 14:11:50,434 INFO] Validation perplexity: 23.1548
[2023-08-25 14:11:50,434 INFO] Validation accuracy: 65.2696
[2023-08-25 14:11:50,528 INFO] Saving checkpoint /data2/cmdir/home/nhanvt/data_NLLB/nllb_opennmt/training/vi-th/nllb-200-3.3B.onmt_step_74000.pt
[2023-08-25 14:14:11,237 INFO] Step 74100/200000; acc: 68.3; ppl:  20.8; xent: 3.0; lr: 0.00016; sents:    6720; bsz:  495/ 673/ 8; 1704/2317 tok/s;  98730 sec;
[2023-08-25 14:15:58,937 INFO] Step 74200/200000; acc: 68.3; ppl:  20.8; xent: 3.0; lr: 0.00016; sents:    6648; bsz:  514/ 701/ 8; 3820/5205 tok/s;  98838 sec;
[2023-08-25 14:17:47,653 INFO] Step 74300/200000; acc: 68.6; ppl:  20.5; xent: 3.0; lr: 0.00016; sents:    6640; bsz:  529/ 723/ 8; 3896/5320 tok/s;  98947 sec;
[2023-08-25 14:19:35,810 INFO] Step 74400/200000; acc: 68.4; ppl:  20.7; xent: 3.0; lr: 0.00016; sents:    6808; bsz:  514/ 704/ 9; 3802/5211 tok/s;  99055 sec;
[2023-08-25 14:21:24,524 INFO] Step 74500/200000; acc: 68.0; ppl:  21.3; xent: 3.1; lr: 0.00016; sents:    6616; bsz:  510/ 701/ 8; 3755/5160 tok/s;  99164 sec;
[2023-08-25 14:22:55,599 INFO] valid stats calculation
                           took: 91.07058548927307 s.
[2023-08-25 14:22:55,607 INFO] Train perplexity: 21.5403
[2023-08-25 14:22:55,608 INFO] Train accuracy: 67.6784
[2023-08-25 14:22:55,608 INFO] Sentences processed: 2.49867e+06
[2023-08-25 14:22:55,608 INFO] Average bsz:  512/ 699/ 8
[2023-08-25 14:22:55,608 INFO] Validation perplexity: 23.1588
[2023-08-25 14:22:55,608 INFO] Validation accuracy: 65.2727
[2023-08-25 14:22:55,702 INFO] Saving checkpoint /data2/cmdir/home/nhanvt/data_NLLB/nllb_opennmt/training/vi-th/nllb-200-3.3B.onmt_step_74500.pt
[2023-08-25 14:25:17,142 INFO] Step 74600/200000; acc: 68.3; ppl:  20.9; xent: 3.0; lr: 0.00016; sents:    6688; bsz:  516/ 704/ 8; 1773/2420 tok/s;  99396 sec;
[2023-08-25 14:27:06,202 INFO] Step 74700/200000; acc: 68.4; ppl:  20.8; xent: 3.0; lr: 0.00016; sents:    6632; bsz:  527/ 726/ 8; 3866/5322 tok/s;  99505 sec;
[2023-08-25 14:28:53,996 INFO] Step 74800/200000; acc: 68.0; ppl:  21.1; xent: 3.1; lr: 0.00016; sents:    6672; bsz:  509/ 692/ 8; 3775/5137 tok/s;  99613 sec;
[2023-08-25 14:30:42,901 INFO] Step 74900/200000; acc: 68.5; ppl:  20.7; xent: 3.0; lr: 0.00016; sents:    6648; bsz:  526/ 719/ 8; 3865/5280 tok/s;  99722 sec;
[2023-08-25 14:32:30,749 INFO] Step 75000/200000; acc: 68.3; ppl:  20.8; xent: 3.0; lr: 0.00016; sents:    6864; bsz:  509/ 694/ 9; 3776/5149 tok/s;  99830 sec;
[2023-08-25 14:34:03,253 INFO] valid stats calculation
                           took: 92.49998044967651 s.
[2023-08-25 14:34:03,262 INFO] Train perplexity: 21.5362
[2023-08-25 14:34:03,262 INFO] Train accuracy: 67.6817
[2023-08-25 14:34:03,262 INFO] Sentences processed: 2.51549e+06
[2023-08-25 14:34:03,262 INFO] Average bsz:  512/ 699/ 8
[2023-08-25 14:34:03,262 INFO] Validation perplexity: 23.1583
[2023-08-25 14:34:03,262 INFO] Validation accuracy: 65.2641
[2023-08-25 14:34:03,355 INFO] Saving checkpoint /data2/cmdir/home/nhanvt/data_NLLB/nllb_opennmt/training/vi-th/nllb-200-3.3B.onmt_step_75000.pt
[2023-08-25 14:36:22,274 INFO] Step 75100/200000; acc: 68.1; ppl:  21.0; xent: 3.0; lr: 0.00016; sents:    6904; bsz:  503/ 681/ 9; 1737/2352 tok/s; 100061 sec;
[2023-08-25 14:38:08,753 INFO] Step 75200/200000; acc: 68.2; ppl:  21.0; xent: 3.0; lr: 0.00016; sents:    6920; bsz:  495/ 672/ 9; 3720/5052 tok/s; 100168 sec;
[2023-08-25 14:39:54,770 INFO] Step 75300/200000; acc: 68.1; ppl:  21.1; xent: 3.1; lr: 0.00016; sents:    6776; bsz:  497/ 676/ 8; 3747/5098 tok/s; 100274 sec;
[2023-08-25 14:41:40,950 INFO] Step 75400/200000; acc: 68.2; ppl:  20.9; xent: 3.0; lr: 0.00016; sents:    6800; bsz:  495/ 670/ 8; 3729/5049 tok/s; 100380 sec;
[2023-08-25 14:43:28,468 INFO] Step 75500/200000; acc: 68.5; ppl:  20.7; xent: 3.0; lr: 0.00016; sents:    6776; bsz:  507/ 693/ 8; 3772/5154 tok/s; 100488 sec;
[2023-08-25 14:44:59,877 INFO] valid stats calculation
                           took: 91.40432953834534 s.
[2023-08-25 14:44:59,886 INFO] Train perplexity: 21.5322
[2023-08-25 14:44:59,886 INFO] Train accuracy: 67.6854
[2023-08-25 14:44:59,886 INFO] Sentences processed: 2.53255e+06
[2023-08-25 14:44:59,886 INFO] Average bsz:  512/ 699/ 8
[2023-08-25 14:44:59,886 INFO] Validation perplexity: 23.1606
[2023-08-25 14:44:59,886 INFO] Validation accuracy: 65.2552
[2023-08-25 14:44:59,979 INFO] Saving checkpoint /data2/cmdir/home/nhanvt/data_NLLB/nllb_opennmt/training/vi-th/nllb-200-3.3B.onmt_step_75500.pt
[2023-08-25 14:47:21,962 INFO] Step 75600/200000; acc: 68.2; ppl:  20.9; xent: 3.0; lr: 0.00016; sents:    6616; bsz:  500/ 681/ 8; 1712/2334 tok/s; 100721 sec;
[2023-08-25 14:49:09,542 INFO] Step 75700/200000; acc: 68.1; ppl:  21.0; xent: 3.0; lr: 0.00016; sents:    6656; bsz:  496/ 674/ 8; 3685/5014 tok/s; 100829 sec;
[2023-08-25 14:50:57,586 INFO] Step 75800/200000; acc: 68.2; ppl:  20.9; xent: 3.0; lr: 0.00016; sents:    6712; bsz:  508/ 695/ 8; 3761/5149 tok/s; 100937 sec;
[2023-08-25 14:52:45,493 INFO] Step 75900/200000; acc: 68.1; ppl:  21.0; xent: 3.0; lr: 0.00016; sents:    6816; bsz:  508/ 691/ 9; 3763/5120 tok/s; 101045 sec;
[2023-08-25 14:54:33,594 INFO] Step 76000/200000; acc: 68.0; ppl:  21.2; xent: 3.1; lr: 0.00016; sents:    6736; bsz:  511/ 699/ 8; 3783/5175 tok/s; 101153 sec;
[2023-08-25 14:56:05,669 INFO] valid stats calculation
                           took: 92.07007718086243 s.
[2023-08-25 14:56:05,677 INFO] Train perplexity: 21.5294
[2023-08-25 14:56:05,677 INFO] Train accuracy: 67.6878
[2023-08-25 14:56:05,677 INFO] Sentences processed: 2.54932e+06
[2023-08-25 14:56:05,677 INFO] Average bsz:  511/ 699/ 8
[2023-08-25 14:56:05,677 INFO] Validation perplexity: 23.1632
[2023-08-25 14:56:05,677 INFO] Validation accuracy: 65.2632
[2023-08-25 14:56:05,772 INFO] Saving checkpoint /data2/cmdir/home/nhanvt/data_NLLB/nllb_opennmt/training/vi-th/nllb-200-3.3B.onmt_step_76000.pt
[2023-08-25 14:58:25,719 INFO] Step 76100/200000; acc: 68.2; ppl:  21.0; xent: 3.0; lr: 0.00016; sents:    6904; bsz:  508/ 693/ 9; 1750/2388 tok/s; 101385 sec;
[2023-08-25 15:00:12,999 INFO] Step 76200/200000; acc: 68.1; ppl:  21.1; xent: 3.0; lr: 0.00016; sents:    6784; bsz:  493/ 669/ 8; 3677/4990 tok/s; 101492 sec;
[2023-08-25 15:02:01,576 INFO] Step 76300/200000; acc: 68.3; ppl:  20.9; xent: 3.0; lr: 0.00016; sents:    6616; bsz:  517/ 710/ 8; 3809/5228 tok/s; 101601 sec;
[2023-08-25 15:03:50,245 INFO] Step 76400/200000; acc: 68.3; ppl:  20.8; xent: 3.0; lr: 0.00016; sents:    6584; bsz:  511/ 697/ 8; 3760/5134 tok/s; 101709 sec;
[2023-08-25 15:05:37,508 INFO] Step 76500/200000; acc: 68.4; ppl:  20.7; xent: 3.0; lr: 0.00016; sents:    6776; bsz:  497/ 675/ 8; 3709/5037 tok/s; 101817 sec;
[2023-08-25 15:07:08,620 INFO] valid stats calculation
                           took: 91.10734724998474 s.
[2023-08-25 15:07:08,627 INFO] Train perplexity: 21.5263
[2023-08-25 15:07:08,627 INFO] Train accuracy: 67.6904
[2023-08-25 15:07:08,627 INFO] Sentences processed: 2.56613e+06
[2023-08-25 15:07:08,627 INFO] Average bsz:  511/ 699/ 8
[2023-08-25 15:07:08,627 INFO] Validation perplexity: 23.1644
[2023-08-25 15:07:08,627 INFO] Validation accuracy: 65.2493
[2023-08-25 15:07:08,723 INFO] Saving checkpoint /data2/cmdir/home/nhanvt/data_NLLB/nllb_opennmt/training/vi-th/nllb-200-3.3B.onmt_step_76500.pt
[2023-08-25 15:09:28,633 INFO] Step 76600/200000; acc: 68.4; ppl:  20.8; xent: 3.0; lr: 0.00016; sents:    6664; bsz:  505/ 692/ 8; 1749/2395 tok/s; 102048 sec;
[2023-08-25 15:11:15,268 INFO] Step 76700/200000; acc: 68.2; ppl:  20.9; xent: 3.0; lr: 0.00016; sents:    6960; bsz:  498/ 675/ 9; 3734/5067 tok/s; 102154 sec;
[2023-08-25 15:13:02,208 INFO] Step 76800/200000; acc: 68.2; ppl:  21.0; xent: 3.0; lr: 0.00016; sents:    6680; bsz:  509/ 695/ 8; 3811/5198 tok/s; 102261 sec;
[2023-08-25 15:14:49,131 INFO] Step 76900/200000; acc: 68.3; ppl:  20.9; xent: 3.0; lr: 0.00016; sents:    6648; bsz:  504/ 688/ 8; 3767/5151 tok/s; 102368 sec;
[2023-08-25 15:16:36,621 INFO] Step 77000/200000; acc: 68.2; ppl:  21.0; xent: 3.0; lr: 0.00016; sents:    6784; bsz:  507/ 695/ 8; 3774/5170 tok/s; 102476 sec;
[2023-08-25 15:18:07,937 INFO] valid stats calculation
                           took: 91.31121754646301 s.
[2023-08-25 15:18:07,944 INFO] Train perplexity: 21.5234
[2023-08-25 15:18:07,944 INFO] Train accuracy: 67.6934
[2023-08-25 15:18:07,944 INFO] Sentences processed: 2.583e+06
[2023-08-25 15:18:07,944 INFO] Average bsz:  511/ 698/ 8
[2023-08-25 15:18:07,945 INFO] Validation perplexity: 23.1652
[2023-08-25 15:18:07,945 INFO] Validation accuracy: 65.2484
[2023-08-25 15:18:08,134 INFO] Saving checkpoint /data2/cmdir/home/nhanvt/data_NLLB/nllb_opennmt/training/vi-th/nllb-200-3.3B.onmt_step_77000.pt
[2023-08-25 15:20:28,363 INFO] Step 77100/200000; acc: 67.7; ppl:  21.4; xent: 3.1; lr: 0.00016; sents:    6784; bsz:  499/ 679/ 8; 1724/2343 tok/s; 102707 sec;
[2023-08-25 15:22:17,016 INFO] Step 77200/200000; acc: 68.6; ppl:  20.4; xent: 3.0; lr: 0.00016; sents:    6616; bsz:  516/ 705/ 8; 3796/5193 tok/s; 102816 sec;
[2023-08-25 15:24:04,893 INFO] Step 77300/200000; acc: 68.1; ppl:  21.1; xent: 3.0; lr: 0.00016; sents:    6704; bsz:  504/ 686/ 8; 3739/5085 tok/s; 102924 sec;
[2023-08-25 15:25:52,964 INFO] Step 77400/200000; acc: 68.4; ppl:  20.8; xent: 3.0; lr: 0.00016; sents:    6656; bsz:  514/ 703/ 8; 3805/5206 tok/s; 103032 sec;
[2023-08-25 15:27:40,332 INFO] Step 77500/200000; acc: 68.1; ppl:  21.0; xent: 3.0; lr: 0.00016; sents:    6672; bsz:  513/ 697/ 8; 3822/5195 tok/s; 103139 sec;
[2023-08-25 15:29:11,814 INFO] valid stats calculation
                           took: 91.47744870185852 s.
[2023-08-25 15:29:11,821 INFO] Train perplexity: 21.5199
[2023-08-25 15:29:11,821 INFO] Train accuracy: 67.6964
[2023-08-25 15:29:11,822 INFO] Sentences processed: 2.59971e+06
[2023-08-25 15:29:11,822 INFO] Average bsz:  511/ 698/ 8
[2023-08-25 15:29:11,822 INFO] Validation perplexity: 23.1652
[2023-08-25 15:29:11,822 INFO] Validation accuracy: 65.2544
[2023-08-25 15:29:11,916 INFO] Saving checkpoint /data2/cmdir/home/nhanvt/data_NLLB/nllb_opennmt/training/vi-th/nllb-200-3.3B.onmt_step_77500.pt
[2023-08-25 15:31:33,033 INFO] Step 77600/200000; acc: 68.2; ppl:  20.9; xent: 3.0; lr: 0.00016; sents:    6584; bsz:  507/ 694/ 8; 1744/2385 tok/s; 103372 sec;
[2023-08-25 15:33:20,059 INFO] Step 77700/200000; acc: 67.9; ppl:  21.4; xent: 3.1; lr: 0.00016; sents:    6760; bsz:  507/ 691/ 8; 3792/5164 tok/s; 103479 sec;
[2023-08-25 15:35:08,104 INFO] Step 77800/200000; acc: 68.6; ppl:  20.5; xent: 3.0; lr: 0.00016; sents:    6688; bsz:  522/ 714/ 8; 3864/5288 tok/s; 103587 sec;
[2023-08-25 15:36:54,869 INFO] Step 77900/200000; acc: 67.7; ppl:  21.5; xent: 3.1; lr: 0.00016; sents:    6712; bsz:  497/ 675/ 8; 3727/5060 tok/s; 103694 sec;
[2023-08-25 15:38:42,552 INFO] Step 78000/200000; acc: 68.2; ppl:  21.0; xent: 3.0; lr: 0.00016; sents:    6680; bsz:  512/ 699/ 8; 3805/5192 tok/s; 103802 sec;
[2023-08-25 15:40:13,965 INFO] valid stats calculation
                           took: 91.40941381454468 s.
[2023-08-25 15:40:13,973 INFO] Train perplexity: 21.5183
[2023-08-25 15:40:13,973 INFO] Train accuracy: 67.698
[2023-08-25 15:40:13,973 INFO] Sentences processed: 2.61643e+06
[2023-08-25 15:40:13,973 INFO] Average bsz:  511/ 698/ 8
[2023-08-25 15:40:13,973 INFO] Validation perplexity: 23.1637
[2023-08-25 15:40:13,973 INFO] Validation accuracy: 65.2425
[2023-08-25 15:40:14,068 INFO] Saving checkpoint /data2/cmdir/home/nhanvt/data_NLLB/nllb_opennmt/training/vi-th/nllb-200-3.3B.onmt_step_78000.pt
[2023-08-25 15:42:33,420 INFO] Step 78100/200000; acc: 68.5; ppl:  20.6; xent: 3.0; lr: 0.00016; sents:    6648; bsz:  505/ 685/ 8; 1748/2375 tok/s; 104032 sec;
[2023-08-25 15:44:20,553 INFO] Step 78200/200000; acc: 68.4; ppl:  20.7; xent: 3.0; lr: 0.00016; sents:    6648; bsz:  503/ 687/ 8; 3756/5132 tok/s; 104140 sec;
[2023-08-25 15:46:07,466 INFO] Step 78300/200000; acc: 68.2; ppl:  21.0; xent: 3.0; lr: 0.00016; sents:    6720; bsz:  506/ 689/ 8; 3789/5159 tok/s; 104247 sec;
[2023-08-25 15:47:54,579 INFO] Step 78400/200000; acc: 68.3; ppl:  20.8; xent: 3.0; lr: 0.00016; sents:    6616; bsz:  505/ 690/ 8; 3768/5153 tok/s; 104354 sec;
[2023-08-25 15:49:42,712 INFO] Step 78500/200000; acc: 68.1; ppl:  21.1; xent: 3.1; lr: 0.00016; sents:    6680; bsz:  509/ 697/ 8; 3768/5157 tok/s; 104462 sec;
[2023-08-25 15:51:12,311 INFO] valid stats calculation
                           took: 89.5946614742279 s.
[2023-08-25 15:51:12,318 INFO] Train perplexity: 21.5149
[2023-08-25 15:51:12,318 INFO] Train accuracy: 67.701
[2023-08-25 15:51:12,318 INFO] Sentences processed: 2.63306e+06
[2023-08-25 15:51:12,318 INFO] Average bsz:  511/ 698/ 8
[2023-08-25 15:51:12,318 INFO] Validation perplexity: 23.1693
[2023-08-25 15:51:12,318 INFO] Validation accuracy: 65.2402
[2023-08-25 15:51:12,414 INFO] Saving checkpoint /data2/cmdir/home/nhanvt/data_NLLB/nllb_opennmt/training/vi-th/nllb-200-3.3B.onmt_step_78500.pt
[2023-08-25 15:53:33,914 INFO] Step 78600/200000; acc: 68.2; ppl:  21.0; xent: 3.0; lr: 0.00016; sents:    6624; bsz:  512/ 702/ 8; 1771/2429 tok/s; 104693 sec;
[2023-08-25 15:55:21,196 INFO] Step 78700/200000; acc: 68.2; ppl:  20.9; xent: 3.0; lr: 0.00016; sents:    6672; bsz:  502/ 684/ 8; 3744/5099 tok/s; 104800 sec;
[2023-08-25 15:57:51,435 INFO] Step 78800/200000; acc: 68.4; ppl:  20.8; xent: 3.0; lr: 0.00016; sents:    6664; bsz:  520/ 713/ 8; 2768/3795 tok/s; 104950 sec;
[2023-08-25 15:59:46,126 INFO] Step 78900/200000; acc: 68.4; ppl:  20.7; xent: 3.0; lr: 0.00016; sents:    6640; bsz:  514/ 704/ 8; 3587/4910 tok/s; 105065 sec;
[2023-08-25 16:02:11,601 INFO] Step 79000/200000; acc: 68.8; ppl:  20.4; xent: 3.0; lr: 0.00016; sents:    6640; bsz:  525/ 718/ 8; 2886/3946 tok/s; 105211 sec;
[2023-08-25 16:03:43,402 INFO] valid stats calculation
                           took: 91.79781103134155 s.
[2023-08-25 16:03:43,410 INFO] Train perplexity: 21.5109
[2023-08-25 16:03:43,411 INFO] Train accuracy: 67.7047
[2023-08-25 16:03:43,411 INFO] Sentences processed: 2.64967e+06
[2023-08-25 16:03:43,411 INFO] Average bsz:  511/ 698/ 8
[2023-08-25 16:03:43,411 INFO] Validation perplexity: 23.171
[2023-08-25 16:03:43,411 INFO] Validation accuracy: 65.2435
[2023-08-25 16:03:43,505 INFO] Saving checkpoint /data2/cmdir/home/nhanvt/data_NLLB/nllb_opennmt/training/vi-th/nllb-200-3.3B.onmt_step_79000.pt
[2023-08-25 16:06:06,851 INFO] Step 79100/200000; acc: 68.4; ppl:  20.6; xent: 3.0; lr: 0.00016; sents:    6736; bsz:  524/ 717/ 8; 1783/2439 tok/s; 105446 sec;
[2023-08-25 16:07:54,878 INFO] Step 79200/200000; acc: 68.2; ppl:  20.9; xent: 3.0; lr: 0.00016; sents:    6688; bsz:  509/ 693/ 8; 3771/5134 tok/s; 105554 sec;
[2023-08-25 16:09:42,640 INFO] Step 79300/200000; acc: 68.2; ppl:  21.0; xent: 3.0; lr: 0.00016; sents:    7072; bsz:  506/ 689/ 9; 3757/5118 tok/s; 105662 sec;
[2023-08-25 16:11:29,818 INFO] Step 79400/200000; acc: 68.2; ppl:  20.9; xent: 3.0; lr: 0.00016; sents:    6680; bsz:  501/ 681/ 8; 3737/5084 tok/s; 105769 sec;
[2023-08-25 16:13:17,929 INFO] Step 79500/200000; acc: 68.3; ppl:  20.8; xent: 3.0; lr: 0.00016; sents:    6736; bsz:  501/ 684/ 8; 3710/5060 tok/s; 105877 sec;
[2023-08-25 16:14:49,823 INFO] valid stats calculation
                           took: 91.88967037200928 s.
[2023-08-25 16:14:49,831 INFO] Train perplexity: 21.5077
[2023-08-25 16:14:49,831 INFO] Train accuracy: 67.7073
[2023-08-25 16:14:49,831 INFO] Sentences processed: 2.66662e+06
[2023-08-25 16:14:49,831 INFO] Average bsz:  511/ 698/ 8
[2023-08-25 16:14:49,831 INFO] Validation perplexity: 23.1711
[2023-08-25 16:14:49,831 INFO] Validation accuracy: 65.2404
[2023-08-25 16:14:49,930 INFO] Saving checkpoint /data2/cmdir/home/nhanvt/data_NLLB/nllb_opennmt/training/vi-th/nllb-200-3.3B.onmt_step_79500.pt
[2023-08-25 16:17:12,832 INFO] Step 79600/200000; acc: 68.2; ppl:  21.0; xent: 3.0; lr: 0.00016; sents:    6784; bsz:  512/ 696/ 8; 1744/2372 tok/s; 106112 sec;
[2023-08-25 16:19:01,049 INFO] Step 79700/200000; acc: 68.0; ppl:  21.2; xent: 3.1; lr: 0.00016; sents:    6832; bsz:  498/ 680/ 9; 3684/5027 tok/s; 106220 sec;
[2023-08-25 16:20:49,430 INFO] Step 79800/200000; acc: 68.0; ppl:  21.1; xent: 3.0; lr: 0.00016; sents:    6672; bsz:  509/ 696/ 8; 3756/5139 tok/s; 106328 sec;
[2023-08-25 16:22:38,208 INFO] Step 79900/200000; acc: 68.5; ppl:  20.6; xent: 3.0; lr: 0.00016; sents:    6672; bsz:  516/ 706/ 8; 3793/5194 tok/s; 106437 sec;
[2023-08-25 16:24:25,803 INFO] Step 80000/200000; acc: 68.3; ppl:  20.8; xent: 3.0; lr: 0.00016; sents:    6744; bsz:  509/ 689/ 8; 3784/5123 tok/s; 106545 sec;
[2023-08-25 16:25:57,460 INFO] valid stats calculation
                           took: 91.65223240852356 s.
[2023-08-25 16:25:57,467 INFO] Train perplexity: 21.5043
[2023-08-25 16:25:57,467 INFO] Train accuracy: 67.7102
[2023-08-25 16:25:57,467 INFO] Sentences processed: 2.68348e+06
[2023-08-25 16:25:57,467 INFO] Average bsz:  511/ 698/ 8
[2023-08-25 16:25:57,467 INFO] Validation perplexity: 23.1689
[2023-08-25 16:25:57,467 INFO] Validation accuracy: 65.2314
[2023-08-25 16:25:57,561 INFO] Saving checkpoint /data2/cmdir/home/nhanvt/data_NLLB/nllb_opennmt/training/vi-th/nllb-200-3.3B.onmt_step_80000.pt
[2023-08-25 16:28:19,980 INFO] Step 80100/200000; acc: 68.4; ppl:  20.8; xent: 3.0; lr: 0.00016; sents:    6752; bsz:  507/ 693/ 8; 1731/2367 tok/s; 106779 sec;
[2023-08-25 16:30:07,948 INFO] Step 80200/200000; acc: 68.4; ppl:  20.7; xent: 3.0; lr: 0.00016; sents:    6664; bsz:  511/ 695/ 8; 3785/5152 tok/s; 106887 sec;
[2023-08-25 16:31:56,149 INFO] Step 80300/200000; acc: 68.4; ppl:  20.7; xent: 3.0; lr: 0.00016; sents:    6536; bsz:  512/ 699/ 8; 3786/5171 tok/s; 106995 sec;
[2023-08-25 16:33:44,353 INFO] Step 80400/200000; acc: 68.4; ppl:  20.8; xent: 3.0; lr: 0.00016; sents:    6568; bsz:  510/ 699/ 8; 3771/5165 tok/s; 107103 sec;
[2023-08-25 16:35:33,246 INFO] Step 80500/200000; acc: 68.4; ppl:  20.8; xent: 3.0; lr: 0.00016; sents:    6680; bsz:  524/ 717/ 8; 3853/5267 tok/s; 107212 sec;
[2023-08-25 16:37:04,895 INFO] valid stats calculation
                           took: 91.64468002319336 s.
[2023-08-25 16:37:04,902 INFO] Train perplexity: 21.5
[2023-08-25 16:37:04,902 INFO] Train accuracy: 67.714
[2023-08-25 16:37:04,902 INFO] Sentences processed: 2.70008e+06
[2023-08-25 16:37:04,903 INFO] Average bsz:  511/ 698/ 8
[2023-08-25 16:37:04,903 INFO] Validation perplexity: 23.1717
[2023-08-25 16:37:04,903 INFO] Validation accuracy: 65.2266
[2023-08-25 16:37:04,996 INFO] Saving checkpoint /data2/cmdir/home/nhanvt/data_NLLB/nllb_opennmt/training/vi-th/nllb-200-3.3B.onmt_step_80500.pt
[2023-08-25 16:39:29,415 INFO] Step 80600/200000; acc: 68.4; ppl:  20.8; xent: 3.0; lr: 0.00016; sents:    6856; bsz:  516/ 704/ 9; 1747/2386 tok/s; 107448 sec;
[2023-08-25 16:41:17,722 INFO] Step 80700/200000; acc: 68.8; ppl:  20.3; xent: 3.0; lr: 0.00016; sents:    6720; bsz:  504/ 685/ 8; 3725/5062 tok/s; 107557 sec;
[2023-08-25 16:43:05,646 INFO] Step 80800/200000; acc: 68.3; ppl:  20.9; xent: 3.0; lr: 0.00016; sents:    6752; bsz:  510/ 697/ 8; 3779/5164 tok/s; 107665 sec;
[2023-08-25 16:44:53,517 INFO] Step 80900/200000; acc: 68.5; ppl:  20.6; xent: 3.0; lr: 0.00016; sents:    6616; bsz:  515/ 704/ 8; 3822/5220 tok/s; 107773 sec;
[2023-08-25 16:46:40,519 INFO] Step 81000/200000; acc: 68.0; ppl:  21.2; xent: 3.1; lr: 0.00016; sents:    7024; bsz:  504/ 679/ 9; 3769/5075 tok/s; 107880 sec;
[2023-08-25 16:48:12,218 INFO] valid stats calculation
                           took: 91.69385957717896 s.
[2023-08-25 16:48:12,225 INFO] Train perplexity: 21.4955
[2023-08-25 16:48:12,225 INFO] Train accuracy: 67.7179
[2023-08-25 16:48:12,225 INFO] Sentences processed: 2.71708e+06
[2023-08-25 16:48:12,226 INFO] Average bsz:  511/ 698/ 8
[2023-08-25 16:48:12,226 INFO] Validation perplexity: 23.1728
[2023-08-25 16:48:12,226 INFO] Validation accuracy: 65.2295
[2023-08-25 16:48:12,320 INFO] Saving checkpoint /data2/cmdir/home/nhanvt/data_NLLB/nllb_opennmt/training/vi-th/nllb-200-3.3B.onmt_step_81000.pt
[2023-08-25 16:50:30,297 INFO] Step 81100/200000; acc: 68.2; ppl:  20.9; xent: 3.0; lr: 0.00016; sents:    6680; bsz:  481/ 653/ 8; 1674/2273 tok/s; 108109 sec;
[2023-08-25 16:52:18,979 INFO] Step 81200/200000; acc: 68.3; ppl:  20.9; xent: 3.0; lr: 0.00016; sents:    6584; bsz:  516/ 703/ 8; 3795/5175 tok/s; 108218 sec;
[2023-08-25 16:54:06,508 INFO] Step 81300/200000; acc: 68.3; ppl:  20.9; xent: 3.0; lr: 0.00015; sents:    6704; bsz:  498/ 679/ 8; 3706/5049 tok/s; 108326 sec;
[2023-08-25 16:55:55,713 INFO] Step 81400/200000; acc: 68.6; ppl:  20.6; xent: 3.0; lr: 0.00015; sents:    6672; bsz:  518/ 709/ 8; 3794/5196 tok/s; 108435 sec;
[2023-08-25 16:57:45,742 INFO] Step 81500/200000; acc: 68.6; ppl:  20.5; xent: 3.0; lr: 0.00015; sents:    6736; bsz:  535/ 737/ 8; 3892/5360 tok/s; 108545 sec;
[2023-08-25 16:59:18,023 INFO] valid stats calculation
                           took: 92.27699279785156 s.
[2023-08-25 16:59:18,031 INFO] Train perplexity: 21.4913
[2023-08-25 16:59:18,031 INFO] Train accuracy: 67.7217
[2023-08-25 16:59:18,031 INFO] Sentences processed: 2.73376e+06
[2023-08-25 16:59:18,031 INFO] Average bsz:  511/ 698/ 8
[2023-08-25 16:59:18,031 INFO] Validation perplexity: 23.1753
[2023-08-25 16:59:18,031 INFO] Validation accuracy: 65.2248
[2023-08-25 16:59:18,126 INFO] Saving checkpoint /data2/cmdir/home/nhanvt/data_NLLB/nllb_opennmt/training/vi-th/nllb-200-3.3B.onmt_step_81500.pt
[2023-08-25 17:01:35,452 INFO] Step 81600/200000; acc: 68.2; ppl:  21.0; xent: 3.0; lr: 0.00015; sents:    6813; bsz:  515/ 703/ 9; 1794/2447 tok/s; 108774 sec;
[2023-08-25 17:03:23,714 INFO] Step 81700/200000; acc: 68.1; ppl:  21.0; xent: 3.0; lr: 0.00015; sents:    6704; bsz:  514/ 698/ 8; 3796/5154 tok/s; 108883 sec;
[2023-08-25 17:05:13,251 INFO] Step 81800/200000; acc: 68.3; ppl:  20.8; xent: 3.0; lr: 0.00015; sents:    6848; bsz:  517/ 703/ 9; 3774/5132 tok/s; 108992 sec;
[2023-08-25 17:07:01,639 INFO] Step 81900/200000; acc: 68.1; ppl:  21.0; xent: 3.0; lr: 0.00015; sents:    6752; bsz:  511/ 692/ 8; 3773/5105 tok/s; 109101 sec;
[2023-08-25 17:08:49,973 INFO] Step 82000/200000; acc: 68.3; ppl:  20.9; xent: 3.0; lr: 0.00015; sents:    6592; bsz:  513/ 702/ 8; 3786/5187 tok/s; 109209 sec;
[2023-08-25 17:10:21,169 INFO] valid stats calculation
                           took: 91.19134426116943 s.
[2023-08-25 17:10:21,175 INFO] Train perplexity: 21.4871
[2023-08-25 17:10:21,175 INFO] Train accuracy: 67.7254
[2023-08-25 17:10:21,175 INFO] Sentences processed: 2.75062e+06
[2023-08-25 17:10:21,175 INFO] Average bsz:  511/ 698/ 8
[2023-08-25 17:10:21,175 INFO] Validation perplexity: 23.1734
[2023-08-25 17:10:21,175 INFO] Validation accuracy: 65.2297
[2023-08-25 17:10:21,270 INFO] Saving checkpoint /data2/cmdir/home/nhanvt/data_NLLB/nllb_opennmt/training/vi-th/nllb-200-3.3B.onmt_step_82000.pt
[2023-08-25 17:12:41,917 INFO] Step 82100/200000; acc: 68.5; ppl:  20.7; xent: 3.0; lr: 0.00015; sents:    6568; bsz:  530/ 725/ 8; 1827/2502 tok/s; 109441 sec;
[2023-08-25 17:14:29,392 INFO] Step 82200/200000; acc: 68.3; ppl:  20.7; xent: 3.0; lr: 0.00015; sents:    6744; bsz:  506/ 686/ 8; 3763/5108 tok/s; 109548 sec;
[2023-08-25 17:16:18,461 INFO] Step 82300/200000; acc: 68.8; ppl:  20.3; xent: 3.0; lr: 0.00015; sents:    6600; bsz:  519/ 709/ 8; 3803/5201 tok/s; 109658 sec;
[2023-08-25 17:18:07,030 INFO] Step 82400/200000; acc: 68.4; ppl:  20.8; xent: 3.0; lr: 0.00015; sents:    6744; bsz:  509/ 692/ 8; 3752/5098 tok/s; 109766 sec;
[2023-08-25 17:19:54,599 INFO] Step 82500/200000; acc: 68.6; ppl:  20.6; xent: 3.0; lr: 0.00015; sents:    6688; bsz:  501/ 687/ 8; 3729/5111 tok/s; 109874 sec;
[2023-08-25 17:21:26,611 INFO] valid stats calculation
                           took: 92.00764155387878 s.
[2023-08-25 17:21:26,618 INFO] Train perplexity: 21.4824
[2023-08-25 17:21:26,618 INFO] Train accuracy: 67.7295
[2023-08-25 17:21:26,618 INFO] Sentences processed: 2.76728e+06
[2023-08-25 17:21:26,618 INFO] Average bsz:  511/ 698/ 8
[2023-08-25 17:21:26,619 INFO] Validation perplexity: 23.1699
[2023-08-25 17:21:26,619 INFO] Validation accuracy: 65.2322
[2023-08-25 17:21:26,712 INFO] Saving checkpoint /data2/cmdir/home/nhanvt/data_NLLB/nllb_opennmt/training/vi-th/nllb-200-3.3B.onmt_step_82500.pt
[2023-08-25 17:23:45,434 INFO] Step 82600/200000; acc: 68.4; ppl:  20.7; xent: 3.0; lr: 0.00015; sents:    6736; bsz:  512/ 697/ 8; 1776/2416 tok/s; 110104 sec;
[2023-08-25 17:25:33,125 INFO] Step 82700/200000; acc: 68.5; ppl:  20.6; xent: 3.0; lr: 0.00015; sents:    6704; bsz:  501/ 683/ 8; 3726/5073 tok/s; 110212 sec;
[2023-08-25 17:27:21,555 INFO] Step 82800/200000; acc: 68.3; ppl:  20.9; xent: 3.0; lr: 0.00015; sents:    6640; bsz:  507/ 694/ 8; 3744/5117 tok/s; 110321 sec;
[2023-08-25 17:29:10,486 INFO] Step 82900/200000; acc: 68.6; ppl:  20.6; xent: 3.0; lr: 0.00015; sents:    6704; bsz:  524/ 719/ 8; 3850/5282 tok/s; 110430 sec;
[2023-08-25 17:30:58,891 INFO] Step 83000/200000; acc: 68.4; ppl:  20.8; xent: 3.0; lr: 0.00015; sents:    6856; bsz:  509/ 691/ 9; 3754/5103 tok/s; 110538 sec;
[2023-08-25 17:32:30,958 INFO] valid stats calculation
                           took: 92.06267523765564 s.
[2023-08-25 17:32:30,967 INFO] Train perplexity: 21.4779
[2023-08-25 17:32:30,967 INFO] Train accuracy: 67.7334
[2023-08-25 17:32:30,967 INFO] Sentences processed: 2.78412e+06
[2023-08-25 17:32:30,967 INFO] Average bsz:  511/ 698/ 8
[2023-08-25 17:32:30,967 INFO] Validation perplexity: 23.1706
[2023-08-25 17:32:30,967 INFO] Validation accuracy: 65.2283
[2023-08-25 17:32:31,062 INFO] Saving checkpoint /data2/cmdir/home/nhanvt/data_NLLB/nllb_opennmt/training/vi-th/nllb-200-3.3B.onmt_step_83000.pt
[2023-08-25 17:34:44,321 INFO] Step 83100/200000; acc: 68.3; ppl:  20.8; xent: 3.0; lr: 0.00015; sents:    6696; bsz:  503/ 683/ 8; 1784/2423 tok/s; 110763 sec;
[2023-08-25 17:36:31,709 INFO] Step 83200/200000; acc: 68.1; ppl:  21.1; xent: 3.0; lr: 0.00015; sents:    6560; bsz:  505/ 688/ 8; 3759/5122 tok/s; 110871 sec;
[2023-08-25 17:38:19,768 INFO] Step 83300/200000; acc: 68.4; ppl:  20.7; xent: 3.0; lr: 0.00015; sents:    6720; bsz:  508/ 691/ 8; 3759/5113 tok/s; 110979 sec;
[2023-08-25 17:40:07,532 INFO] Step 83400/200000; acc: 68.2; ppl:  20.9; xent: 3.0; lr: 0.00015; sents:    6680; bsz:  509/ 694/ 8; 3779/5151 tok/s; 111087 sec;
[2023-08-25 17:41:55,183 INFO] Step 83500/200000; acc: 68.1; ppl:  21.0; xent: 3.0; lr: 0.00015; sents:    6800; bsz:  499/ 679/ 8; 3705/5049 tok/s; 111194 sec;
[2023-08-25 17:43:26,156 INFO] valid stats calculation
                           took: 90.9685480594635 s.
[2023-08-25 17:43:26,163 INFO] Train perplexity: 21.4758
[2023-08-25 17:43:26,164 INFO] Train accuracy: 67.735
[2023-08-25 17:43:26,164 INFO] Sentences processed: 2.80084e+06
[2023-08-25 17:43:26,164 INFO] Average bsz:  511/ 698/ 8
[2023-08-25 17:43:26,164 INFO] Validation perplexity: 23.1707
[2023-08-25 17:43:26,164 INFO] Validation accuracy: 65.2289
[2023-08-25 17:43:26,257 INFO] Saving checkpoint /data2/cmdir/home/nhanvt/data_NLLB/nllb_opennmt/training/vi-th/nllb-200-3.3B.onmt_step_83500.pt
[2023-08-25 17:45:39,880 INFO] Step 83600/200000; acc: 68.3; ppl:  20.8; xent: 3.0; lr: 0.00015; sents:    6648; bsz:  518/ 707/ 8; 1844/2517 tok/s; 111419 sec;
[2023-08-25 17:47:27,226 INFO] Step 83700/200000; acc: 68.5; ppl:  20.6; xent: 3.0; lr: 0.00015; sents:    6584; bsz:  515/ 701/ 8; 3840/5228 tok/s; 111526 sec;
[2023-08-25 17:49:13,683 INFO] Step 83800/200000; acc: 68.3; ppl:  20.8; xent: 3.0; lr: 0.00015; sents:    6592; bsz:  496/ 677/ 8; 3731/5089 tok/s; 111633 sec;
[2023-08-25 17:51:01,641 INFO] Step 83900/200000; acc: 68.5; ppl:  20.6; xent: 3.0; lr: 0.00015; sents:    6600; bsz:  517/ 705/ 8; 3832/5227 tok/s; 111741 sec;
[2023-08-25 17:52:49,139 INFO] Step 84000/200000; acc: 68.5; ppl:  20.8; xent: 3.0; lr: 0.00015; sents:    6688; bsz:  510/ 698/ 8; 3797/5194 tok/s; 111848 sec;
[2023-08-25 17:54:20,009 INFO] valid stats calculation
                           took: 90.86598205566406 s.
[2023-08-25 17:54:20,016 INFO] Train perplexity: 21.4713
[2023-08-25 17:54:20,016 INFO] Train accuracy: 67.739
[2023-08-25 17:54:20,016 INFO] Sentences processed: 2.81739e+06
[2023-08-25 17:54:20,016 INFO] Average bsz:  511/ 698/ 8
[2023-08-25 17:54:20,016 INFO] Validation perplexity: 23.1716
[2023-08-25 17:54:20,016 INFO] Validation accuracy: 65.2291
[2023-08-25 17:54:20,112 INFO] Saving checkpoint /data2/cmdir/home/nhanvt/data_NLLB/nllb_opennmt/training/vi-th/nllb-200-3.3B.onmt_step_84000.pt
[2023-08-25 17:56:35,660 INFO] Step 84100/200000; acc: 68.3; ppl:  20.9; xent: 3.0; lr: 0.00015; sents:    6808; bsz:  523/ 713/ 9; 1848/2519 tok/s; 112075 sec;
[2023-08-25 17:58:25,369 INFO] Step 84200/200000; acc: 68.8; ppl:  20.4; xent: 3.0; lr: 0.00015; sents:    6656; bsz:  526/ 722/ 8; 3836/5268 tok/s; 112184 sec;
[2023-08-25 18:00:14,158 INFO] Step 84300/200000; acc: 68.4; ppl:  20.7; xent: 3.0; lr: 0.00015; sents:    6640; bsz:  517/ 706/ 8; 3804/5191 tok/s; 112293 sec;
[2023-08-25 18:02:03,515 INFO] Step 84400/200000; acc: 68.3; ppl:  20.9; xent: 3.0; lr: 0.00015; sents:    6680; bsz:  522/ 715/ 8; 3816/5231 tok/s; 112403 sec;
[2023-08-25 18:03:52,195 INFO] Step 84500/200000; acc: 68.5; ppl:  20.6; xent: 3.0; lr: 0.00015; sents:    6696; bsz:  520/ 712/ 8; 3825/5239 tok/s; 112511 sec;
[2023-08-25 18:05:24,054 INFO] valid stats calculation
                           took: 91.85438108444214 s.
[2023-08-25 18:05:24,061 INFO] Train perplexity: 21.4671
[2023-08-25 18:05:24,061 INFO] Train accuracy: 67.7426
[2023-08-25 18:05:24,061 INFO] Sentences processed: 2.83412e+06
[2023-08-25 18:05:24,061 INFO] Average bsz:  511/ 698/ 8
[2023-08-25 18:05:24,062 INFO] Validation perplexity: 23.1741
[2023-08-25 18:05:24,062 INFO] Validation accuracy: 65.2235
[2023-08-25 18:05:24,154 INFO] Saving checkpoint /data2/cmdir/home/nhanvt/data_NLLB/nllb_opennmt/training/vi-th/nllb-200-3.3B.onmt_step_84500.pt
[2023-08-25 18:07:41,315 INFO] Step 84600/200000; acc: 68.2; ppl:  21.0; xent: 3.0; lr: 0.00015; sents:    6712; bsz:  510/ 696/ 8; 1780/2429 tok/s; 112740 sec;
[2023-08-25 18:09:30,222 INFO] Step 84700/200000; acc: 68.7; ppl:  20.4; xent: 3.0; lr: 0.00015; sents:    6608; bsz:  522/ 715/ 8; 3836/5253 tok/s; 112849 sec;
[2023-08-25 18:11:18,766 INFO] Step 84800/200000; acc: 68.7; ppl:  20.4; xent: 3.0; lr: 0.00015; sents:    6744; bsz:  519/ 709/ 8; 3828/5226 tok/s; 112958 sec;
[2023-08-25 18:13:08,055 INFO] Step 84900/200000; acc: 68.8; ppl:  20.3; xent: 3.0; lr: 0.00015; sents:    6728; bsz:  527/ 722/ 8; 3854/5288 tok/s; 113067 sec;
[2023-08-25 18:14:56,980 INFO] Step 85000/200000; acc: 68.6; ppl:  20.6; xent: 3.0; lr: 0.00015; sents:    6656; bsz:  511/ 700/ 8; 3756/5139 tok/s; 113176 sec;
[2023-08-25 18:16:29,007 INFO] valid stats calculation
                           took: 92.02235698699951 s.
[2023-08-25 18:16:29,016 INFO] Train perplexity: 21.4627
[2023-08-25 18:16:29,016 INFO] Train accuracy: 67.7468
[2023-08-25 18:16:29,016 INFO] Sentences processed: 2.85084e+06
[2023-08-25 18:16:29,016 INFO] Average bsz:  511/ 698/ 8
[2023-08-25 18:16:29,016 INFO] Validation perplexity: 23.1753
[2023-08-25 18:16:29,016 INFO] Validation accuracy: 65.2147
[2023-08-25 18:16:29,109 INFO] Saving checkpoint /data2/cmdir/home/nhanvt/data_NLLB/nllb_opennmt/training/vi-th/nllb-200-3.3B.onmt_step_85000.pt
[2023-08-25 18:18:45,012 INFO] Step 85100/200000; acc: 68.7; ppl:  20.5; xent: 3.0; lr: 0.00015; sents:    6736; bsz:  522/ 718/ 8; 1833/2520 tok/s; 113404 sec;
[2023-08-25 18:20:33,986 INFO] Step 85200/200000; acc: 68.6; ppl:  20.6; xent: 3.0; lr: 0.00015; sents:    6672; bsz:  525/ 721/ 8; 3854/5295 tok/s; 113513 sec;
[2023-08-25 18:22:23,353 INFO] Step 85300/200000; acc: 68.5; ppl:  20.7; xent: 3.0; lr: 0.00015; sents:    6600; bsz:  527/ 720/ 8; 3854/5270 tok/s; 113622 sec;
[2023-08-25 18:24:11,098 INFO] Step 85400/200000; acc: 68.1; ppl:  21.0; xent: 3.0; lr: 0.00015; sents:    6656; bsz:  509/ 691/ 8; 3779/5129 tok/s; 113730 sec;
[2023-08-25 18:25:59,620 INFO] Step 85500/200000; acc: 68.7; ppl:  20.4; xent: 3.0; lr: 0.00015; sents:    6824; bsz:  519/ 708/ 9; 3828/5220 tok/s; 113839 sec;
[2023-08-25 18:27:31,124 INFO] valid stats calculation
                           took: 91.49965453147888 s.
[2023-08-25 18:27:31,131 INFO] Train perplexity: 21.4582
[2023-08-25 18:27:31,131 INFO] Train accuracy: 67.7509
[2023-08-25 18:27:31,131 INFO] Sentences processed: 2.8676e+06
[2023-08-25 18:27:31,131 INFO] Average bsz:  511/ 698/ 8
[2023-08-25 18:27:31,131 INFO] Validation perplexity: 23.1734
[2023-08-25 18:27:31,131 INFO] Validation accuracy: 65.2163
[2023-08-25 18:27:31,227 INFO] Saving checkpoint /data2/cmdir/home/nhanvt/data_NLLB/nllb_opennmt/training/vi-th/nllb-200-3.3B.onmt_step_85500.pt
[2023-08-25 18:29:47,963 INFO] Step 85600/200000; acc: 68.4; ppl:  20.8; xent: 3.0; lr: 0.00015; sents:    6768; bsz:  506/ 692/ 8; 1772/2423 tok/s; 114067 sec;
[2023-08-25 18:31:37,137 INFO] Step 85700/200000; acc: 68.5; ppl:  20.7; xent: 3.0; lr: 0.00015; sents:    6712; bsz:  525/ 718/ 8; 3845/5262 tok/s; 114176 sec;
[2023-08-25 18:33:24,255 INFO] Step 85800/200000; acc: 68.4; ppl:  20.8; xent: 3.0; lr: 0.00015; sents:    6672; bsz:  494/ 672/ 8; 3689/5018 tok/s; 114283 sec;
[2023-08-25 18:35:13,164 INFO] Step 85900/200000; acc: 68.7; ppl:  20.5; xent: 3.0; lr: 0.00015; sents:    6688; bsz:  527/ 724/ 8; 3868/5315 tok/s; 114392 sec;
[2023-08-25 18:36:58,684 INFO] Step 86000/200000; acc: 68.2; ppl:  20.9; xent: 3.0; lr: 0.00015; sents:    6768; bsz:  491/ 663/ 8; 3725/5030 tok/s; 114498 sec;
[2023-08-25 18:38:30,327 INFO] valid stats calculation
                           took: 91.63851022720337 s.
[2023-08-25 18:38:30,334 INFO] Train perplexity: 21.4543
[2023-08-25 18:38:30,334 INFO] Train accuracy: 67.7544
[2023-08-25 18:38:30,334 INFO] Sentences processed: 2.88442e+06
[2023-08-25 18:38:30,335 INFO] Average bsz:  511/ 698/ 8
[2023-08-25 18:38:30,335 INFO] Validation perplexity: 23.1759
[2023-08-25 18:38:30,335 INFO] Validation accuracy: 65.2128
[2023-08-25 18:38:30,429 INFO] Saving checkpoint /data2/cmdir/home/nhanvt/data_NLLB/nllb_opennmt/training/vi-th/nllb-200-3.3B.onmt_step_86000.pt
[2023-08-25 18:40:49,036 INFO] Step 86100/200000; acc: 68.4; ppl:  20.7; xent: 3.0; lr: 0.00015; sents:    6832; bsz:  501/ 682/ 9; 1741/2368 tok/s; 114728 sec;
[2023-08-25 18:42:37,270 INFO] Step 86200/200000; acc: 68.5; ppl:  20.6; xent: 3.0; lr: 0.00015; sents:    6888; bsz:  519/ 707/ 9; 3833/5229 tok/s; 114836 sec;
[2023-08-25 18:44:24,668 INFO] Step 86300/200000; acc: 68.7; ppl:  20.4; xent: 3.0; lr: 0.00015; sents:    6728; bsz:  503/ 687/ 8; 3749/5118 tok/s; 114944 sec;
[2023-08-25 18:46:12,192 INFO] Step 86400/200000; acc: 68.3; ppl:  20.9; xent: 3.0; lr: 0.00015; sents:    6736; bsz:  510/ 694/ 8; 3793/5161 tok/s; 115051 sec;
[2023-08-25 18:48:00,265 INFO] Step 86500/200000; acc: 68.5; ppl:  20.6; xent: 3.0; lr: 0.00015; sents:    6704; bsz:  524/ 716/ 8; 3880/5298 tok/s; 115159 sec;
[2023-08-25 18:49:31,699 INFO] valid stats calculation
                           took: 91.43004155158997 s.
[2023-08-25 18:49:31,706 INFO] Train perplexity: 21.4491
[2023-08-25 18:49:31,707 INFO] Train accuracy: 67.7589
[2023-08-25 18:49:31,707 INFO] Sentences processed: 2.90136e+06
[2023-08-25 18:49:31,707 INFO] Average bsz:  511/ 698/ 8
[2023-08-25 18:49:31,707 INFO] Validation perplexity: 23.1734
[2023-08-25 18:49:31,707 INFO] Validation accuracy: 65.2118
[2023-08-25 18:49:31,801 INFO] Saving checkpoint /data2/cmdir/home/nhanvt/data_NLLB/nllb_opennmt/training/vi-th/nllb-200-3.3B.onmt_step_86500.pt
[2023-08-25 18:51:50,040 INFO] Step 86600/200000; acc: 68.6; ppl:  20.6; xent: 3.0; lr: 0.00015; sents:    6848; bsz:  519/ 713/ 9; 1807/2483 tok/s; 115389 sec;
[2023-08-25 18:53:38,515 INFO] Step 86700/200000; acc: 68.5; ppl:  20.7; xent: 3.0; lr: 0.00015; sents:    6696; bsz:  521/ 710/ 8; 3844/5239 tok/s; 115498 sec;
[2023-08-25 18:55:26,141 INFO] Step 86800/200000; acc: 68.4; ppl:  20.6; xent: 3.0; lr: 0.00015; sents:    6752; bsz:  515/ 700/ 8; 3825/5204 tok/s; 115605 sec;
[2023-08-25 18:57:15,411 INFO] Step 86900/200000; acc: 68.7; ppl:  20.4; xent: 3.0; lr: 0.00015; sents:    6536; bsz:  529/ 725/ 8; 3875/5305 tok/s; 115714 sec;
[2023-08-25 18:59:02,970 INFO] Step 87000/200000; acc: 68.1; ppl:  21.1; xent: 3.1; lr: 0.00015; sents:    6616; bsz:  496/ 678/ 8; 3690/5044 tok/s; 115822 sec;
[2023-08-25 19:00:34,645 INFO] valid stats calculation
                           took: 91.67109537124634 s.
[2023-08-25 19:00:34,653 INFO] Train perplexity: 21.445
[2023-08-25 19:00:34,653 INFO] Train accuracy: 67.7624
[2023-08-25 19:00:34,653 INFO] Sentences processed: 2.91808e+06
[2023-08-25 19:00:34,653 INFO] Average bsz:  511/ 698/ 8
[2023-08-25 19:00:34,653 INFO] Validation perplexity: 23.1748
[2023-08-25 19:00:34,653 INFO] Validation accuracy: 65.2151
[2023-08-25 19:00:34,746 INFO] Saving checkpoint /data2/cmdir/home/nhanvt/data_NLLB/nllb_opennmt/training/vi-th/nllb-200-3.3B.onmt_step_87000.pt
[2023-08-25 19:02:51,814 INFO] Step 87100/200000; acc: 68.5; ppl:  20.6; xent: 3.0; lr: 0.00015; sents:    6568; bsz:  520/ 713/ 8; 1819/2493 tok/s; 116051 sec;
[2023-08-25 19:04:40,507 INFO] Step 87200/200000; acc: 68.8; ppl:  20.3; xent: 3.0; lr: 0.00015; sents:    6616; bsz:  537/ 738/ 8; 3950/5434 tok/s; 116160 sec;
[2023-08-25 19:06:28,017 INFO] Step 87300/200000; acc: 68.5; ppl:  20.7; xent: 3.0; lr: 0.00015; sents:    6536; bsz:  519/ 711/ 8; 3863/5288 tok/s; 116267 sec;
[2023-08-25 19:08:15,856 INFO] Step 87400/200000; acc: 68.8; ppl:  20.3; xent: 3.0; lr: 0.00015; sents:    6728; bsz:  528/ 723/ 8; 3915/5364 tok/s; 116375 sec;
[2023-08-25 19:10:03,143 INFO] Step 87500/200000; acc: 68.2; ppl:  20.8; xent: 3.0; lr: 0.00015; sents:    6672; bsz:  513/ 696/ 8; 3825/5193 tok/s; 116482 sec;
[2023-08-25 19:11:34,358 INFO] valid stats calculation
                           took: 91.21061706542969 s.
[2023-08-25 19:11:34,366 INFO] Train perplexity: 21.4403
[2023-08-25 19:11:34,366 INFO] Train accuracy: 67.7667
[2023-08-25 19:11:34,366 INFO] Sentences processed: 2.93462e+06
[2023-08-25 19:11:34,366 INFO] Average bsz:  512/ 699/ 8
[2023-08-25 19:11:34,367 INFO] Validation perplexity: 23.1758
[2023-08-25 19:11:34,367 INFO] Validation accuracy: 65.2056
[2023-08-25 19:11:34,460 INFO] Saving checkpoint /data2/cmdir/home/nhanvt/data_NLLB/nllb_opennmt/training/vi-th/nllb-200-3.3B.onmt_step_87500.pt
[2023-08-25 19:13:50,662 INFO] Step 87600/200000; acc: 68.2; ppl:  20.9; xent: 3.0; lr: 0.00015; sents:    6984; bsz:  497/ 674/ 9; 1749/2370 tok/s; 116710 sec;
[2023-08-25 19:15:39,787 INFO] Step 87700/200000; acc: 68.6; ppl:  20.6; xent: 3.0; lr: 0.00015; sents:    6736; bsz:  523/ 717/ 8; 3837/5257 tok/s; 116819 sec;
[2023-08-25 19:17:28,065 INFO] Step 87800/200000; acc: 68.3; ppl:  20.9; xent: 3.0; lr: 0.00015; sents:    6640; bsz:  505/ 689/ 8; 3730/5094 tok/s; 116927 sec;
[2023-08-25 19:19:16,532 INFO] Step 87900/200000; acc: 68.2; ppl:  20.9; xent: 3.0; lr: 0.00015; sents:    6672; bsz:  511/ 698/ 8; 3772/5145 tok/s; 117036 sec;
[2023-08-25 19:21:04,353 INFO] Step 88000/200000; acc: 68.2; ppl:  20.9; xent: 3.0; lr: 0.00015; sents:    6680; bsz:  502/ 683/ 8; 3727/5069 tok/s; 117143 sec;
[2023-08-25 19:22:36,394 INFO] valid stats calculation
                           took: 92.03673124313354 s.
[2023-08-25 19:22:36,403 INFO] Train perplexity: 21.4368
[2023-08-25 19:22:36,403 INFO] Train accuracy: 67.7697
[2023-08-25 19:22:36,403 INFO] Sentences processed: 2.95147e+06
[2023-08-25 19:22:36,403 INFO] Average bsz:  512/ 699/ 8
[2023-08-25 19:22:36,403 INFO] Validation perplexity: 23.1769
[2023-08-25 19:22:36,403 INFO] Validation accuracy: 65.2149
[2023-08-25 19:22:36,499 INFO] Saving checkpoint /data2/cmdir/home/nhanvt/data_NLLB/nllb_opennmt/training/vi-th/nllb-200-3.3B.onmt_step_88000.pt
[2023-08-25 19:24:52,174 INFO] Step 88100/200000; acc: 68.2; ppl:  21.0; xent: 3.0; lr: 0.00015; sents:    6712; bsz:  517/ 710/ 8; 1815/2492 tok/s; 117371 sec;
[2023-08-25 19:26:39,741 INFO] Step 88200/200000; acc: 68.6; ppl:  20.6; xent: 3.0; lr: 0.00015; sents:    6664; bsz:  507/ 692/ 8; 3774/5144 tok/s; 117479 sec;
[2023-08-25 19:28:26,877 INFO] Step 88300/200000; acc: 68.3; ppl:  20.8; xent: 3.0; lr: 0.00015; sents:    6608; bsz:  500/ 681/ 8; 3733/5085 tok/s; 117586 sec;
[2023-08-25 19:30:16,093 INFO] Step 88400/200000; acc: 68.6; ppl:  20.5; xent: 3.0; lr: 0.00015; sents:    6680; bsz:  521/ 714/ 8; 3814/5232 tok/s; 117695 sec;
[2023-08-25 19:32:04,052 INFO] Step 88500/200000; acc: 68.2; ppl:  21.0; xent: 3.0; lr: 0.00015; sents:    6776; bsz:  500/ 682/ 8; 3708/5053 tok/s; 117803 sec;
[2023-08-25 19:33:35,179 INFO] valid stats calculation
                           took: 91.12305355072021 s.
[2023-08-25 19:33:35,185 INFO] Train perplexity: 21.4341
[2023-08-25 19:33:35,185 INFO] Train accuracy: 67.7719
[2023-08-25 19:33:35,185 INFO] Sentences processed: 2.96816e+06
[2023-08-25 19:33:35,185 INFO] Average bsz:  511/ 698/ 8
[2023-08-25 19:33:35,186 INFO] Validation perplexity: 23.1771
[2023-08-25 19:33:35,186 INFO] Validation accuracy: 65.2132
[2023-08-25 19:33:35,281 INFO] Saving checkpoint /data2/cmdir/home/nhanvt/data_NLLB/nllb_opennmt/training/vi-th/nllb-200-3.3B.onmt_step_88500.pt
[2023-08-25 19:35:51,752 INFO] Step 88600/200000; acc: 68.2; ppl:  21.0; xent: 3.0; lr: 0.00015; sents:    6592; bsz:  500/ 682/ 8; 1756/2397 tok/s; 118031 sec;
[2023-08-25 19:37:40,899 INFO] Step 88700/200000; acc: 68.3; ppl:  20.8; xent: 3.0; lr: 0.00015; sents:    6736; bsz:  520/ 711/ 8; 3810/5213 tok/s; 118140 sec;
[2023-08-25 19:39:29,324 INFO] Step 88800/200000; acc: 68.6; ppl:  20.5; xent: 3.0; lr: 0.00015; sents:    6720; bsz:  509/ 696/ 8; 3753/5135 tok/s; 118248 sec;
[2023-08-25 19:41:17,424 INFO] Step 88900/200000; acc: 68.3; ppl:  20.8; xent: 3.0; lr: 0.00015; sents:    6600; bsz:  512/ 700/ 8; 3790/5179 tok/s; 118356 sec;
[2023-08-25 19:43:06,233 INFO] Step 89000/200000; acc: 68.4; ppl:  20.8; xent: 3.0; lr: 0.00015; sents:    6872; bsz:  512/ 701/ 9; 3767/5157 tok/s; 118465 sec;
[2023-08-25 19:44:37,577 INFO] valid stats calculation
                           took: 91.33988833427429 s.
[2023-08-25 19:44:37,584 INFO] Train perplexity: 21.4303
[2023-08-25 19:44:37,584 INFO] Train accuracy: 67.7754
[2023-08-25 19:44:37,584 INFO] Sentences processed: 2.98491e+06
[2023-08-25 19:44:37,584 INFO] Average bsz:  511/ 698/ 8
[2023-08-25 19:44:37,584 INFO] Validation perplexity: 23.1773
[2023-08-25 19:44:37,584 INFO] Validation accuracy: 65.2073
[2023-08-25 19:44:37,676 INFO] Saving checkpoint /data2/cmdir/home/nhanvt/data_NLLB/nllb_opennmt/training/vi-th/nllb-200-3.3B.onmt_step_89000.pt
[2023-08-25 19:47:12,661 INFO] Step 89100/200000; acc: 68.6; ppl:  20.6; xent: 3.0; lr: 0.00015; sents:    6614; bsz:  517/ 708/ 8; 1677/2297 tok/s; 118712 sec;
[2023-08-25 19:49:01,317 INFO] Step 89200/200000; acc: 68.3; ppl:  20.9; xent: 3.0; lr: 0.00015; sents:    6672; bsz:  519/ 710/ 8; 3818/5224 tok/s; 118820 sec;
[2023-08-25 19:50:51,355 INFO] Step 89300/200000; acc: 68.7; ppl:  20.5; xent: 3.0; lr: 0.00015; sents:    6664; bsz:  525/ 720/ 8; 3814/5233 tok/s; 118930 sec;
[2023-08-25 19:52:40,123 INFO] Step 89400/200000; acc: 68.4; ppl:  20.8; xent: 3.0; lr: 0.00015; sents:    6704; bsz:  513/ 702/ 8; 3776/5163 tok/s; 119039 sec;
[2023-08-25 19:54:28,398 INFO] Step 89500/200000; acc: 68.8; ppl:  20.4; xent: 3.0; lr: 0.00015; sents:    6656; bsz:  509/ 698/ 8; 3758/5157 tok/s; 119147 sec;
[2023-08-25 19:55:59,450 INFO] valid stats calculation
                           took: 91.04656076431274 s.
[2023-08-25 19:55:59,456 INFO] Train perplexity: 21.4256
[2023-08-25 19:55:59,456 INFO] Train accuracy: 67.78
[2023-08-25 19:55:59,456 INFO] Sentences processed: 3.00158e+06
[2023-08-25 19:55:59,456 INFO] Average bsz:  512/ 699/ 8
[2023-08-25 19:55:59,456 INFO] Validation perplexity: 23.1776
[2023-08-25 19:55:59,456 INFO] Validation accuracy: 65.2116
[2023-08-25 19:55:59,549 INFO] Saving checkpoint /data2/cmdir/home/nhanvt/data_NLLB/nllb_opennmt/training/vi-th/nllb-200-3.3B.onmt_step_89500.pt
[2023-08-25 19:58:15,524 INFO] Step 89600/200000; acc: 68.3; ppl:  20.8; xent: 3.0; lr: 0.00015; sents:    6848; bsz:  506/ 689/ 9; 1781/2427 tok/s; 119375 sec;
[2023-08-25 20:00:03,418 INFO] Step 89700/200000; acc: 68.4; ppl:  20.6; xent: 3.0; lr: 0.00015; sents:    6840; bsz:  517/ 707/ 9; 3834/5240 tok/s; 119482 sec;
[2023-08-25 20:01:52,117 INFO] Step 89800/200000; acc: 68.5; ppl:  20.6; xent: 3.0; lr: 0.00015; sents:    6736; bsz:  513/ 704/ 8; 3778/5180 tok/s; 119591 sec;
[2023-08-25 20:03:40,127 INFO] Step 89900/200000; acc: 68.6; ppl:  20.5; xent: 3.0; lr: 0.00015; sents:    6816; bsz:  507/ 690/ 9; 3753/5111 tok/s; 119699 sec;
[2023-08-25 20:05:27,597 INFO] Step 90000/200000; acc: 68.4; ppl:  20.7; xent: 3.0; lr: 0.00015; sents:    6840; bsz:  499/ 679/ 9; 3718/5052 tok/s; 119807 sec;
[2023-08-25 20:06:59,100 INFO] valid stats calculation
                           took: 91.49956941604614 s.
[2023-08-25 20:06:59,108 INFO] Train perplexity: 21.4212
[2023-08-25 20:06:59,108 INFO] Train accuracy: 67.7839
[2023-08-25 20:06:59,108 INFO] Sentences processed: 3.01861e+06
[2023-08-25 20:06:59,108 INFO] Average bsz:  512/ 699/ 8
[2023-08-25 20:06:59,108 INFO] Validation perplexity: 23.18
[2023-08-25 20:06:59,108 INFO] Validation accuracy: 65.2143
[2023-08-25 20:06:59,208 INFO] Saving checkpoint /data2/cmdir/home/nhanvt/data_NLLB/nllb_opennmt/training/vi-th/nllb-200-3.3B.onmt_step_90000.pt
[2023-08-25 20:09:14,460 INFO] Step 90100/200000; acc: 68.4; ppl:  20.8; xent: 3.0; lr: 0.00015; sents:    6624; bsz:  518/ 709/ 8; 1827/2501 tok/s; 120034 sec;
[2023-08-25 20:11:01,286 INFO] Step 90200/200000; acc: 68.0; ppl:  21.1; xent: 3.0; lr: 0.00015; sents:    6640; bsz:  501/ 685/ 8; 3753/5128 tok/s; 120140 sec;
[2023-08-25 20:12:49,090 INFO] Step 90300/200000; acc: 68.5; ppl:  20.5; xent: 3.0; lr: 0.00015; sents:    6760; bsz:  504/ 686/ 8; 3742/5092 tok/s; 120248 sec;
[2023-08-25 20:14:37,437 INFO] Step 90400/200000; acc: 68.4; ppl:  20.8; xent: 3.0; lr: 0.00015; sents:    6776; bsz:  514/ 704/ 8; 3797/5199 tok/s; 120356 sec;
[2023-08-25 20:16:24,885 INFO] Step 90500/200000; acc: 68.8; ppl:  20.3; xent: 3.0; lr: 0.00015; sents:    6784; bsz:  507/ 691/ 8; 3778/5147 tok/s; 120464 sec;
[2023-08-25 20:17:55,856 INFO] valid stats calculation
                           took: 90.96671390533447 s.
[2023-08-25 20:17:55,862 INFO] Train perplexity: 21.4179
[2023-08-25 20:17:55,862 INFO] Train accuracy: 67.7869
[2023-08-25 20:17:55,862 INFO] Sentences processed: 3.03546e+06
[2023-08-25 20:17:55,862 INFO] Average bsz:  511/ 698/ 8
[2023-08-25 20:17:55,862 INFO] Validation perplexity: 23.1811
[2023-08-25 20:17:55,862 INFO] Validation accuracy: 65.211
[2023-08-25 20:17:55,955 INFO] Saving checkpoint /data2/cmdir/home/nhanvt/data_NLLB/nllb_opennmt/training/vi-th/nllb-200-3.3B.onmt_step_90500.pt
[2023-08-25 20:20:13,184 INFO] Step 90600/200000; acc: 68.8; ppl:  20.4; xent: 3.0; lr: 0.00015; sents:    6784; bsz:  520/ 710/ 8; 1823/2488 tok/s; 120692 sec;
[2023-08-25 20:21:59,102 INFO] Step 90700/200000; acc: 68.4; ppl:  20.6; xent: 3.0; lr: 0.00015; sents:    6608; bsz:  491/ 666/ 8; 3710/5028 tok/s; 120798 sec;
[2023-08-25 20:23:46,468 INFO] Step 90800/200000; acc: 68.5; ppl:  20.7; xent: 3.0; lr: 0.00015; sents:    6600; bsz:  510/ 696/ 8; 3802/5183 tok/s; 120906 sec;
[2023-08-25 20:25:34,556 INFO] Step 90900/200000; acc: 68.7; ppl:  20.4; xent: 3.0; lr: 0.00015; sents:    6840; bsz:  518/ 711/ 9; 3834/5262 tok/s; 121014 sec;
[2023-08-25 20:27:20,951 INFO] Step 91000/200000; acc: 68.3; ppl:  20.7; xent: 3.0; lr: 0.00015; sents:    6904; bsz:  497/ 674/ 9; 3739/5067 tok/s; 121120 sec;
[2023-08-25 20:28:52,849 INFO] valid stats calculation
                           took: 91.8942186832428 s.
[2023-08-25 20:28:52,857 INFO] Train perplexity: 21.4136
[2023-08-25 20:28:52,857 INFO] Train accuracy: 67.7907
[2023-08-25 20:28:52,857 INFO] Sentences processed: 3.0523e+06
[2023-08-25 20:28:52,857 INFO] Average bsz:  511/ 698/ 8
[2023-08-25 20:28:52,857 INFO] Validation perplexity: 23.1809
[2023-08-25 20:28:52,857 INFO] Validation accuracy: 65.2122
[2023-08-25 20:28:52,950 INFO] Saving checkpoint /data2/cmdir/home/nhanvt/data_NLLB/nllb_opennmt/training/vi-th/nllb-200-3.3B.onmt_step_91000.pt
[2023-08-25 20:31:16,388 INFO] Step 91100/200000; acc: 68.4; ppl:  20.7; xent: 3.0; lr: 0.00015; sents:    6656; bsz:  518/ 710/ 8; 1761/2414 tok/s; 121355 sec;
[2023-08-25 20:33:04,751 INFO] Step 91200/200000; acc: 68.6; ppl:  20.5; xent: 3.0; lr: 0.00015; sents:    6672; bsz:  517/ 704/ 8; 3820/5200 tok/s; 121464 sec;
[2023-08-25 20:34:53,573 INFO] Step 91300/200000; acc: 68.7; ppl:  20.5; xent: 3.0; lr: 0.00015; sents:    6657; bsz:  520/ 709/ 8; 3821/5213 tok/s; 121573 sec;
[2023-08-25 20:36:42,807 INFO] Step 91400/200000; acc: 68.8; ppl:  20.3; xent: 3.0; lr: 0.00015; sents:    6616; bsz:  528/ 725/ 8; 3866/5311 tok/s; 121682 sec;
[2023-08-25 20:38:32,305 INFO] Step 91500/200000; acc: 68.3; ppl:  20.8; xent: 3.0; lr: 0.00015; sents:    6704; bsz:  520/ 715/ 8; 3800/5222 tok/s; 121791 sec;
[2023-08-25 20:40:03,867 INFO] valid stats calculation
                           took: 91.55787706375122 s.
[2023-08-25 20:40:03,874 INFO] Train perplexity: 21.4099
[2023-08-25 20:40:03,874 INFO] Train accuracy: 67.7941
[2023-08-25 20:40:03,874 INFO] Sentences processed: 3.06899e+06
[2023-08-25 20:40:03,874 INFO] Average bsz:  511/ 699/ 8
[2023-08-25 20:40:03,874 INFO] Validation perplexity: 23.1796
[2023-08-25 20:40:03,874 INFO] Validation accuracy: 65.2089
[2023-08-25 20:40:04,066 INFO] Saving checkpoint /data2/cmdir/home/nhanvt/data_NLLB/nllb_opennmt/training/vi-th/nllb-200-3.3B.onmt_step_91500.pt
[2023-08-25 20:42:23,530 INFO] Step 91600/200000; acc: 68.5; ppl:  20.7; xent: 3.0; lr: 0.00015; sents:    6720; bsz:  518/ 709/ 8; 1793/2454 tok/s; 122023 sec;
[2023-08-25 20:44:12,247 INFO] Step 91700/200000; acc: 68.6; ppl:  20.5; xent: 3.0; lr: 0.00015; sents:    6696; bsz:  524/ 715/ 8; 3853/5264 tok/s; 122131 sec;
[2023-08-25 20:46:00,097 INFO] Step 91800/200000; acc: 68.6; ppl:  20.6; xent: 3.0; lr: 0.00015; sents:    6656; bsz:  518/ 711/ 8; 3839/5276 tok/s; 122239 sec;
[2023-08-25 20:48:17,582 INFO] Step 91900/200000; acc: 68.7; ppl:  20.4; xent: 3.0; lr: 0.00015; sents:    6736; bsz:  512/ 699/ 8; 2981/4068 tok/s; 122377 sec;
[2023-08-25 20:50:06,075 INFO] Step 92000/200000; acc: 68.5; ppl:  20.6; xent: 3.0; lr: 0.00015; sents:    6744; bsz:  515/ 704/ 8; 3799/5195 tok/s; 122485 sec;
[2023-08-25 20:51:42,432 INFO] valid stats calculation
                           took: 96.35345816612244 s.
[2023-08-25 20:51:42,441 INFO] Train perplexity: 21.4057
[2023-08-25 20:51:42,441 INFO] Train accuracy: 67.7978
[2023-08-25 20:51:42,441 INFO] Sentences processed: 3.08574e+06
[2023-08-25 20:51:42,441 INFO] Average bsz:  512/ 699/ 8
[2023-08-25 20:51:42,441 INFO] Validation perplexity: 23.1815
[2023-08-25 20:51:42,441 INFO] Validation accuracy: 65.2075
[2023-08-25 20:51:42,534 INFO] Saving checkpoint /data2/cmdir/home/nhanvt/data_NLLB/nllb_opennmt/training/vi-th/nllb-200-3.3B.onmt_step_92000.pt
[2023-08-25 20:54:00,503 INFO] Step 92100/200000; acc: 68.4; ppl:  20.7; xent: 3.0; lr: 0.00015; sents:    6776; bsz:  512/ 695/ 8; 1746/2372 tok/s; 122720 sec;
[2023-08-25 20:55:45,840 INFO] Step 92200/200000; acc: 68.0; ppl:  21.2; xent: 3.1; lr: 0.00015; sents:    6680; bsz:  485/ 658/ 8; 3682/5001 tok/s; 122825 sec;
[2023-08-25 20:57:31,913 INFO] Step 92300/200000; acc: 68.1; ppl:  21.0; xent: 3.0; lr: 0.00015; sents:    6616; bsz:  491/ 670/ 8; 3705/5052 tok/s; 122931 sec;
[2023-08-25 20:59:19,855 INFO] Step 92400/200000; acc: 68.3; ppl:  20.9; xent: 3.0; lr: 0.00015; sents:    6800; bsz:  513/ 698/ 8; 3805/5174 tok/s; 123039 sec;
[2023-08-25 21:01:08,861 INFO] Step 92500/200000; acc: 68.3; ppl:  20.9; xent: 3.0; lr: 0.00015; sents:    6696; bsz:  524/ 717/ 8; 3849/5259 tok/s; 123148 sec;
[2023-08-25 21:02:40,475 INFO] valid stats calculation
                           took: 91.6092643737793 s.
[2023-08-25 21:02:40,483 INFO] Train perplexity: 21.4032
[2023-08-25 21:02:40,483 INFO] Train accuracy: 67.8002
[2023-08-25 21:02:40,483 INFO] Sentences processed: 3.10256e+06
[2023-08-25 21:02:40,483 INFO] Average bsz:  511/ 699/ 8
[2023-08-25 21:02:40,483 INFO] Validation perplexity: 23.1795
[2023-08-25 21:02:40,483 INFO] Validation accuracy: 65.2157
[2023-08-25 21:02:40,676 INFO] Saving checkpoint /data2/cmdir/home/nhanvt/data_NLLB/nllb_opennmt/training/vi-th/nllb-200-3.3B.onmt_step_92500.pt
[2023-08-25 21:04:56,707 INFO] Step 92600/200000; acc: 68.5; ppl:  20.7; xent: 3.0; lr: 0.00015; sents:    6864; bsz:  502/ 685/ 9; 1763/2404 tok/s; 123376 sec;
[2023-08-25 21:06:44,962 INFO] Step 92700/200000; acc: 68.7; ppl:  20.5; xent: 3.0; lr: 0.00015; sents:    6768; bsz:  513/ 703/ 8; 3790/5195 tok/s; 123484 sec;
[2023-08-25 21:08:33,394 INFO] Step 92800/200000; acc: 68.1; ppl:  21.0; xent: 3.0; lr: 0.00015; sents:    6592; bsz:  500/ 685/ 8; 3691/5056 tok/s; 123592 sec;
[2023-08-25 21:10:23,197 INFO] Step 92900/200000; acc: 69.0; ppl:  20.2; xent: 3.0; lr: 0.00014; sents:    6648; bsz:  526/ 727/ 8; 3832/5293 tok/s; 123702 sec;
[2023-08-25 21:12:11,218 INFO] Step 93000/200000; acc: 68.4; ppl:  20.7; xent: 3.0; lr: 0.00014; sents:    6640; bsz:  515/ 701/ 8; 3811/5194 tok/s; 123810 sec;
[2023-08-25 21:13:43,190 INFO] valid stats calculation
                           took: 91.96791243553162 s.
[2023-08-25 21:13:43,198 INFO] Train perplexity: 21.3987
[2023-08-25 21:13:43,198 INFO] Train accuracy: 67.8041
[2023-08-25 21:13:43,198 INFO] Sentences processed: 3.1193e+06
[2023-08-25 21:13:43,198 INFO] Average bsz:  511/ 699/ 8
[2023-08-25 21:13:43,198 INFO] Validation perplexity: 23.1821
[2023-08-25 21:13:43,198 INFO] Validation accuracy: 65.205
[2023-08-25 21:13:43,294 INFO] Saving checkpoint /data2/cmdir/home/nhanvt/data_NLLB/nllb_opennmt/training/vi-th/nllb-200-3.3B.onmt_step_93000.pt
[2023-08-25 21:15:59,147 INFO] Step 93100/200000; acc: 68.4; ppl:  20.7; xent: 3.0; lr: 0.00014; sents:    6744; bsz:  518/ 706/ 8; 1817/2480 tok/s; 124038 sec;
[2023-08-25 21:17:45,815 INFO] Step 93200/200000; acc: 68.1; ppl:  21.1; xent: 3.1; lr: 0.00014; sents:    6656; bsz:  501/ 681/ 8; 3761/5106 tok/s; 124145 sec;
[2023-08-25 21:19:33,100 INFO] Step 93300/200000; acc: 68.2; ppl:  21.0; xent: 3.0; lr: 0.00014; sents:    6616; bsz:  507/ 694/ 8; 3778/5173 tok/s; 124252 sec;
[2023-08-25 21:21:21,259 INFO] Step 93400/200000; acc: 68.3; ppl:  20.9; xent: 3.0; lr: 0.00014; sents:    6648; bsz:  516/ 704/ 8; 3816/5210 tok/s; 124360 sec;
[2023-08-25 21:23:07,390 INFO] Step 93500/200000; acc: 68.5; ppl:  20.7; xent: 3.0; lr: 0.00014; sents:    6824; bsz:  490/ 666/ 9; 3691/5017 tok/s; 124466 sec;
[2023-08-25 21:24:38,273 INFO] valid stats calculation
                           took: 90.87877583503723 s.
[2023-08-25 21:24:38,281 INFO] Train perplexity: 21.3958
[2023-08-25 21:24:38,281 INFO] Train accuracy: 67.807
[2023-08-25 21:24:38,282 INFO] Sentences processed: 3.13604e+06
[2023-08-25 21:24:38,282 INFO] Average bsz:  511/ 698/ 8
[2023-08-25 21:24:38,282 INFO] Validation perplexity: 23.1838
[2023-08-25 21:24:38,282 INFO] Validation accuracy: 65.2028
[2023-08-25 21:24:38,375 INFO] Saving checkpoint /data2/cmdir/home/nhanvt/data_NLLB/nllb_opennmt/training/vi-th/nllb-200-3.3B.onmt_step_93500.pt
[2023-08-25 21:26:52,205 INFO] Step 93600/200000; acc: 68.3; ppl:  20.8; xent: 3.0; lr: 0.00014; sents:    6800; bsz:  494/ 675/ 8; 1758/2401 tok/s; 124691 sec;
[2023-08-25 21:28:39,967 INFO] Step 93700/200000; acc: 68.4; ppl:  20.9; xent: 3.0; lr: 0.00014; sents:    6832; bsz:  512/ 702/ 9; 3801/5211 tok/s; 124799 sec;
[2023-08-25 21:30:28,298 INFO] Step 93800/200000; acc: 68.6; ppl:  20.6; xent: 3.0; lr: 0.00014; sents:    6920; bsz:  528/ 726/ 9; 3902/5361 tok/s; 124907 sec;
[2023-08-25 21:32:15,247 INFO] Step 93900/200000; acc: 68.2; ppl:  20.9; xent: 3.0; lr: 0.00014; sents:    6744; bsz:  506/ 688/ 8; 3782/5144 tok/s; 125014 sec;
[2023-08-25 21:34:02,896 INFO] Step 94000/200000; acc: 68.4; ppl:  20.7; xent: 3.0; lr: 0.00014; sents:    6408; bsz:  507/ 695/ 8; 3769/5162 tok/s; 125122 sec;
[2023-08-25 21:35:33,914 INFO] valid stats calculation
                           took: 91.01432752609253 s.
[2023-08-25 21:35:33,922 INFO] Train perplexity: 21.3927
[2023-08-25 21:35:33,922 INFO] Train accuracy: 67.8096
[2023-08-25 21:35:33,922 INFO] Sentences processed: 3.15291e+06
[2023-08-25 21:35:33,922 INFO] Average bsz:  511/ 698/ 8
[2023-08-25 21:35:33,922 INFO] Validation perplexity: 23.185
[2023-08-25 21:35:33,922 INFO] Validation accuracy: 65.1988
[2023-08-25 21:35:34,015 INFO] Saving checkpoint /data2/cmdir/home/nhanvt/data_NLLB/nllb_opennmt/training/vi-th/nllb-200-3.3B.onmt_step_94000.pt
[2023-08-25 21:37:50,817 INFO] Step 94100/200000; acc: 68.4; ppl:  20.7; xent: 3.0; lr: 0.00014; sents:    6592; bsz:  498/ 679/ 8; 1749/2385 tok/s; 125350 sec;
[2023-08-25 21:39:37,845 INFO] Step 94200/200000; acc: 68.2; ppl:  21.0; xent: 3.0; lr: 0.00014; sents:    6816; bsz:  493/ 671/ 9; 3688/5016 tok/s; 125457 sec;
[2023-08-25 21:41:25,183 INFO] Step 94300/200000; acc: 68.1; ppl:  21.0; xent: 3.0; lr: 0.00014; sents:    6720; bsz:  511/ 694/ 8; 3807/5170 tok/s; 125564 sec;
[2023-08-25 21:43:14,035 INFO] Step 94400/200000; acc: 68.3; ppl:  20.9; xent: 3.0; lr: 0.00014; sents:    6600; bsz:  522/ 714/ 8; 3833/5251 tok/s; 125673 sec;
[2023-08-25 21:45:04,791 INFO] Step 94500/200000; acc: 68.7; ppl:  20.4; xent: 3.0; lr: 0.00014; sents:    6792; bsz:  532/ 734/ 8; 3842/5300 tok/s; 125784 sec;
[2023-08-25 21:46:35,714 INFO] valid stats calculation
                           took: 90.91843509674072 s.
[2023-08-25 21:46:35,722 INFO] Train perplexity: 21.3901
[2023-08-25 21:46:35,722 INFO] Train accuracy: 67.8119
[2023-08-25 21:46:35,722 INFO] Sentences processed: 3.16966e+06
[2023-08-25 21:46:35,722 INFO] Average bsz:  511/ 698/ 8
[2023-08-25 21:46:35,722 INFO] Validation perplexity: 23.1861
[2023-08-25 21:46:35,722 INFO] Validation accuracy: 65.2019
[2023-08-25 21:46:35,820 INFO] Saving checkpoint /data2/cmdir/home/nhanvt/data_NLLB/nllb_opennmt/training/vi-th/nllb-200-3.3B.onmt_step_94500.pt
[2023-08-25 21:48:57,491 INFO] Step 94600/200000; acc: 68.8; ppl:  20.4; xent: 3.0; lr: 0.00014; sents:    6968; bsz:  529/ 726/ 9; 1819/2497 tok/s; 126017 sec;
[2023-08-25 21:50:47,636 INFO] Step 94700/200000; acc: 68.9; ppl:  20.3; xent: 3.0; lr: 0.00014; sents:    6728; bsz:  530/ 732/ 8; 3850/5314 tok/s; 126127 sec;
[2023-08-25 21:52:35,430 INFO] Step 94800/200000; acc: 68.4; ppl:  20.8; xent: 3.0; lr: 0.00014; sents:    6688; bsz:  504/ 687/ 8; 3739/5100 tok/s; 126234 sec;
[2023-08-25 21:54:23,788 INFO] Step 94900/200000; acc: 68.3; ppl:  20.7; xent: 3.0; lr: 0.00014; sents:    6632; bsz:  509/ 696/ 8; 3756/5141 tok/s; 126343 sec;
[2023-08-25 21:56:12,385 INFO] Step 95000/200000; acc: 68.6; ppl:  20.7; xent: 3.0; lr: 0.00014; sents:    6688; bsz:  524/ 718/ 8; 3859/5291 tok/s; 126451 sec;
[2023-08-25 21:57:43,694 INFO] valid stats calculation
                           took: 91.30432724952698 s.
[2023-08-25 21:57:43,702 INFO] Train perplexity: 21.3857
[2023-08-25 21:57:43,702 INFO] Train accuracy: 67.816
[2023-08-25 21:57:43,702 INFO] Sentences processed: 3.18652e+06
[2023-08-25 21:57:43,702 INFO] Average bsz:  512/ 699/ 8
[2023-08-25 21:57:43,702 INFO] Validation perplexity: 23.1885
[2023-08-25 21:57:43,702 INFO] Validation accuracy: 65.2063
[2023-08-25 21:57:43,797 INFO] Saving checkpoint /data2/cmdir/home/nhanvt/data_NLLB/nllb_opennmt/training/vi-th/nllb-200-3.3B.onmt_step_95000.pt
[2023-08-25 22:00:01,915 INFO] Step 95100/200000; acc: 68.5; ppl:  20.7; xent: 3.0; lr: 0.00014; sents:    6744; bsz:  519/ 712/ 8; 1810/2480 tok/s; 126681 sec;
[2023-08-25 22:01:48,447 INFO] Step 95200/200000; acc: 68.1; ppl:  21.1; xent: 3.1; lr: 0.00014; sents:    6848; bsz:  507/ 688/ 9; 3805/5167 tok/s; 126787 sec;
[2023-08-25 22:03:33,425 INFO] Step 95300/200000; acc: 68.0; ppl:  21.2; xent: 3.1; lr: 0.00014; sents:    6824; bsz:  479/ 649/ 9; 3650/4944 tok/s; 126892 sec;
[2023-08-25 22:05:19,089 INFO] Step 95400/200000; acc: 67.7; ppl:  21.5; xent: 3.1; lr: 0.00014; sents:    6816; bsz:  495/ 671/ 9; 3744/5077 tok/s; 126998 sec;
[2023-08-25 22:07:06,216 INFO] Step 95500/200000; acc: 68.1; ppl:  21.1; xent: 3.0; lr: 0.00014; sents:    6576; bsz:  502/ 686/ 8; 3748/5122 tok/s; 127105 sec;
[2023-08-25 22:08:37,881 INFO] valid stats calculation
                           took: 91.6604335308075 s.
[2023-08-25 22:08:37,889 INFO] Train perplexity: 21.3844
[2023-08-25 22:08:37,889 INFO] Train accuracy: 67.8172
[2023-08-25 22:08:37,889 INFO] Sentences processed: 3.20344e+06
[2023-08-25 22:08:37,889 INFO] Average bsz:  511/ 698/ 8
[2023-08-25 22:08:37,889 INFO] Validation perplexity: 23.1863
[2023-08-25 22:08:37,889 INFO] Validation accuracy: 65.1978
[2023-08-25 22:08:37,982 INFO] Saving checkpoint /data2/cmdir/home/nhanvt/data_NLLB/nllb_opennmt/training/vi-th/nllb-200-3.3B.onmt_step_95500.pt
[2023-08-25 22:10:51,984 INFO] Step 95600/200000; acc: 68.3; ppl:  20.8; xent: 3.0; lr: 0.00014; sents:    6880; bsz:  501/ 677/ 9; 1774/2398 tok/s; 127331 sec;
[2023-08-25 22:12:39,782 INFO] Step 95700/200000; acc: 68.1; ppl:  21.1; xent: 3.0; lr: 0.00014; sents:    6752; bsz:  498/ 678/ 8; 3699/5028 tok/s; 127439 sec;
[2023-08-25 22:14:28,421 INFO] Step 95800/200000; acc: 68.5; ppl:  20.7; xent: 3.0; lr: 0.00014; sents:    6600; bsz:  517/ 707/ 8; 3806/5209 tok/s; 127547 sec;
[2023-08-25 22:16:16,728 INFO] Step 95900/200000; acc: 68.6; ppl:  20.6; xent: 3.0; lr: 0.00014; sents:    6731; bsz:  510/ 697/ 8; 3768/5146 tok/s; 127656 sec;
[2023-08-25 22:18:02,640 INFO] Step 96000/200000; acc: 68.0; ppl:  21.1; xent: 3.1; lr: 0.00014; sents:    6920; bsz:  481/ 651/ 9; 3632/4917 tok/s; 127762 sec;
[2023-08-25 22:19:34,214 INFO] valid stats calculation
                           took: 91.56945729255676 s.
[2023-08-25 22:19:34,223 INFO] Train perplexity: 21.382
[2023-08-25 22:19:34,223 INFO] Train accuracy: 67.8195
[2023-08-25 22:19:34,223 INFO] Sentences processed: 3.22037e+06
[2023-08-25 22:19:34,223 INFO] Average bsz:  511/ 698/ 8
[2023-08-25 22:19:34,223 INFO] Validation perplexity: 23.1859
[2023-08-25 22:19:34,223 INFO] Validation accuracy: 65.1962
[2023-08-25 22:19:34,315 INFO] Saving checkpoint /data2/cmdir/home/nhanvt/data_NLLB/nllb_opennmt/training/vi-th/nllb-200-3.3B.onmt_step_96000.pt
[2023-08-25 22:21:50,094 INFO] Step 96100/200000; acc: 68.3; ppl:  20.9; xent: 3.0; lr: 0.00014; sents:    6688; bsz:  497/ 678/ 8; 1746/2383 tok/s; 127989 sec;
[2023-08-25 22:23:37,283 INFO] Step 96200/200000; acc: 68.4; ppl:  20.6; xent: 3.0; lr: 0.00014; sents:    6520; bsz:  510/ 692/ 8; 3807/5167 tok/s; 128096 sec;
[2023-08-25 22:25:24,380 INFO] Step 96300/200000; acc: 68.1; ppl:  21.1; xent: 3.1; lr: 0.00014; sents:    6744; bsz:  506/ 689/ 8; 3780/5145 tok/s; 128203 sec;
[2023-08-25 22:27:12,407 INFO] Step 96400/200000; acc: 68.3; ppl:  20.8; xent: 3.0; lr: 0.00014; sents:    6648; bsz:  513/ 702/ 8; 3802/5199 tok/s; 128311 sec;
[2023-08-25 22:29:01,202 INFO] Step 96500/200000; acc: 68.8; ppl:  20.3; xent: 3.0; lr: 0.00014; sents:    6616; bsz:  512/ 701/ 8; 3766/5154 tok/s; 128420 sec;
[2023-08-25 22:30:32,324 INFO] valid stats calculation
                           took: 91.11826729774475 s.
[2023-08-25 22:30:32,330 INFO] Train perplexity: 21.3791
[2023-08-25 22:30:32,330 INFO] Train accuracy: 67.8219
[2023-08-25 22:30:32,330 INFO] Sentences processed: 3.237e+06
[2023-08-25 22:30:32,330 INFO] Average bsz:  511/ 698/ 8
[2023-08-25 22:30:32,330 INFO] Validation perplexity: 23.1876
[2023-08-25 22:30:32,330 INFO] Validation accuracy: 65.19
[2023-08-25 22:30:32,425 INFO] Saving checkpoint /data2/cmdir/home/nhanvt/data_NLLB/nllb_opennmt/training/vi-th/nllb-200-3.3B.onmt_step_96500.pt
[2023-08-25 22:32:49,782 INFO] Step 96600/200000; acc: 68.5; ppl:  20.7; xent: 3.0; lr: 0.00014; sents:    6680; bsz:  508/ 696/ 8; 1776/2434 tok/s; 128649 sec;
[2023-08-25 22:34:39,852 INFO] Step 96700/200000; acc: 68.6; ppl:  20.5; xent: 3.0; lr: 0.00014; sents:    6712; bsz:  535/ 735/ 8; 3887/5340 tok/s; 128759 sec;
[2023-08-25 22:36:28,763 INFO] Step 96800/200000; acc: 68.3; ppl:  20.8; xent: 3.0; lr: 0.00014; sents:    6512; bsz:  527/ 719/ 8; 3868/5278 tok/s; 128868 sec;
[2023-08-25 22:38:15,951 INFO] Step 96900/200000; acc: 68.3; ppl:  20.9; xent: 3.0; lr: 0.00014; sents:    6656; bsz:  499/ 675/ 8; 3725/5040 tok/s; 128975 sec;
[2023-08-25 22:40:05,399 INFO] Step 97000/200000; acc: 68.7; ppl:  20.5; xent: 3.0; lr: 0.00014; sents:    6672; bsz:  522/ 715/ 8; 3815/5225 tok/s; 129084 sec;
[2023-08-25 22:41:36,832 INFO] valid stats calculation
                           took: 91.42860388755798 s.
[2023-08-25 22:41:36,841 INFO] Train perplexity: 21.3758
[2023-08-25 22:41:36,841 INFO] Train accuracy: 67.8248
[2023-08-25 22:41:36,841 INFO] Sentences processed: 3.2536e+06
[2023-08-25 22:41:36,841 INFO] Average bsz:  511/ 698/ 8
[2023-08-25 22:41:36,841 INFO] Validation perplexity: 23.19
[2023-08-25 22:41:36,841 INFO] Validation accuracy: 65.1937
[2023-08-25 22:41:36,933 INFO] Saving checkpoint /data2/cmdir/home/nhanvt/data_NLLB/nllb_opennmt/training/vi-th/nllb-200-3.3B.onmt_step_97000.pt
[2023-08-25 22:43:55,112 INFO] Step 97100/200000; acc: 68.2; ppl:  20.9; xent: 3.0; lr: 0.00014; sents:    6696; bsz:  510/ 697/ 8; 1776/2426 tok/s; 129314 sec;
[2023-08-25 22:45:42,099 INFO] Step 97200/200000; acc: 68.5; ppl:  20.7; xent: 3.0; lr: 0.00014; sents:    6640; bsz:  494/ 674/ 8; 3695/5038 tok/s; 129421 sec;
[2023-08-25 22:47:30,719 INFO] Step 97300/200000; acc: 68.1; ppl:  21.0; xent: 3.0; lr: 0.00014; sents:    6680; bsz:  512/ 705/ 8; 3774/5190 tok/s; 129530 sec;
[2023-08-25 22:49:17,971 INFO] Step 97400/200000; acc: 68.1; ppl:  21.2; xent: 3.1; lr: 0.00014; sents:    6592; bsz:  498/ 676/ 8; 3716/5046 tok/s; 129637 sec;
[2023-08-25 22:51:06,083 INFO] Step 97500/200000; acc: 68.3; ppl:  20.9; xent: 3.0; lr: 0.00014; sents:    6656; bsz:  504/ 685/ 8; 3726/5071 tok/s; 129745 sec;
[2023-08-25 22:52:37,540 INFO] valid stats calculation
                           took: 91.45242428779602 s.
[2023-08-25 22:52:37,547 INFO] Train perplexity: 21.3747
[2023-08-25 22:52:37,547 INFO] Train accuracy: 67.826
[2023-08-25 22:52:37,547 INFO] Sentences processed: 3.27024e+06
[2023-08-25 22:52:37,547 INFO] Average bsz:  511/ 698/ 8
[2023-08-25 22:52:37,547 INFO] Validation perplexity: 23.1885
[2023-08-25 22:52:37,547 INFO] Validation accuracy: 65.2017
[2023-08-25 22:52:37,642 INFO] Saving checkpoint /data2/cmdir/home/nhanvt/data_NLLB/nllb_opennmt/training/vi-th/nllb-200-3.3B.onmt_step_97500.pt
[2023-08-25 22:54:52,586 INFO] Step 97600/200000; acc: 68.7; ppl:  20.5; xent: 3.0; lr: 0.00014; sents:    6792; bsz:  519/ 713/ 8; 1832/2519 tok/s; 129972 sec;
[2023-08-25 22:56:40,085 INFO] Step 97700/200000; acc: 68.4; ppl:  20.8; xent: 3.0; lr: 0.00014; sents:    6712; bsz:  496/ 676/ 8; 3693/5033 tok/s; 130079 sec;
[2023-08-25 22:58:28,697 INFO] Step 97800/200000; acc: 68.3; ppl:  20.9; xent: 3.0; lr: 0.00014; sents:    6656; bsz:  513/ 698/ 8; 3780/5140 tok/s; 130188 sec;
[2023-08-25 23:00:17,336 INFO] Step 97900/200000; acc: 68.5; ppl:  20.6; xent: 3.0; lr: 0.00014; sents:    6816; bsz:  522/ 713/ 9; 3843/5251 tok/s; 130296 sec;
[2023-08-25 23:02:05,265 INFO] Step 98000/200000; acc: 68.3; ppl:  20.9; xent: 3.0; lr: 0.00014; sents:    6704; bsz:  509/ 692/ 8; 3774/5130 tok/s; 130404 sec;
[2023-08-25 23:03:36,300 INFO] valid stats calculation
                           took: 91.030690908432 s.
[2023-08-25 23:03:36,307 INFO] Train perplexity: 21.3714
[2023-08-25 23:03:36,307 INFO] Train accuracy: 67.8291
[2023-08-25 23:03:36,307 INFO] Sentences processed: 3.28706e+06
[2023-08-25 23:03:36,307 INFO] Average bsz:  511/ 698/ 8
[2023-08-25 23:03:36,308 INFO] Validation perplexity: 23.189
[2023-08-25 23:03:36,308 INFO] Validation accuracy: 65.1927
[2023-08-25 23:03:36,401 INFO] Saving checkpoint /data2/cmdir/home/nhanvt/data_NLLB/nllb_opennmt/training/vi-th/nllb-200-3.3B.onmt_step_98000.pt
[2023-08-25 23:05:54,844 INFO] Step 98100/200000; acc: 68.2; ppl:  20.9; xent: 3.0; lr: 0.00014; sents:    6520; bsz:  513/ 701/ 8; 1786/2443 tok/s; 130634 sec;
[2023-08-25 23:07:42,558 INFO] Step 98200/200000; acc: 68.2; ppl:  21.0; xent: 3.0; lr: 0.00014; sents:    6744; bsz:  509/ 695/ 8; 3779/5165 tok/s; 130742 sec;
[2023-08-25 23:09:29,055 INFO] Step 98300/200000; acc: 68.1; ppl:  21.1; xent: 3.0; lr: 0.00014; sents:    6600; bsz:  499/ 680/ 8; 3750/5106 tok/s; 130848 sec;
[2023-08-25 23:11:17,180 INFO] Step 98400/200000; acc: 68.4; ppl:  20.6; xent: 3.0; lr: 0.00014; sents:    6592; bsz:  524/ 719/ 8; 3879/5318 tok/s; 130956 sec;
[2023-08-25 23:13:04,953 INFO] Step 98500/200000; acc: 68.4; ppl:  20.8; xent: 3.0; lr: 0.00014; sents:    6584; bsz:  502/ 686/ 8; 3729/5096 tok/s; 131064 sec;
[2023-08-25 23:14:36,269 INFO] valid stats calculation
                           took: 91.3109827041626 s.
[2023-08-25 23:14:36,277 INFO] Train perplexity: 21.3691
[2023-08-25 23:14:36,277 INFO] Train accuracy: 67.8312
[2023-08-25 23:14:36,277 INFO] Sentences processed: 3.30357e+06
[2023-08-25 23:14:36,277 INFO] Average bsz:  511/ 698/ 8
[2023-08-25 23:14:36,277 INFO] Validation perplexity: 23.1928
[2023-08-25 23:14:36,277 INFO] Validation accuracy: 65.1892
[2023-08-25 23:14:36,371 INFO] Saving checkpoint /data2/cmdir/home/nhanvt/data_NLLB/nllb_opennmt/training/vi-th/nllb-200-3.3B.onmt_step_98500.pt
[2023-08-25 23:16:52,648 INFO] Step 98600/200000; acc: 68.4; ppl:  20.8; xent: 3.0; lr: 0.00014; sents:    6800; bsz:  512/ 698/ 8; 1799/2452 tok/s; 131292 sec;
[2023-08-25 23:18:41,383 INFO] Step 98700/200000; acc: 68.5; ppl:  20.7; xent: 3.0; lr: 0.00014; sents:    6688; bsz:  520/ 710/ 8; 3828/5226 tok/s; 131400 sec;
[2023-08-25 23:20:31,870 INFO] Step 98800/200000; acc: 68.7; ppl:  20.6; xent: 3.0; lr: 0.00014; sents:    6624; bsz:  530/ 729/ 8; 3835/5281 tok/s; 131511 sec;
[2023-08-25 23:22:19,383 INFO] Step 98900/200000; acc: 68.2; ppl:  21.0; xent: 3.0; lr: 0.00014; sents:    6840; bsz:  503/ 686/ 9; 3746/5101 tok/s; 131618 sec;
[2023-08-25 23:24:07,839 INFO] Step 99000/200000; acc: 68.8; ppl:  20.4; xent: 3.0; lr: 0.00014; sents:    6832; bsz:  525/ 719/ 9; 3876/5305 tok/s; 131727 sec;
[2023-08-25 23:25:39,298 INFO] valid stats calculation
                           took: 91.45414638519287 s.
[2023-08-25 23:25:39,305 INFO] Train perplexity: 21.3656
[2023-08-25 23:25:39,305 INFO] Train accuracy: 67.8348
[2023-08-25 23:25:39,305 INFO] Sentences processed: 3.32044e+06
[2023-08-25 23:25:39,305 INFO] Average bsz:  511/ 698/ 8
[2023-08-25 23:25:39,305 INFO] Validation perplexity: 23.1946
[2023-08-25 23:25:39,305 INFO] Validation accuracy: 65.1871
[2023-08-25 23:25:39,397 INFO] Saving checkpoint /data2/cmdir/home/nhanvt/data_NLLB/nllb_opennmt/training/vi-th/nllb-200-3.3B.onmt_step_99000.pt
[2023-08-25 23:27:58,828 INFO] Step 99100/200000; acc: 67.8; ppl:  21.4; xent: 3.1; lr: 0.00014; sents:    6832; bsz:  486/ 659/ 9; 1682/2282 tok/s; 131958 sec;
[2023-08-25 23:29:47,314 INFO] Step 99200/200000; acc: 68.8; ppl:  20.4; xent: 3.0; lr: 0.00014; sents:    6768; bsz:  530/ 728/ 8; 3905/5368 tok/s; 132066 sec;
[2023-08-25 23:31:36,040 INFO] Step 99300/200000; acc: 68.4; ppl:  20.7; xent: 3.0; lr: 0.00014; sents:    6672; bsz:  531/ 726/ 8; 3909/5344 tok/s; 132175 sec;
[2023-08-25 23:33:23,206 INFO] Step 99400/200000; acc: 68.4; ppl:  20.7; xent: 3.0; lr: 0.00014; sents:    6736; bsz:  506/ 690/ 8; 3781/5147 tok/s; 132282 sec;
[2023-08-25 23:35:11,070 INFO] Step 99500/200000; acc: 68.7; ppl:  20.4; xent: 3.0; lr: 0.00014; sents:    6800; bsz:  517/ 709/ 8; 3837/5260 tok/s; 132390 sec;
[2023-08-25 23:36:42,637 INFO] valid stats calculation
                           took: 91.56299996376038 s.
[2023-08-25 23:36:42,645 INFO] Train perplexity: 21.3624
[2023-08-25 23:36:42,645 INFO] Train accuracy: 67.8378
[2023-08-25 23:36:42,645 INFO] Sentences processed: 3.33738e+06
[2023-08-25 23:36:42,645 INFO] Average bsz:  511/ 698/ 8
[2023-08-25 23:36:42,645 INFO] Validation perplexity: 23.1938
[2023-08-25 23:36:42,645 INFO] Validation accuracy: 65.1927
[2023-08-25 23:36:42,738 INFO] Saving checkpoint /data2/cmdir/home/nhanvt/data_NLLB/nllb_opennmt/training/vi-th/nllb-200-3.3B.onmt_step_99500.pt
[2023-08-25 23:38:59,600 INFO] Step 99600/200000; acc: 68.4; ppl:  20.8; xent: 3.0; lr: 0.00014; sents:    6544; bsz:  515/ 704/ 8; 1802/2466 tok/s; 132619 sec;
[2023-08-25 23:40:48,302 INFO] Step 99700/200000; acc: 68.5; ppl:  20.8; xent: 3.0; lr: 0.00014; sents:    6632; bsz:  529/ 727/ 8; 3894/5352 tok/s; 132727 sec;
[2023-08-25 23:42:36,046 INFO] Step 99800/200000; acc: 68.4; ppl:  20.9; xent: 3.0; lr: 0.00014; sents:    6638; bsz:  505/ 691/ 8; 3750/5130 tok/s; 132835 sec;
[2023-08-25 23:44:23,907 INFO] Step 99900/200000; acc: 68.2; ppl:  21.0; xent: 3.0; lr: 0.00014; sents:    6728; bsz:  508/ 694/ 8; 3768/5146 tok/s; 132943 sec;
[2023-08-25 23:46:13,195 INFO] Step 100000/200000; acc: 68.7; ppl:  20.5; xent: 3.0; lr: 0.00014; sents:    6752; bsz:  540/ 743/ 8; 3955/5441 tok/s; 133052 sec;
[2023-08-25 23:47:44,418 INFO] valid stats calculation
                           took: 91.21851205825806 s.
[2023-08-25 23:47:44,426 INFO] Train perplexity: 21.3594
[2023-08-25 23:47:44,426 INFO] Train accuracy: 67.8406
[2023-08-25 23:47:44,426 INFO] Sentences processed: 3.35403e+06
[2023-08-25 23:47:44,426 INFO] Average bsz:  511/ 698/ 8
[2023-08-25 23:47:44,426 INFO] Validation perplexity: 23.1948
[2023-08-25 23:47:44,426 INFO] Validation accuracy: 65.1906
[2023-08-25 23:47:44,519 INFO] Saving checkpoint /data2/cmdir/home/nhanvt/data_NLLB/nllb_opennmt/training/vi-th/nllb-200-3.3B.onmt_step_100000.pt
[2023-08-25 23:50:02,454 INFO] Step 100100/200000; acc: 68.4; ppl:  20.8; xent: 3.0; lr: 0.00014; sents:    6704; bsz:  503/ 684/ 8; 1756/2386 tok/s; 133281 sec;
[2023-08-25 23:51:50,206 INFO] Step 100200/200000; acc: 68.4; ppl:  20.8; xent: 3.0; lr: 0.00014; sents:    6736; bsz:  513/ 700/ 8; 3807/5194 tok/s; 133389 sec;
[2023-08-25 23:53:39,099 INFO] Step 100300/200000; acc: 68.2; ppl:  21.0; xent: 3.0; lr: 0.00014; sents:    6784; bsz:  519/ 712/ 8; 3816/5231 tok/s; 133498 sec;
[2023-08-25 23:55:27,006 INFO] Step 100400/200000; acc: 68.4; ppl:  20.8; xent: 3.0; lr: 0.00014; sents:    6672; bsz:  510/ 697/ 8; 3780/5171 tok/s; 133606 sec;
[2023-08-25 23:57:15,266 INFO] Step 100500/200000; acc: 68.7; ppl:  20.6; xent: 3.0; lr: 0.00014; sents:    6664; bsz:  526/ 720/ 8; 3889/5319 tok/s; 133714 sec;
[2023-08-25 23:58:46,776 INFO] valid stats calculation
                           took: 91.5056803226471 s.
[2023-08-25 23:58:46,783 INFO] Train perplexity: 21.3577
[2023-08-25 23:58:46,783 INFO] Train accuracy: 67.8423
[2023-08-25 23:58:46,783 INFO] Sentences processed: 3.3708e+06
[2023-08-25 23:58:46,783 INFO] Average bsz:  511/ 699/ 8
[2023-08-25 23:58:46,783 INFO] Validation perplexity: 23.1938
[2023-08-25 23:58:46,783 INFO] Validation accuracy: 65.1933
[2023-08-25 23:58:46,876 INFO] Saving checkpoint /data2/cmdir/home/nhanvt/data_NLLB/nllb_opennmt/training/vi-th/nllb-200-3.3B.onmt_step_100500.pt
[2023-08-26 00:01:01,309 INFO] Step 100600/200000; acc: 68.5; ppl:  20.7; xent: 3.0; lr: 0.00014; sents:    6736; bsz:  510/ 699/ 8; 1805/2473 tok/s; 133940 sec;
[2023-08-26 00:02:48,535 INFO] Step 100700/200000; acc: 68.5; ppl:  20.6; xent: 3.0; lr: 0.00014; sents:    6704; bsz:  507/ 693/ 8; 3786/5173 tok/s; 134048 sec;
[2023-08-26 00:04:36,492 INFO] Step 100800/200000; acc: 68.6; ppl:  20.5; xent: 3.0; lr: 0.00014; sents:    6744; bsz:  520/ 708/ 8; 3855/5244 tok/s; 134156 sec;
[2023-08-26 00:06:24,051 INFO] Step 100900/200000; acc: 68.4; ppl:  20.7; xent: 3.0; lr: 0.00014; sents:    6584; bsz:  510/ 696/ 8; 3793/5179 tok/s; 134263 sec;
[2023-08-26 00:08:11,130 INFO] Step 101000/200000; acc: 68.6; ppl:  20.5; xent: 3.0; lr: 0.00014; sents:    6712; bsz:  513/ 701/ 8; 3835/5236 tok/s; 134370 sec;
[2023-08-26 00:09:42,702 INFO] valid stats calculation
                           took: 91.56624579429626 s.
[2023-08-26 00:09:42,709 INFO] Train perplexity: 21.3544
[2023-08-26 00:09:42,710 INFO] Train accuracy: 67.8451
[2023-08-26 00:09:42,710 INFO] Sentences processed: 3.38755e+06
[2023-08-26 00:09:42,710 INFO] Average bsz:  511/ 699/ 8
[2023-08-26 00:09:42,710 INFO] Validation perplexity: 23.1956
[2023-08-26 00:09:42,710 INFO] Validation accuracy: 65.1914
[2023-08-26 00:09:42,803 INFO] Saving checkpoint /data2/cmdir/home/nhanvt/data_NLLB/nllb_opennmt/training/vi-th/nllb-200-3.3B.onmt_step_101000.pt
[2023-08-26 00:11:59,203 INFO] Step 101100/200000; acc: 68.3; ppl:  20.8; xent: 3.0; lr: 0.00014; sents:    6760; bsz:  503/ 685/ 8; 1765/2403 tok/s; 134598 sec;
[2023-08-26 00:13:48,110 INFO] Step 101200/200000; acc: 68.6; ppl:  20.6; xent: 3.0; lr: 0.00014; sents:    6816; bsz:  521/ 714/ 9; 3826/5243 tok/s; 134707 sec;
[2023-08-26 00:15:36,402 INFO] Step 101300/200000; acc: 68.3; ppl:  20.9; xent: 3.0; lr: 0.00014; sents:    6584; bsz:  521/ 714/ 8; 3848/5275 tok/s; 134815 sec;
[2023-08-26 00:17:22,729 INFO] Step 101400/200000; acc: 68.3; ppl:  20.9; xent: 3.0; lr: 0.00014; sents:    6688; bsz:  502/ 680/ 8; 3774/5119 tok/s; 134922 sec;
[2023-08-26 00:19:10,156 INFO] Step 101500/200000; acc: 68.2; ppl:  20.9; xent: 3.0; lr: 0.00014; sents:    6672; bsz:  509/ 697/ 8; 3789/5187 tok/s; 135029 sec;
[2023-08-26 00:20:41,760 INFO] valid stats calculation
                           took: 91.5990355014801 s.
[2023-08-26 00:20:41,768 INFO] Train perplexity: 21.3518
[2023-08-26 00:20:41,768 INFO] Train accuracy: 67.8473
[2023-08-26 00:20:41,768 INFO] Sentences processed: 3.40431e+06
[2023-08-26 00:20:41,768 INFO] Average bsz:  511/ 699/ 8
[2023-08-26 00:20:41,768 INFO] Validation perplexity: 23.1992
[2023-08-26 00:20:41,768 INFO] Validation accuracy: 65.1931
[2023-08-26 00:20:41,863 INFO] Saving checkpoint /data2/cmdir/home/nhanvt/data_NLLB/nllb_opennmt/training/vi-th/nllb-200-3.3B.onmt_step_101500.pt
[2023-08-26 00:23:03,184 INFO] Step 101600/200000; acc: 68.4; ppl:  20.8; xent: 3.0; lr: 0.00014; sents:    6624; bsz:  510/ 698/ 8; 1752/2396 tok/s; 135262 sec;
[2023-08-26 00:24:50,315 INFO] Step 101700/200000; acc: 68.1; ppl:  21.1; xent: 3.1; lr: 0.00014; sents:    6800; bsz:  501/ 684/ 8; 3739/5109 tok/s; 135369 sec;
[2023-08-26 00:26:38,203 INFO] Step 101800/200000; acc: 68.7; ppl:  20.5; xent: 3.0; lr: 0.00014; sents:    6720; bsz:  513/ 700/ 8; 3801/5187 tok/s; 135477 sec;
[2023-08-26 00:28:25,760 INFO] Step 101900/200000; acc: 68.2; ppl:  20.9; xent: 3.0; lr: 0.00014; sents:    6632; bsz:  512/ 697/ 8; 3806/5186 tok/s; 135585 sec;
[2023-08-26 00:30:12,158 INFO] Step 102000/200000; acc: 68.2; ppl:  20.9; xent: 3.0; lr: 0.00014; sents:    6688; bsz:  495/ 674/ 8; 3721/5066 tok/s; 135691 sec;
[2023-08-26 00:31:44,290 INFO] valid stats calculation
                           took: 92.12724804878235 s.
[2023-08-26 00:31:44,298 INFO] Train perplexity: 21.3491
[2023-08-26 00:31:44,298 INFO] Train accuracy: 67.8498
[2023-08-26 00:31:44,298 INFO] Sentences processed: 3.42105e+06
[2023-08-26 00:31:44,298 INFO] Average bsz:  511/ 698/ 8
[2023-08-26 00:31:44,298 INFO] Validation perplexity: 23.1986
[2023-08-26 00:31:44,298 INFO] Validation accuracy: 65.189
[2023-08-26 00:31:44,393 INFO] Saving checkpoint /data2/cmdir/home/nhanvt/data_NLLB/nllb_opennmt/training/vi-th/nllb-200-3.3B.onmt_step_102000.pt
[2023-08-26 00:33:57,624 INFO] Step 102100/200000; acc: 68.3; ppl:  20.9; xent: 3.0; lr: 0.00014; sents:    6776; bsz:  489/ 663/ 8; 1736/2353 tok/s; 135917 sec;
[2023-08-26 00:35:45,115 INFO] Step 102200/200000; acc: 68.4; ppl:  20.8; xent: 3.0; lr: 0.00014; sents:    6609; bsz:  515/ 703/ 8; 3837/5235 tok/s; 136024 sec;
[2023-08-26 00:37:32,811 INFO] Step 102300/200000; acc: 68.5; ppl:  20.7; xent: 3.0; lr: 0.00014; sents:    6784; bsz:  514/ 702/ 8; 3819/5216 tok/s; 136132 sec;
[2023-08-26 00:39:20,671 INFO] Step 102400/200000; acc: 68.6; ppl:  20.6; xent: 3.0; lr: 0.00014; sents:    6808; bsz:  514/ 703/ 9; 3810/5215 tok/s; 136240 sec;
[2023-08-26 00:41:08,321 INFO] Step 102500/200000; acc: 68.6; ppl:  20.5; xent: 3.0; lr: 0.00014; sents:    6720; bsz:  511/ 694/ 8; 3799/5161 tok/s; 136347 sec;
[2023-08-26 00:42:39,885 INFO] valid stats calculation
                           took: 91.55896806716919 s.
[2023-08-26 00:42:39,892 INFO] Train perplexity: 21.3465
[2023-08-26 00:42:39,892 INFO] Train accuracy: 67.8523
[2023-08-26 00:42:39,892 INFO] Sentences processed: 3.43788e+06
[2023-08-26 00:42:39,892 INFO] Average bsz:  511/ 698/ 8
[2023-08-26 00:42:39,892 INFO] Validation perplexity: 23.199
[2023-08-26 00:42:39,892 INFO] Validation accuracy: 65.1881
[2023-08-26 00:42:39,987 INFO] Saving checkpoint /data2/cmdir/home/nhanvt/data_NLLB/nllb_opennmt/training/vi-th/nllb-200-3.3B.onmt_step_102500.pt
[2023-08-26 00:44:56,455 INFO] Step 102600/200000; acc: 68.2; ppl:  20.9; xent: 3.0; lr: 0.00014; sents:    6696; bsz:  514/ 702/ 8; 1803/2462 tok/s; 136575 sec;
[2023-08-26 00:46:43,788 INFO] Step 102700/200000; acc: 68.3; ppl:  20.8; xent: 3.0; lr: 0.00014; sents:    6784; bsz:  506/ 690/ 8; 3774/5141 tok/s; 136683 sec;
[2023-08-26 00:48:30,390 INFO] Step 102800/200000; acc: 68.2; ppl:  21.0; xent: 3.0; lr: 0.00014; sents:    6680; bsz:  492/ 672/ 8; 3695/5041 tok/s; 136789 sec;
[2023-08-26 00:50:17,436 INFO] Step 102900/200000; acc: 68.6; ppl:  20.6; xent: 3.0; lr: 0.00014; sents:    6664; bsz:  510/ 695/ 8; 3814/5195 tok/s; 136896 sec;
[2023-08-26 00:52:06,475 INFO] Step 103000/200000; acc: 68.6; ppl:  20.6; xent: 3.0; lr: 0.00014; sents:    6664; bsz:  526/ 722/ 8; 3856/5297 tok/s; 137006 sec;
[2023-08-26 00:53:37,908 INFO] valid stats calculation
                           took: 91.4281005859375 s.
[2023-08-26 00:53:37,915 INFO] Train perplexity: 21.3444
[2023-08-26 00:53:37,915 INFO] Train accuracy: 67.8544
[2023-08-26 00:53:37,915 INFO] Sentences processed: 3.45463e+06
[2023-08-26 00:53:37,915 INFO] Average bsz:  511/ 698/ 8
[2023-08-26 00:53:37,915 INFO] Validation perplexity: 23.2002
[2023-08-26 00:53:37,915 INFO] Validation accuracy: 65.1855
[2023-08-26 00:53:38,011 INFO] Saving checkpoint /data2/cmdir/home/nhanvt/data_NLLB/nllb_opennmt/training/vi-th/nllb-200-3.3B.onmt_step_103000.pt
[2023-08-26 00:55:55,249 INFO] Step 103100/200000; acc: 68.4; ppl:  20.8; xent: 3.0; lr: 0.00014; sents:    6832; bsz:  516/ 705/ 9; 1805/2467 tok/s; 137234 sec;
[2023-08-26 00:57:43,703 INFO] Step 103200/200000; acc: 68.3; ppl:  20.8; xent: 3.0; lr: 0.00014; sents:    6776; bsz:  509/ 698/ 8; 3758/5145 tok/s; 137343 sec;
[2023-08-26 00:59:31,934 INFO] Step 103300/200000; acc: 68.5; ppl:  20.7; xent: 3.0; lr: 0.00014; sents:    6680; bsz:  511/ 697/ 8; 3776/5149 tok/s; 137451 sec;
[2023-08-26 01:01:19,818 INFO] Step 103400/200000; acc: 68.4; ppl:  20.7; xent: 3.0; lr: 0.00014; sents:    6768; bsz:  507/ 688/ 8; 3756/5098 tok/s; 137559 sec;
[2023-08-26 01:03:09,005 INFO] Step 103500/200000; acc: 68.3; ppl:  20.9; xent: 3.0; lr: 0.00014; sents:    6648; bsz:  523/ 716/ 8; 3829/5244 tok/s; 137668 sec;
[2023-08-26 01:04:40,496 INFO] valid stats calculation
                           took: 91.4860110282898 s.
[2023-08-26 01:04:40,504 INFO] Train perplexity: 21.3419
[2023-08-26 01:04:40,504 INFO] Train accuracy: 67.8564
[2023-08-26 01:04:40,504 INFO] Sentences processed: 3.47152e+06
[2023-08-26 01:04:40,504 INFO] Average bsz:  511/ 698/ 8
[2023-08-26 01:04:40,504 INFO] Validation perplexity: 23.1999
[2023-08-26 01:04:40,504 INFO] Validation accuracy: 65.1881
[2023-08-26 01:04:40,596 INFO] Saving checkpoint /data2/cmdir/home/nhanvt/data_NLLB/nllb_opennmt/training/vi-th/nllb-200-3.3B.onmt_step_103500.pt
[2023-08-26 01:06:57,202 INFO] Step 103600/200000; acc: 68.4; ppl:  20.7; xent: 3.0; lr: 0.00014; sents:    6736; bsz:  522/ 715/ 8; 1829/2505 tok/s; 137896 sec;
[2023-08-26 01:08:44,465 INFO] Step 103700/200000; acc: 68.2; ppl:  21.0; xent: 3.0; lr: 0.00014; sents:    6816; bsz:  496/ 674/ 9; 3697/5030 tok/s; 138004 sec;
[2023-08-26 01:10:32,427 INFO] Step 103800/200000; acc: 68.3; ppl:  20.9; xent: 3.0; lr: 0.00014; sents:    6712; bsz:  514/ 702/ 8; 3805/5205 tok/s; 138111 sec;
[2023-08-26 01:12:19,706 INFO] Step 103900/200000; acc: 68.3; ppl:  20.9; xent: 3.0; lr: 0.00014; sents:    6624; bsz:  507/ 693/ 8; 3783/5171 tok/s; 138219 sec;
[2023-08-26 01:14:07,002 INFO] Step 104000/200000; acc: 68.2; ppl:  21.0; xent: 3.0; lr: 0.00014; sents:    6616; bsz:  508/ 693/ 8; 3785/5168 tok/s; 138326 sec;
[2023-08-26 01:15:38,439 INFO] valid stats calculation
                           took: 91.42968940734863 s.
[2023-08-26 01:15:38,447 INFO] Train perplexity: 21.3404
[2023-08-26 01:15:38,447 INFO] Train accuracy: 67.8579
[2023-08-26 01:15:38,447 INFO] Sentences processed: 3.48823e+06
[2023-08-26 01:15:38,447 INFO] Average bsz:  511/ 698/ 8
[2023-08-26 01:15:38,447 INFO] Validation perplexity: 23.2013
[2023-08-26 01:15:38,447 INFO] Validation accuracy: 65.1925
[2023-08-26 01:15:38,541 INFO] Saving checkpoint /data2/cmdir/home/nhanvt/data_NLLB/nllb_opennmt/training/vi-th/nllb-200-3.3B.onmt_step_104000.pt
[2023-08-26 01:17:55,873 INFO] Step 104100/200000; acc: 68.7; ppl:  20.5; xent: 3.0; lr: 0.00014; sents:    6800; bsz:  514/ 701/ 8; 1798/2450 tok/s; 138555 sec;
[2023-08-26 01:19:42,387 INFO] Step 104200/200000; acc: 68.2; ppl:  20.9; xent: 3.0; lr: 0.00014; sents:    6640; bsz:  498/ 679/ 8; 3738/5100 tok/s; 138661 sec;
[2023-08-26 01:21:29,992 INFO] Step 104300/200000; acc: 68.4; ppl:  20.7; xent: 3.0; lr: 0.00014; sents:    6792; bsz:  520/ 707/ 8; 3865/5253 tok/s; 138769 sec;
[2023-08-26 01:23:17,610 INFO] Step 104400/200000; acc: 68.3; ppl:  20.9; xent: 3.0; lr: 0.00014; sents:    6672; bsz:  513/ 699/ 8; 3811/5196 tok/s; 138877 sec;
[2023-08-26 01:25:05,539 INFO] Step 104500/200000; acc: 68.7; ppl:  20.5; xent: 3.0; lr: 0.00014; sents:    6632; bsz:  520/ 710/ 8; 3852/5265 tok/s; 138985 sec;
[2023-08-26 01:26:37,223 INFO] valid stats calculation
                           took: 91.67975640296936 s.
[2023-08-26 01:26:37,231 INFO] Train perplexity: 21.3379
[2023-08-26 01:26:37,231 INFO] Train accuracy: 67.8601
[2023-08-26 01:26:37,231 INFO] Sentences processed: 3.50503e+06
[2023-08-26 01:26:37,231 INFO] Average bsz:  511/ 698/ 8
[2023-08-26 01:26:37,231 INFO] Validation perplexity: 23.2013
[2023-08-26 01:26:37,231 INFO] Validation accuracy: 65.1733
[2023-08-26 01:26:37,328 INFO] Saving checkpoint /data2/cmdir/home/nhanvt/data_NLLB/nllb_opennmt/training/vi-th/nllb-200-3.3B.onmt_step_104500.pt
[2023-08-26 01:28:54,067 INFO] Step 104600/200000; acc: 68.5; ppl:  20.6; xent: 3.0; lr: 0.00014; sents:    6816; bsz:  507/ 692/ 9; 1776/2421 tok/s; 139213 sec;
[2023-08-26 01:30:42,678 INFO] Step 104700/200000; acc: 68.6; ppl:  20.5; xent: 3.0; lr: 0.00014; sents:    6704; bsz:  525/ 716/ 8; 3866/5272 tok/s; 139322 sec;
[2023-08-26 01:32:30,271 INFO] Step 104800/200000; acc: 68.3; ppl:  20.9; xent: 3.0; lr: 0.00014; sents:    6832; bsz:  514/ 700/ 9; 3823/5202 tok/s; 139429 sec;
[2023-08-26 01:34:17,049 INFO] Step 104900/200000; acc: 68.4; ppl:  20.8; xent: 3.0; lr: 0.00014; sents:    6728; bsz:  509/ 694/ 8; 3814/5197 tok/s; 139536 sec;
[2023-08-26 01:36:45,160 INFO] Step 105000/200000; acc: 68.5; ppl:  20.6; xent: 3.0; lr: 0.00014; sents:    6688; bsz:  517/ 707/ 8; 2791/3821 tok/s; 139684 sec;
[2023-08-26 01:38:16,417 INFO] valid stats calculation
                           took: 91.25230598449707 s.
[2023-08-26 01:38:16,423 INFO] Train perplexity: 21.3343
[2023-08-26 01:38:16,423 INFO] Train accuracy: 67.8632
[2023-08-26 01:38:16,423 INFO] Sentences processed: 3.52191e+06
[2023-08-26 01:38:16,423 INFO] Average bsz:  511/ 698/ 8
[2023-08-26 01:38:16,423 INFO] Validation perplexity: 23.2016
[2023-08-26 01:38:16,423 INFO] Validation accuracy: 65.1733
[2023-08-26 01:38:16,520 INFO] Saving checkpoint /data2/cmdir/home/nhanvt/data_NLLB/nllb_opennmt/training/vi-th/nllb-200-3.3B.onmt_step_105000.pt
[2023-08-26 01:40:34,197 INFO] Step 105100/200000; acc: 68.6; ppl:  20.6; xent: 3.0; lr: 0.00014; sents:    6680; bsz:  526/ 720/ 8; 1837/2514 tok/s; 139913 sec;
[2023-08-26 01:42:22,859 INFO] Step 105200/200000; acc: 68.6; ppl:  20.5; xent: 3.0; lr: 0.00014; sents:    6680; bsz:  519/ 710/ 8; 3819/5225 tok/s; 140022 sec;
[2023-08-26 01:44:53,802 INFO] Step 105300/200000; acc: 68.3; ppl:  20.8; xent: 3.0; lr: 0.00014; sents:    6760; bsz:  511/ 698/ 8; 2710/3698 tok/s; 140173 sec;
[2023-08-26 01:46:41,397 INFO] Step 105400/200000; acc: 68.6; ppl:  20.5; xent: 3.0; lr: 0.00014; sents:    6600; bsz:  514/ 703/ 8; 3824/5223 tok/s; 140280 sec;
[2023-08-26 01:48:29,393 INFO] Step 105500/200000; acc: 68.4; ppl:  20.7; xent: 3.0; lr: 0.00014; sents:    6672; bsz:  508/ 695/ 8; 3763/5150 tok/s; 140388 sec;
[2023-08-26 01:50:01,556 INFO] valid stats calculation
                           took: 92.15936398506165 s.
[2023-08-26 01:50:01,565 INFO] Train perplexity: 21.3315
[2023-08-26 01:50:01,565 INFO] Train accuracy: 67.8656
[2023-08-26 01:50:01,565 INFO] Sentences processed: 3.5386e+06
[2023-08-26 01:50:01,565 INFO] Average bsz:  511/ 698/ 8
[2023-08-26 01:50:01,565 INFO] Validation perplexity: 23.204
[2023-08-26 01:50:01,565 INFO] Validation accuracy: 65.1752
[2023-08-26 01:50:01,657 INFO] Saving checkpoint /data2/cmdir/home/nhanvt/data_NLLB/nllb_opennmt/training/vi-th/nllb-200-3.3B.onmt_step_105500.pt
[2023-08-26 01:52:21,305 INFO] Step 105600/200000; acc: 68.6; ppl:  20.5; xent: 3.0; lr: 0.00014; sents:    6720; bsz:  521/ 710/ 8; 1797/2448 tok/s; 140620 sec;
[2023-08-26 01:54:10,645 INFO] Step 105700/200000; acc: 68.8; ppl:  20.4; xent: 3.0; lr: 0.00014; sents:    6840; bsz:  522/ 716/ 9; 3821/5238 tok/s; 140730 sec;
[2023-08-26 01:55:58,533 INFO] Step 105800/200000; acc: 68.6; ppl:  20.4; xent: 3.0; lr: 0.00014; sents:    6768; bsz:  496/ 674/ 8; 3675/5001 tok/s; 140838 sec;
[2023-08-26 01:57:46,500 INFO] Step 105900/200000; acc: 67.9; ppl:  21.3; xent: 3.1; lr: 0.00014; sents:    6592; bsz:  509/ 696/ 8; 3775/5155 tok/s; 140946 sec;
[2023-08-26 01:59:35,043 INFO] Step 106000/200000; acc: 68.5; ppl:  20.6; xent: 3.0; lr: 0.00014; sents:    6640; bsz:  514/ 703/ 8; 3785/5183 tok/s; 141054 sec;
[2023-08-26 02:01:06,941 INFO] valid stats calculation
                           took: 91.89387083053589 s.
[2023-08-26 02:01:06,949 INFO] Train perplexity: 21.3285
[2023-08-26 02:01:06,949 INFO] Train accuracy: 67.8683
[2023-08-26 02:01:06,949 INFO] Sentences processed: 3.55537e+06
[2023-08-26 02:01:06,949 INFO] Average bsz:  511/ 698/ 8
[2023-08-26 02:01:06,949 INFO] Validation perplexity: 23.2061
[2023-08-26 02:01:06,949 INFO] Validation accuracy: 65.1785
[2023-08-26 02:01:07,044 INFO] Saving checkpoint /data2/cmdir/home/nhanvt/data_NLLB/nllb_opennmt/training/vi-th/nllb-200-3.3B.onmt_step_106000.pt
[2023-08-26 02:03:21,754 INFO] Step 106100/200000; acc: 68.4; ppl:  20.8; xent: 3.0; lr: 0.00014; sents:    6808; bsz:  498/ 673/ 9; 1756/2373 tok/s; 141281 sec;
[2023-08-26 02:05:09,209 INFO] Step 106200/200000; acc: 68.2; ppl:  20.9; xent: 3.0; lr: 0.00014; sents:    6656; bsz:  511/ 697/ 8; 3808/5186 tok/s; 141388 sec;
[2023-08-26 02:06:55,320 INFO] Step 106300/200000; acc: 68.1; ppl:  21.1; xent: 3.0; lr: 0.00014; sents:    6776; bsz:  492/ 669/ 8; 3712/5044 tok/s; 141494 sec;
[2023-08-26 02:08:43,391 INFO] Step 106400/200000; acc: 68.8; ppl:  20.4; xent: 3.0; lr: 0.00014; sents:    6664; bsz:  517/ 708/ 8; 3827/5241 tok/s; 141602 sec;
[2023-08-26 02:10:31,294 INFO] Step 106500/200000; acc: 68.6; ppl:  20.6; xent: 3.0; lr: 0.00014; sents:    6592; bsz:  509/ 698/ 8; 3776/5178 tok/s; 141710 sec;
[2023-08-26 02:12:03,427 INFO] valid stats calculation
                           took: 92.1281509399414 s.
[2023-08-26 02:12:03,434 INFO] Train perplexity: 21.3261
[2023-08-26 02:12:03,435 INFO] Train accuracy: 67.8704
[2023-08-26 02:12:03,435 INFO] Sentences processed: 3.57212e+06
[2023-08-26 02:12:03,435 INFO] Average bsz:  511/ 698/ 8
[2023-08-26 02:12:03,435 INFO] Validation perplexity: 23.2066
[2023-08-26 02:12:03,435 INFO] Validation accuracy: 65.1752
[2023-08-26 02:12:03,620 INFO] Saving checkpoint /data2/cmdir/home/nhanvt/data_NLLB/nllb_opennmt/training/vi-th/nllb-200-3.3B.onmt_step_106500.pt
[2023-08-26 02:14:20,664 INFO] Step 106600/200000; acc: 68.7; ppl:  20.5; xent: 3.0; lr: 0.00014; sents:    6800; bsz:  495/ 669/ 8; 1727/2334 tok/s; 141940 sec;
[2023-08-26 02:16:07,194 INFO] Step 106700/200000; acc: 68.2; ppl:  20.9; xent: 3.0; lr: 0.00014; sents:    6748; bsz:  502/ 681/ 8; 3773/5112 tok/s; 142046 sec;
[2023-08-26 02:17:54,947 INFO] Step 106800/200000; acc: 68.3; ppl:  20.8; xent: 3.0; lr: 0.00014; sents:    6552; bsz:  515/ 702/ 8; 3824/5213 tok/s; 142154 sec;
[2023-08-26 02:19:42,832 INFO] Step 106900/200000; acc: 68.6; ppl:  20.6; xent: 3.0; lr: 0.00014; sents:    6760; bsz:  516/ 703/ 8; 3823/5213 tok/s; 142262 sec;
[2023-08-26 02:21:28,721 INFO] Step 107000/200000; acc: 68.2; ppl:  20.8; xent: 3.0; lr: 0.00014; sents:    6848; bsz:  494/ 666/ 9; 3732/5034 tok/s; 142368 sec;
[2023-08-26 02:23:00,600 INFO] valid stats calculation
                           took: 91.87402725219727 s.
[2023-08-26 02:23:00,607 INFO] Train perplexity: 21.3232
[2023-08-26 02:23:00,607 INFO] Train accuracy: 67.8727
[2023-08-26 02:23:00,607 INFO] Sentences processed: 3.58895e+06
[2023-08-26 02:23:00,607 INFO] Average bsz:  511/ 698/ 8
[2023-08-26 02:23:00,607 INFO] Validation perplexity: 23.2033
[2023-08-26 02:23:00,607 INFO] Validation accuracy: 65.1702
[2023-08-26 02:23:00,703 INFO] Saving checkpoint /data2/cmdir/home/nhanvt/data_NLLB/nllb_opennmt/training/vi-th/nllb-200-3.3B.onmt_step_107000.pt
[2023-08-26 02:25:17,492 INFO] Step 107100/200000; acc: 68.2; ppl:  20.9; xent: 3.0; lr: 0.00014; sents:    6848; bsz:  508/ 692/ 9; 1777/2421 tok/s; 142597 sec;
[2023-08-26 02:27:04,392 INFO] Step 107200/200000; acc: 68.1; ppl:  21.0; xent: 3.0; lr: 0.00013; sents:    6600; bsz:  489/ 664/ 8; 3661/4972 tok/s; 142703 sec;
[2023-08-26 02:28:52,691 INFO] Step 107300/200000; acc: 68.3; ppl:  20.9; xent: 3.0; lr: 0.00013; sents:    6752; bsz:  509/ 692/ 8; 3763/5111 tok/s; 142812 sec;
[2023-08-26 02:30:40,404 INFO] Step 107400/200000; acc: 68.4; ppl:  20.7; xent: 3.0; lr: 0.00013; sents:    6728; bsz:  505/ 688/ 8; 3753/5110 tok/s; 142919 sec;
[2023-08-26 02:32:28,372 INFO] Step 107500/200000; acc: 68.6; ppl:  20.5; xent: 3.0; lr: 0.00013; sents:    6704; bsz:  515/ 701/ 8; 3818/5191 tok/s; 143027 sec;
[2023-08-26 02:34:00,130 INFO] valid stats calculation
                           took: 91.7532889842987 s.
[2023-08-26 02:34:00,138 INFO] Train perplexity: 21.321
[2023-08-26 02:34:00,138 INFO] Train accuracy: 67.8747
[2023-08-26 02:34:00,138 INFO] Sentences processed: 3.60578e+06
[2023-08-26 02:34:00,138 INFO] Average bsz:  511/ 698/ 8
[2023-08-26 02:34:00,138 INFO] Validation perplexity: 23.2038
[2023-08-26 02:34:00,138 INFO] Validation accuracy: 65.1779
[2023-08-26 02:34:00,233 INFO] Saving checkpoint /data2/cmdir/home/nhanvt/data_NLLB/nllb_opennmt/training/vi-th/nllb-200-3.3B.onmt_step_107500.pt
[2023-08-26 02:36:17,249 INFO] Step 107600/200000; acc: 68.3; ppl:  20.8; xent: 3.0; lr: 0.00013; sents:    6832; bsz:  502/ 686/ 9; 1754/2396 tok/s; 143256 sec;
[2023-08-26 02:38:05,039 INFO] Step 107700/200000; acc: 68.3; ppl:  20.8; xent: 3.0; lr: 0.00013; sents:    6640; bsz:  496/ 677/ 8; 3684/5024 tok/s; 143364 sec;
[2023-08-26 02:39:53,511 INFO] Step 107800/200000; acc: 68.9; ppl:  20.3; xent: 3.0; lr: 0.00013; sents:    6696; bsz:  522/ 711/ 8; 3846/5245 tok/s; 143473 sec;
[2023-08-26 02:41:41,043 INFO] Step 107900/200000; acc: 68.5; ppl:  20.7; xent: 3.0; lr: 0.00013; sents:    6616; bsz:  494/ 672/ 8; 3676/5000 tok/s; 143580 sec;
[2023-08-26 02:43:30,425 INFO] Step 108000/200000; acc: 68.6; ppl:  20.6; xent: 3.0; lr: 0.00013; sents:    6688; bsz:  527/ 723/ 8; 3852/5286 tok/s; 143689 sec;
[2023-08-26 02:45:02,409 INFO] valid stats calculation
                           took: 91.9803524017334 s.
[2023-08-26 02:45:02,418 INFO] Train perplexity: 21.318
[2023-08-26 02:45:02,418 INFO] Train accuracy: 67.8775
[2023-08-26 02:45:02,418 INFO] Sentences processed: 3.6225e+06
[2023-08-26 02:45:02,418 INFO] Average bsz:  511/ 698/ 8
[2023-08-26 02:45:02,418 INFO] Validation perplexity: 23.2063
[2023-08-26 02:45:02,418 INFO] Validation accuracy: 65.1754
[2023-08-26 02:45:02,516 INFO] Saving checkpoint /data2/cmdir/home/nhanvt/data_NLLB/nllb_opennmt/training/vi-th/nllb-200-3.3B.onmt_step_108000.pt
[2023-08-26 02:47:34,674 INFO] Step 108100/200000; acc: 68.0; ppl:  21.0; xent: 3.0; lr: 0.00013; sents:    6672; bsz:  487/ 656/ 8; 1594/2147 tok/s; 143934 sec;
[2023-08-26 02:49:22,286 INFO] Step 108200/200000; acc: 68.6; ppl:  20.6; xent: 3.0; lr: 0.00013; sents:    6536; bsz:  514/ 702/ 8; 3818/5217 tok/s; 144041 sec;
[2023-08-26 02:51:09,790 INFO] Step 108300/200000; acc: 68.7; ppl:  20.5; xent: 3.0; lr: 0.00013; sents:    6488; bsz:  509/ 697/ 8; 3789/5184 tok/s; 144149 sec;
[2023-08-26 02:52:57,068 INFO] Step 108400/200000; acc: 68.3; ppl:  20.8; xent: 3.0; lr: 0.00013; sents:    6632; bsz:  513/ 701/ 8; 3823/5226 tok/s; 144256 sec;
[2023-08-26 02:54:45,494 INFO] Step 108500/200000; acc: 68.6; ppl:  20.6; xent: 3.0; lr: 0.00013; sents:    6960; bsz:  523/ 719/ 9; 3859/5307 tok/s; 144365 sec;
[2023-08-26 02:56:16,567 INFO] valid stats calculation
                           took: 91.06861901283264 s.
[2023-08-26 02:56:16,575 INFO] Train perplexity: 21.3151
[2023-08-26 02:56:16,576 INFO] Train accuracy: 67.88
[2023-08-26 02:56:16,576 INFO] Sentences processed: 3.63916e+06
[2023-08-26 02:56:16,576 INFO] Average bsz:  511/ 698/ 8
[2023-08-26 02:56:16,576 INFO] Validation perplexity: 23.2051
[2023-08-26 02:56:16,576 INFO] Validation accuracy: 65.1744
[2023-08-26 02:56:16,674 INFO] Saving checkpoint /data2/cmdir/home/nhanvt/data_NLLB/nllb_opennmt/training/vi-th/nllb-200-3.3B.onmt_step_108500.pt
[2023-08-26 02:58:33,243 INFO] Step 108600/200000; acc: 68.3; ppl:  20.9; xent: 3.0; lr: 0.00013; sents:    6720; bsz:  514/ 704/ 8; 1805/2474 tok/s; 144592 sec;
[2023-08-26 03:00:20,377 INFO] Step 108700/200000; acc: 68.4; ppl:  20.8; xent: 3.0; lr: 0.00013; sents:    6712; bsz:  517/ 703/ 8; 3858/5247 tok/s; 144699 sec;
[2023-08-26 03:02:07,623 INFO] Step 108800/200000; acc: 68.4; ppl:  20.7; xent: 3.0; lr: 0.00013; sents:    6872; bsz:  512/ 695/ 9; 3820/5181 tok/s; 144807 sec;
[2023-08-26 03:03:57,239 INFO] Step 108900/200000; acc: 68.7; ppl:  20.5; xent: 3.0; lr: 0.00013; sents:    6608; bsz:  534/ 732/ 8; 3897/5345 tok/s; 144916 sec;
[2023-08-26 03:05:45,897 INFO] Step 109000/200000; acc: 68.7; ppl:  20.5; xent: 3.0; lr: 0.00013; sents:    6664; bsz:  525/ 719/ 8; 3868/5291 tok/s; 145025 sec;
[2023-08-26 03:07:17,403 INFO] valid stats calculation
                           took: 91.50165367126465 s.
[2023-08-26 03:07:17,410 INFO] Train perplexity: 21.3122
[2023-08-26 03:07:17,410 INFO] Train accuracy: 67.8827
[2023-08-26 03:07:17,410 INFO] Sentences processed: 3.65594e+06
[2023-08-26 03:07:17,410 INFO] Average bsz:  511/ 698/ 8
[2023-08-26 03:07:17,410 INFO] Validation perplexity: 23.207
[2023-08-26 03:07:17,410 INFO] Validation accuracy: 65.1737
[2023-08-26 03:07:17,503 INFO] Saving checkpoint /data2/cmdir/home/nhanvt/data_NLLB/nllb_opennmt/training/vi-th/nllb-200-3.3B.onmt_step_109000.pt
[2023-08-26 03:09:34,203 INFO] Step 109100/200000; acc: 68.3; ppl:  20.9; xent: 3.0; lr: 0.00013; sents:    6800; bsz:  503/ 683/ 8; 1761/2395 tok/s; 145253 sec;
[2023-08-26 03:11:21,763 INFO] Step 109200/200000; acc: 68.3; ppl:  20.8; xent: 3.0; lr: 0.00013; sents:    6704; bsz:  505/ 690/ 8; 3758/5133 tok/s; 145361 sec;
[2023-08-26 03:13:09,636 INFO] Step 109300/200000; acc: 68.7; ppl:  20.4; xent: 3.0; lr: 0.00013; sents:    6585; bsz:  522/ 710/ 8; 3875/5265 tok/s; 145469 sec;
[2023-08-26 03:14:57,083 INFO] Step 109400/200000; acc: 68.5; ppl:  20.6; xent: 3.0; lr: 0.00013; sents:    6744; bsz:  513/ 701/ 8; 3822/5222 tok/s; 145576 sec;
[2023-08-26 03:16:44,315 INFO] Step 109500/200000; acc: 68.4; ppl:  20.8; xent: 3.0; lr: 0.00013; sents:    6744; bsz:  513/ 696/ 8; 3829/5195 tok/s; 145683 sec;
[2023-08-26 03:18:16,248 INFO] valid stats calculation
                           took: 91.9291353225708 s.
[2023-08-26 03:18:16,257 INFO] Train perplexity: 21.3092
[2023-08-26 03:18:16,257 INFO] Train accuracy: 67.8852
[2023-08-26 03:18:16,257 INFO] Sentences processed: 3.67274e+06
[2023-08-26 03:18:16,257 INFO] Average bsz:  511/ 698/ 8
[2023-08-26 03:18:16,257 INFO] Validation perplexity: 23.2057
[2023-08-26 03:18:16,257 INFO] Validation accuracy: 65.1694
[2023-08-26 03:18:16,350 INFO] Saving checkpoint /data2/cmdir/home/nhanvt/data_NLLB/nllb_opennmt/training/vi-th/nllb-200-3.3B.onmt_step_109500.pt
[2023-08-26 03:20:37,360 INFO] Step 109600/200000; acc: 68.8; ppl:  20.4; xent: 3.0; lr: 0.00013; sents:    6720; bsz:  505/ 687/ 8; 1735/2359 tok/s; 145916 sec;
[2023-08-26 03:22:24,640 INFO] Step 109700/200000; acc: 68.4; ppl:  20.8; xent: 3.0; lr: 0.00013; sents:    6584; bsz:  499/ 680/ 8; 3719/5073 tok/s; 146024 sec;
[2023-08-26 03:24:11,550 INFO] Step 109800/200000; acc: 68.1; ppl:  21.0; xent: 3.0; lr: 0.00013; sents:    6728; bsz:  499/ 676/ 8; 3735/5055 tok/s; 146131 sec;
[2023-08-26 03:26:00,275 INFO] Step 109900/200000; acc: 68.7; ppl:  20.4; xent: 3.0; lr: 0.00013; sents:    6656; bsz:  527/ 720/ 8; 3874/5300 tok/s; 146239 sec;
[2023-08-26 03:27:48,692 INFO] Step 110000/200000; acc: 68.7; ppl:  20.4; xent: 3.0; lr: 0.00013; sents:    6712; bsz:  524/ 719/ 8; 3869/5304 tok/s; 146348 sec;
[2023-08-26 03:29:20,161 INFO] valid stats calculation
                           took: 91.46440958976746 s.
[2023-08-26 03:29:20,169 INFO] Train perplexity: 21.3068
[2023-08-26 03:29:20,169 INFO] Train accuracy: 67.8873
[2023-08-26 03:29:20,169 INFO] Sentences processed: 3.68945e+06
[2023-08-26 03:29:20,169 INFO] Average bsz:  511/ 698/ 8
[2023-08-26 03:29:20,169 INFO] Validation perplexity: 23.2056
[2023-08-26 03:29:20,169 INFO] Validation accuracy: 65.1702
[2023-08-26 03:29:20,262 INFO] Saving checkpoint /data2/cmdir/home/nhanvt/data_NLLB/nllb_opennmt/training/vi-th/nllb-200-3.3B.onmt_step_110000.pt
[2023-08-26 03:31:42,085 INFO] Step 110100/200000; acc: 68.8; ppl:  20.3; xent: 3.0; lr: 0.00013; sents:    6568; bsz:  520/ 712/ 8; 1783/2442 tok/s; 146581 sec;
[2023-08-26 03:33:30,632 INFO] Step 110200/200000; acc: 68.4; ppl:  20.7; xent: 3.0; lr: 0.00013; sents:    6632; bsz:  503/ 683/ 8; 3707/5036 tok/s; 146690 sec;
[2023-08-26 03:35:19,709 INFO] Step 110300/200000; acc: 68.5; ppl:  20.6; xent: 3.0; lr: 0.00013; sents:    6744; bsz:  512/ 701/ 8; 3754/5140 tok/s; 146799 sec;
[2023-08-26 03:37:07,817 INFO] Step 110400/200000; acc: 68.3; ppl:  20.8; xent: 3.0; lr: 0.00013; sents:    6624; bsz:  510/ 700/ 8; 3777/5177 tok/s; 146907 sec;
[2023-08-26 03:38:55,837 INFO] Step 110500/200000; acc: 68.7; ppl:  20.4; xent: 3.0; lr: 0.00013; sents:    6648; bsz:  514/ 699/ 8; 3810/5179 tok/s; 147015 sec;
[2023-08-26 03:40:27,303 INFO] valid stats calculation
                           took: 91.46133589744568 s.
[2023-08-26 03:40:27,310 INFO] Train perplexity: 21.3031
[2023-08-26 03:40:27,310 INFO] Train accuracy: 67.8904
[2023-08-26 03:40:27,310 INFO] Sentences processed: 3.70601e+06
[2023-08-26 03:40:27,310 INFO] Average bsz:  511/ 698/ 8
[2023-08-26 03:40:27,310 INFO] Validation perplexity: 23.2053
[2023-08-26 03:40:27,310 INFO] Validation accuracy: 65.1737
[2023-08-26 03:40:27,403 INFO] Saving checkpoint /data2/cmdir/home/nhanvt/data_NLLB/nllb_opennmt/training/vi-th/nllb-200-3.3B.onmt_step_110500.pt
[2023-08-26 03:42:44,726 INFO] Step 110600/200000; acc: 68.7; ppl:  20.5; xent: 3.0; lr: 0.00013; sents:    6728; bsz:  515/ 704/ 8; 1799/2462 tok/s; 147244 sec;
[2023-08-26 03:44:34,670 INFO] Step 110700/200000; acc: 69.0; ppl:  20.2; xent: 3.0; lr: 0.00013; sents:    6728; bsz:  532/ 730/ 8; 3873/5311 tok/s; 147354 sec;
[2023-08-26 03:46:22,026 INFO] Step 110800/200000; acc: 68.2; ppl:  21.0; xent: 3.0; lr: 0.00013; sents:    6936; bsz:  506/ 686/ 9; 3769/5111 tok/s; 147461 sec;
[2023-08-26 03:48:11,135 INFO] Step 110900/200000; acc: 68.4; ppl:  20.7; xent: 3.0; lr: 0.00013; sents:    6848; bsz:  510/ 698/ 9; 3739/5117 tok/s; 147570 sec;
[2023-08-26 03:49:59,704 INFO] Step 111000/200000; acc: 68.3; ppl:  20.9; xent: 3.0; lr: 0.00013; sents:    6744; bsz:  509/ 695/ 8; 3749/5125 tok/s; 147679 sec;
[2023-08-26 03:51:31,448 INFO] valid stats calculation
                           took: 91.73996090888977 s.
[2023-08-26 03:51:31,457 INFO] Train perplexity: 21.3003
[2023-08-26 03:51:31,457 INFO] Train accuracy: 67.8929
[2023-08-26 03:51:31,457 INFO] Sentences processed: 3.723e+06
[2023-08-26 03:51:31,457 INFO] Average bsz:  511/ 698/ 8
[2023-08-26 03:51:31,457 INFO] Validation perplexity: 23.2055
[2023-08-26 03:51:31,457 INFO] Validation accuracy: 65.1713
[2023-08-26 03:51:31,554 INFO] Saving checkpoint /data2/cmdir/home/nhanvt/data_NLLB/nllb_opennmt/training/vi-th/nllb-200-3.3B.onmt_step_111000.pt
[2023-08-26 03:53:49,830 INFO] Step 111100/200000; acc: 68.7; ppl:  20.4; xent: 3.0; lr: 0.00013; sents:    6712; bsz:  509/ 694/ 8; 1770/2413 tok/s; 147909 sec;
[2023-08-26 03:55:36,215 INFO] Step 111200/200000; acc: 68.4; ppl:  20.7; xent: 3.0; lr: 0.00013; sents:    6712; bsz:  494/ 669/ 8; 3717/5030 tok/s; 148015 sec;
[2023-08-26 03:57:23,200 INFO] Step 111300/200000; acc: 68.5; ppl:  20.6; xent: 3.0; lr: 0.00013; sents:    6632; bsz:  508/ 694/ 8; 3798/5193 tok/s; 148122 sec;
[2023-08-26 03:59:11,554 INFO] Step 111400/200000; acc: 68.5; ppl:  20.6; xent: 3.0; lr: 0.00013; sents:    6752; bsz:  526/ 718/ 8; 3881/5303 tok/s; 148231 sec;
[2023-08-26 04:00:59,555 INFO] Step 111500/200000; acc: 68.7; ppl:  20.5; xent: 3.0; lr: 0.00013; sents:    6616; bsz:  520/ 715/ 8; 3855/5297 tok/s; 148339 sec;
[2023-08-26 04:02:31,254 INFO] valid stats calculation
                           took: 91.69397258758545 s.
[2023-08-26 04:02:31,262 INFO] Train perplexity: 21.2971
[2023-08-26 04:02:31,262 INFO] Train accuracy: 67.8957
[2023-08-26 04:02:31,262 INFO] Sentences processed: 3.73971e+06
[2023-08-26 04:02:31,262 INFO] Average bsz:  511/ 698/ 8
[2023-08-26 04:02:31,262 INFO] Validation perplexity: 23.2063
[2023-08-26 04:02:31,262 INFO] Validation accuracy: 65.1696
[2023-08-26 04:02:31,356 INFO] Saving checkpoint /data2/cmdir/home/nhanvt/data_NLLB/nllb_opennmt/training/vi-th/nllb-200-3.3B.onmt_step_111500.pt
[2023-08-26 04:04:49,904 INFO] Step 111600/200000; acc: 68.8; ppl:  20.4; xent: 3.0; lr: 0.00013; sents:    6776; bsz:  534/ 734/ 8; 1856/2548 tok/s; 148569 sec;
[2023-08-26 04:06:38,404 INFO] Step 111700/200000; acc: 68.7; ppl:  20.4; xent: 3.0; lr: 0.00013; sents:    6552; bsz:  516/ 705/ 8; 3801/5199 tok/s; 148677 sec;
[2023-08-26 04:08:26,173 INFO] Step 111800/200000; acc: 68.4; ppl:  20.8; xent: 3.0; lr: 0.00013; sents:    6704; bsz:  509/ 693/ 8; 3780/5142 tok/s; 148785 sec;
[2023-08-26 04:10:15,281 INFO] Step 111900/200000; acc: 68.8; ppl:  20.4; xent: 3.0; lr: 0.00013; sents:    6624; bsz:  526/ 721/ 8; 3857/5288 tok/s; 148894 sec;
[2023-08-26 04:12:04,602 INFO] Step 112000/200000; acc: 68.6; ppl:  20.5; xent: 3.0; lr: 0.00013; sents:    6600; bsz:  520/ 714/ 8; 3804/5225 tok/s; 149004 sec;
[2023-08-26 04:13:36,238 INFO] valid stats calculation
                           took: 91.63143587112427 s.
[2023-08-26 04:13:36,246 INFO] Train perplexity: 21.2932
[2023-08-26 04:13:36,246 INFO] Train accuracy: 67.8994
[2023-08-26 04:13:36,246 INFO] Sentences processed: 3.75635e+06
[2023-08-26 04:13:36,246 INFO] Average bsz:  511/ 698/ 8
[2023-08-26 04:13:36,246 INFO] Validation perplexity: 23.2073
[2023-08-26 04:13:36,246 INFO] Validation accuracy: 65.1694
[2023-08-26 04:13:36,340 INFO] Saving checkpoint /data2/cmdir/home/nhanvt/data_NLLB/nllb_opennmt/training/vi-th/nllb-200-3.3B.onmt_step_112000.pt
[2023-08-26 04:15:51,590 INFO] Step 112100/200000; acc: 69.0; ppl:  20.2; xent: 3.0; lr: 0.00013; sents:    6624; bsz:  525/ 721/ 8; 1851/2543 tok/s; 149231 sec;
[2023-08-26 04:17:41,662 INFO] Step 112200/200000; acc: 68.6; ppl:  20.5; xent: 3.0; lr: 0.00013; sents:    6648; bsz:  534/ 735/ 8; 3880/5339 tok/s; 149341 sec;
[2023-08-26 04:19:29,863 INFO] Step 112300/200000; acc: 68.4; ppl:  20.7; xent: 3.0; lr: 0.00013; sents:    6688; bsz:  503/ 689/ 8; 3722/5093 tok/s; 149449 sec;
[2023-08-26 04:21:16,478 INFO] Step 112400/200000; acc: 68.1; ppl:  21.0; xent: 3.0; lr: 0.00013; sents:    6608; bsz:  490/ 665/ 8; 3677/4988 tok/s; 149556 sec;
[2023-08-26 04:23:04,941 INFO] Step 112500/200000; acc: 68.6; ppl:  20.5; xent: 3.0; lr: 0.00013; sents:    6688; bsz:  511/ 695/ 8; 3768/5128 tok/s; 149664 sec;
[2023-08-26 04:24:36,430 INFO] valid stats calculation
                           took: 91.48465394973755 s.
[2023-08-26 04:24:36,437 INFO] Train perplexity: 21.2906
[2023-08-26 04:24:36,437 INFO] Train accuracy: 67.9016
[2023-08-26 04:24:36,437 INFO] Sentences processed: 3.77297e+06
[2023-08-26 04:24:36,437 INFO] Average bsz:  511/ 698/ 8
[2023-08-26 04:24:36,437 INFO] Validation perplexity: 23.2075
[2023-08-26 04:24:36,438 INFO] Validation accuracy: 65.1715
[2023-08-26 04:24:36,532 INFO] Saving checkpoint /data2/cmdir/home/nhanvt/data_NLLB/nllb_opennmt/training/vi-th/nllb-200-3.3B.onmt_step_112500.pt
[2023-08-26 04:26:51,620 INFO] Step 112600/200000; acc: 68.6; ppl:  20.5; xent: 3.0; lr: 0.00013; sents:    6760; bsz:  513/ 702/ 8; 1809/2477 tok/s; 149891 sec;
[2023-08-26 04:28:40,579 INFO] Step 112700/200000; acc: 68.5; ppl:  20.7; xent: 3.0; lr: 0.00013; sents:    6792; bsz:  518/ 707/ 8; 3805/5192 tok/s; 150000 sec;
[2023-08-26 04:30:28,812 INFO] Step 112800/200000; acc: 68.5; ppl:  20.6; xent: 3.0; lr: 0.00013; sents:    6784; bsz:  511/ 695/ 8; 3776/5137 tok/s; 150108 sec;
[2023-08-26 04:32:17,171 INFO] Step 112900/200000; acc: 68.7; ppl:  20.4; xent: 3.0; lr: 0.00013; sents:    6624; bsz:  509/ 696/ 8; 3757/5137 tok/s; 150216 sec;
[2023-08-26 04:34:04,912 INFO] Step 113000/200000; acc: 68.5; ppl:  20.6; xent: 3.0; lr: 0.00013; sents:    6816; bsz:  504/ 686/ 9; 3746/5090 tok/s; 150324 sec;
[2023-08-26 04:35:36,902 INFO] valid stats calculation
                           took: 91.98574638366699 s.
[2023-08-26 04:35:36,910 INFO] Train perplexity: 21.2886
[2023-08-26 04:35:36,910 INFO] Train accuracy: 67.9036
[2023-08-26 04:35:36,910 INFO] Sentences processed: 3.78983e+06
[2023-08-26 04:35:36,910 INFO] Average bsz:  511/ 698/ 8
[2023-08-26 04:35:36,911 INFO] Validation perplexity: 23.2081
[2023-08-26 04:35:36,911 INFO] Validation accuracy: 65.1772
[2023-08-26 04:35:37,005 INFO] Saving checkpoint /data2/cmdir/home/nhanvt/data_NLLB/nllb_opennmt/training/vi-th/nllb-200-3.3B.onmt_step_113000.pt
[2023-08-26 04:37:56,726 INFO] Step 113100/200000; acc: 68.7; ppl:  20.5; xent: 3.0; lr: 0.00013; sents:    6744; bsz:  503/ 687/ 8; 1736/2372 tok/s; 150556 sec;
[2023-08-26 04:39:46,219 INFO] Step 113200/200000; acc: 68.4; ppl:  20.8; xent: 3.0; lr: 0.00013; sents:    6776; bsz:  511/ 698/ 8; 3732/5099 tok/s; 150665 sec;
[2023-08-26 04:41:35,210 INFO] Step 113300/200000; acc: 68.5; ppl:  20.7; xent: 3.0; lr: 0.00013; sents:    6760; bsz:  520/ 710/ 8; 3818/5212 tok/s; 150774 sec;
[2023-08-26 04:43:24,337 INFO] Step 113400/200000; acc: 68.6; ppl:  20.6; xent: 3.0; lr: 0.00013; sents:    6776; bsz:  526/ 717/ 8; 3858/5257 tok/s; 150883 sec;
[2023-08-26 04:45:13,743 INFO] Step 113500/200000; acc: 68.9; ppl:  20.3; xent: 3.0; lr: 0.00013; sents:    6720; bsz:  535/ 733/ 8; 3909/5357 tok/s; 150993 sec;
[2023-08-26 04:46:45,838 INFO] valid stats calculation
                           took: 92.09044337272644 s.
[2023-08-26 04:46:45,846 INFO] Train perplexity: 21.2858
[2023-08-26 04:46:45,846 INFO] Train accuracy: 67.9062
[2023-08-26 04:46:45,846 INFO] Sentences processed: 3.80673e+06
[2023-08-26 04:46:45,846 INFO] Average bsz:  511/ 698/ 8
[2023-08-26 04:46:45,846 INFO] Validation perplexity: 23.2069
[2023-08-26 04:46:45,846 INFO] Validation accuracy: 65.167
[2023-08-26 04:46:45,941 INFO] Saving checkpoint /data2/cmdir/home/nhanvt/data_NLLB/nllb_opennmt/training/vi-th/nllb-200-3.3B.onmt_step_113500.pt
[2023-08-26 04:49:02,551 INFO] Step 113600/200000; acc: 68.2; ppl:  21.0; xent: 3.0; lr: 0.00013; sents:    6640; bsz:  509/ 695/ 8; 1781/2430 tok/s; 151222 sec;
[2023-08-26 04:50:51,026 INFO] Step 113700/200000; acc: 68.6; ppl:  20.6; xent: 3.0; lr: 0.00013; sents:    6568; bsz:  519/ 709/ 8; 3831/5227 tok/s; 151330 sec;
[2023-08-26 04:52:39,407 INFO] Step 113800/200000; acc: 68.5; ppl:  20.7; xent: 3.0; lr: 0.00013; sents:    6832; bsz:  515/ 703/ 9; 3801/5190 tok/s; 151438 sec;
[2023-08-26 04:54:27,402 INFO] Step 113900/200000; acc: 68.4; ppl:  20.7; xent: 3.0; lr: 0.00013; sents:    6680; bsz:  504/ 686/ 8; 3737/5081 tok/s; 151546 sec;
[2023-08-26 04:56:16,545 INFO] Step 114000/200000; acc: 68.4; ppl:  20.7; xent: 3.0; lr: 0.00013; sents:    6624; bsz:  516/ 708/ 8; 3781/5188 tok/s; 151656 sec;
[2023-08-26 04:57:48,583 INFO] valid stats calculation
                           took: 92.03457903862 s.
[2023-08-26 04:57:48,590 INFO] Train perplexity: 21.2836
[2023-08-26 04:57:48,590 INFO] Train accuracy: 67.9082
[2023-08-26 04:57:48,590 INFO] Sentences processed: 3.82342e+06
[2023-08-26 04:57:48,590 INFO] Average bsz:  511/ 698/ 8
[2023-08-26 04:57:48,590 INFO] Validation perplexity: 23.2054
[2023-08-26 04:57:48,590 INFO] Validation accuracy: 65.1705
[2023-08-26 04:57:48,683 INFO] Saving checkpoint /data2/cmdir/home/nhanvt/data_NLLB/nllb_opennmt/training/vi-th/nllb-200-3.3B.onmt_step_114000.pt
[2023-08-26 05:00:05,406 INFO] Step 114100/200000; acc: 68.3; ppl:  20.9; xent: 3.0; lr: 0.00013; sents:    6792; bsz:  501/ 680/ 8; 1752/2377 tok/s; 151884 sec;
[2023-08-26 05:01:53,598 INFO] Step 114200/200000; acc: 68.4; ppl:  20.7; xent: 3.0; lr: 0.00013; sents:    6840; bsz:  506/ 691/ 9; 3742/5108 tok/s; 151993 sec;
[2023-08-26 05:03:42,354 INFO] Step 114300/200000; acc: 68.4; ppl:  20.7; xent: 3.0; lr: 0.00013; sents:    6768; bsz:  527/ 721/ 8; 3875/5306 tok/s; 152101 sec;
[2023-08-26 05:05:30,839 INFO] Step 114400/200000; acc: 68.7; ppl:  20.4; xent: 3.0; lr: 0.00013; sents:    6784; bsz:  513/ 702/ 8; 3780/5177 tok/s; 152210 sec;
[2023-08-26 05:07:19,159 INFO] Step 114500/200000; acc: 68.5; ppl:  20.6; xent: 3.0; lr: 0.00013; sents:    6624; bsz:  508/ 693/ 8; 3750/5116 tok/s; 152318 sec;
[2023-08-26 05:08:50,424 INFO] valid stats calculation
                           took: 91.26044511795044 s.
[2023-08-26 05:08:50,432 INFO] Train perplexity: 21.2811
[2023-08-26 05:08:50,432 INFO] Train accuracy: 67.9104
[2023-08-26 05:08:50,432 INFO] Sentences processed: 3.84032e+06
[2023-08-26 05:08:50,432 INFO] Average bsz:  511/ 698/ 8
[2023-08-26 05:08:50,432 INFO] Validation perplexity: 23.206
[2023-08-26 05:08:50,432 INFO] Validation accuracy: 65.1618
[2023-08-26 05:08:50,526 INFO] Saving checkpoint /data2/cmdir/home/nhanvt/data_NLLB/nllb_opennmt/training/vi-th/nllb-200-3.3B.onmt_step_114500.pt
[2023-08-26 05:11:05,590 INFO] Step 114600/200000; acc: 68.5; ppl:  20.6; xent: 3.0; lr: 0.00013; sents:    6792; bsz:  497/ 678/ 8; 1756/2396 tok/s; 152545 sec;
[2023-08-26 05:12:53,711 INFO] Step 114700/200000; acc: 68.5; ppl:  20.6; xent: 3.0; lr: 0.00013; sents:    6712; bsz:  527/ 722/ 8; 3899/5342 tok/s; 152653 sec;
[2023-08-26 05:14:40,892 INFO] Step 114800/200000; acc: 68.5; ppl:  20.6; xent: 3.0; lr: 0.00013; sents:    6816; bsz:  502/ 682/ 9; 3749/5094 tok/s; 152760 sec;
[2023-08-26 05:16:28,416 INFO] Step 114900/200000; acc: 68.7; ppl:  20.4; xent: 3.0; lr: 0.00013; sents:    6716; bsz:  520/ 711/ 8; 3871/5293 tok/s; 152867 sec;
[2023-08-26 05:18:16,770 INFO] Step 115000/200000; acc: 68.7; ppl:  20.5; xent: 3.0; lr: 0.00013; sents:    6600; bsz:  522/ 716/ 8; 3854/5289 tok/s; 152976 sec;
[2023-08-26 05:19:48,212 INFO] valid stats calculation
                           took: 91.43777847290039 s.
[2023-08-26 05:19:48,219 INFO] Train perplexity: 21.2788
[2023-08-26 05:19:48,219 INFO] Train accuracy: 67.9126
[2023-08-26 05:19:48,220 INFO] Sentences processed: 3.85717e+06
[2023-08-26 05:19:48,220 INFO] Average bsz:  511/ 698/ 8
[2023-08-26 05:19:48,220 INFO] Validation perplexity: 23.2063
[2023-08-26 05:19:48,220 INFO] Validation accuracy: 65.1678
[2023-08-26 05:19:48,319 INFO] Saving checkpoint /data2/cmdir/home/nhanvt/data_NLLB/nllb_opennmt/training/vi-th/nllb-200-3.3B.onmt_step_115000.pt
[2023-08-26 05:22:05,455 INFO] Step 115100/200000; acc: 68.2; ppl:  20.9; xent: 3.0; lr: 0.00013; sents:    6624; bsz:  510/ 695/ 8; 1783/2432 tok/s; 153204 sec;
[2023-08-26 05:23:54,355 INFO] Step 115200/200000; acc: 68.9; ppl:  20.2; xent: 3.0; lr: 0.00013; sents:    6720; bsz:  535/ 735/ 8; 3930/5401 tok/s; 153313 sec;
[2023-08-26 05:25:42,081 INFO] Step 115300/200000; acc: 68.6; ppl:  20.5; xent: 3.0; lr: 0.00013; sents:    6656; bsz:  513/ 701/ 8; 3806/5205 tok/s; 153421 sec;
[2023-08-26 05:27:28,753 INFO] Step 115400/200000; acc: 68.5; ppl:  20.6; xent: 3.0; lr: 0.00013; sents:    6680; bsz:  491/ 667/ 8; 3679/4999 tok/s; 153528 sec;
[2023-08-26 05:29:16,744 INFO] Step 115500/200000; acc: 68.2; ppl:  21.0; xent: 3.0; lr: 0.00013; sents:    6904; bsz:  507/ 692/ 9; 3754/5129 tok/s; 153636 sec;
[2023-08-26 05:30:48,102 INFO] valid stats calculation
                           took: 91.35356760025024 s.
[2023-08-26 05:30:48,110 INFO] Train perplexity: 21.2758
[2023-08-26 05:30:48,110 INFO] Train accuracy: 67.9152
[2023-08-26 05:30:48,110 INFO] Sentences processed: 3.87396e+06
[2023-08-26 05:30:48,111 INFO] Average bsz:  511/ 698/ 8
[2023-08-26 05:30:48,111 INFO] Validation perplexity: 23.2099
[2023-08-26 05:30:48,111 INFO] Validation accuracy: 65.1737
[2023-08-26 05:30:48,204 INFO] Saving checkpoint /data2/cmdir/home/nhanvt/data_NLLB/nllb_opennmt/training/vi-th/nllb-200-3.3B.onmt_step_115500.pt
[2023-08-26 05:33:03,065 INFO] Step 115600/200000; acc: 68.3; ppl:  20.8; xent: 3.0; lr: 0.00013; sents:    6824; bsz:  489/ 664/ 9; 1729/2349 tok/s; 153862 sec;
[2023-08-26 05:34:49,770 INFO] Step 115700/200000; acc: 68.6; ppl:  20.5; xent: 3.0; lr: 0.00013; sents:    6688; bsz:  490/ 664/ 8; 3673/4977 tok/s; 153969 sec;
[2023-08-26 05:36:38,225 INFO] Step 115800/200000; acc: 68.3; ppl:  20.8; xent: 3.0; lr: 0.00013; sents:    6688; bsz:  518/ 703/ 8; 3818/5185 tok/s; 154077 sec;
[2023-08-26 05:38:25,493 INFO] Step 115900/200000; acc: 68.4; ppl:  20.7; xent: 3.0; lr: 0.00013; sents:    6704; bsz:  510/ 694/ 8; 3803/5174 tok/s; 154185 sec;
[2023-08-26 05:40:12,529 INFO] Step 116000/200000; acc: 68.4; ppl:  20.7; xent: 3.0; lr: 0.00013; sents:    6904; bsz:  499/ 676/ 9; 3733/5051 tok/s; 154292 sec;
[2023-08-26 05:41:43,980 INFO] valid stats calculation
                           took: 91.44659042358398 s.
[2023-08-26 05:41:43,988 INFO] Train perplexity: 21.2745
[2023-08-26 05:41:43,988 INFO] Train accuracy: 67.9162
[2023-08-26 05:41:43,988 INFO] Sentences processed: 3.89087e+06
[2023-08-26 05:41:43,988 INFO] Average bsz:  511/ 698/ 8
[2023-08-26 05:41:43,988 INFO] Validation perplexity: 23.2114
[2023-08-26 05:41:43,988 INFO] Validation accuracy: 65.1709
[2023-08-26 05:41:44,085 INFO] Saving checkpoint /data2/cmdir/home/nhanvt/data_NLLB/nllb_opennmt/training/vi-th/nllb-200-3.3B.onmt_step_116000.pt
[2023-08-26 05:43:59,712 INFO] Step 116100/200000; acc: 68.5; ppl:  20.7; xent: 3.0; lr: 0.00013; sents:    6784; bsz:  497/ 677/ 8; 1750/2385 tok/s; 154519 sec;
[2023-08-26 05:45:46,191 INFO] Step 116200/200000; acc: 68.1; ppl:  21.1; xent: 3.0; lr: 0.00013; sents:    6816; bsz:  499/ 677/ 9; 3751/5083 tok/s; 154625 sec;
[2023-08-26 05:47:34,387 INFO] Step 116300/200000; acc: 68.9; ppl:  20.3; xent: 3.0; lr: 0.00013; sents:    6672; bsz:  524/ 717/ 8; 3876/5302 tok/s; 154733 sec;
[2023-08-26 05:49:22,880 INFO] Step 116400/200000; acc: 68.7; ppl:  20.3; xent: 3.0; lr: 0.00013; sents:    6728; bsz:  513/ 700/ 8; 3780/5161 tok/s; 154842 sec;
[2023-08-26 05:51:10,048 INFO] Step 116500/200000; acc: 68.7; ppl:  20.4; xent: 3.0; lr: 0.00013; sents:    6664; bsz:  494/ 669/ 8; 3688/4997 tok/s; 154949 sec;
[2023-08-26 05:52:42,013 INFO] valid stats calculation
                           took: 91.96053004264832 s.
[2023-08-26 05:52:42,020 INFO] Train perplexity: 21.2718
[2023-08-26 05:52:42,021 INFO] Train accuracy: 67.9186
[2023-08-26 05:52:42,021 INFO] Sentences processed: 3.90772e+06
[2023-08-26 05:52:42,021 INFO] Average bsz:  511/ 698/ 8
[2023-08-26 05:52:42,021 INFO] Validation perplexity: 23.2079
[2023-08-26 05:52:42,021 INFO] Validation accuracy: 65.1682
[2023-08-26 05:52:42,116 INFO] Saving checkpoint /data2/cmdir/home/nhanvt/data_NLLB/nllb_opennmt/training/vi-th/nllb-200-3.3B.onmt_step_116500.pt
[2023-08-26 05:54:58,202 INFO] Step 116600/200000; acc: 68.3; ppl:  20.7; xent: 3.0; lr: 0.00013; sents:    6688; bsz:  526/ 720/ 8; 1846/2523 tok/s; 155177 sec;
[2023-08-26 05:56:46,457 INFO] Step 116700/200000; acc: 68.5; ppl:  20.6; xent: 3.0; lr: 0.00013; sents:    6704; bsz:  509/ 693/ 8; 3761/5125 tok/s; 155285 sec;
[2023-08-26 05:58:35,239 INFO] Step 116800/200000; acc: 68.5; ppl:  20.8; xent: 3.0; lr: 0.00013; sents:    6712; bsz:  517/ 709/ 8; 3803/5214 tok/s; 155394 sec;
[2023-08-26 06:00:24,243 INFO] Step 116900/200000; acc: 68.8; ppl:  20.3; xent: 3.0; lr: 0.00013; sents:    6624; bsz:  520/ 713/ 8; 3816/5234 tok/s; 155503 sec;
[2023-08-26 06:02:11,655 INFO] Step 117000/200000; acc: 68.3; ppl:  20.8; xent: 3.0; lr: 0.00013; sents:    6832; bsz:  495/ 672/ 9; 3686/5005 tok/s; 155611 sec;
[2023-08-26 06:03:43,233 INFO] valid stats calculation
                           took: 91.57406377792358 s.
[2023-08-26 06:03:43,241 INFO] Train perplexity: 21.2695
[2023-08-26 06:03:43,242 INFO] Train accuracy: 67.9207
[2023-08-26 06:03:43,242 INFO] Sentences processed: 3.9245e+06
[2023-08-26 06:03:43,242 INFO] Average bsz:  511/ 698/ 8
[2023-08-26 06:03:43,242 INFO] Validation perplexity: 23.2085
[2023-08-26 06:03:43,242 INFO] Validation accuracy: 65.1737
[2023-08-26 06:03:43,337 INFO] Saving checkpoint /data2/cmdir/home/nhanvt/data_NLLB/nllb_opennmt/training/vi-th/nllb-200-3.3B.onmt_step_117000.pt
[2023-08-26 06:05:59,835 INFO] Step 117100/200000; acc: 68.5; ppl:  20.7; xent: 3.0; lr: 0.00013; sents:    6704; bsz:  507/ 691/ 8; 1777/2423 tok/s; 155839 sec;
[2023-08-26 06:07:46,873 INFO] Step 117200/200000; acc: 68.7; ppl:  20.5; xent: 3.0; lr: 0.00013; sents:    6800; bsz:  508/ 693/ 8; 3798/5182 tok/s; 155946 sec;
[2023-08-26 06:09:34,461 INFO] Step 117300/200000; acc: 68.5; ppl:  20.7; xent: 3.0; lr: 0.00013; sents:    6672; bsz:  509/ 694/ 8; 3788/5159 tok/s; 156054 sec;
[2023-08-26 06:11:21,440 INFO] Step 117400/200000; acc: 68.8; ppl:  20.3; xent: 3.0; lr: 0.00013; sents:    6608; bsz:  512/ 700/ 8; 3827/5233 tok/s; 156160 sec;
[2023-08-26 06:13:09,083 INFO] Step 117500/200000; acc: 68.6; ppl:  20.7; xent: 3.0; lr: 0.00013; sents:    6720; bsz:  511/ 697/ 8; 3799/5176 tok/s; 156268 sec;
[2023-08-26 06:14:40,137 INFO] valid stats calculation
                           took: 91.04910898208618 s.
[2023-08-26 06:14:40,145 INFO] Train perplexity: 21.2663
[2023-08-26 06:14:40,145 INFO] Train accuracy: 67.9238
[2023-08-26 06:14:40,145 INFO] Sentences processed: 3.9412e+06
[2023-08-26 06:14:40,146 INFO] Average bsz:  511/ 698/ 8
[2023-08-26 06:14:40,146 INFO] Validation perplexity: 23.211
[2023-08-26 06:14:40,146 INFO] Validation accuracy: 65.1752
[2023-08-26 06:14:40,238 INFO] Saving checkpoint /data2/cmdir/home/nhanvt/data_NLLB/nllb_opennmt/training/vi-th/nllb-200-3.3B.onmt_step_117500.pt
[2023-08-26 06:16:56,520 INFO] Step 117600/200000; acc: 68.8; ppl:  20.2; xent: 3.0; lr: 0.00013; sents:    6616; bsz:  514/ 702/ 8; 1809/2468 tok/s; 156496 sec;
[2023-08-26 06:18:44,015 INFO] Step 117700/200000; acc: 68.8; ppl:  20.3; xent: 3.0; lr: 0.00013; sents:    6600; bsz:  512/ 700/ 8; 3811/5212 tok/s; 156603 sec;
[2023-08-26 06:20:32,555 INFO] Step 117800/200000; acc: 68.7; ppl:  20.4; xent: 3.0; lr: 0.00013; sents:    6712; bsz:  527/ 724/ 8; 3882/5338 tok/s; 156712 sec;
[2023-08-26 06:22:19,163 INFO] Step 117900/200000; acc: 68.4; ppl:  20.7; xent: 3.0; lr: 0.00013; sents:    6832; bsz:  498/ 677/ 9; 3737/5077 tok/s; 156818 sec;
[2023-08-26 06:24:07,130 INFO] Step 118000/200000; acc: 68.8; ppl:  20.3; xent: 3.0; lr: 0.00013; sents:    6776; bsz:  513/ 701/ 8; 3804/5197 tok/s; 156926 sec;
[2023-08-26 06:25:38,034 INFO] valid stats calculation
                           took: 90.89931011199951 s.
[2023-08-26 06:25:38,041 INFO] Train perplexity: 21.2628
[2023-08-26 06:25:38,041 INFO] Train accuracy: 67.9268
[2023-08-26 06:25:38,041 INFO] Sentences processed: 3.95801e+06
[2023-08-26 06:25:38,041 INFO] Average bsz:  511/ 698/ 8
[2023-08-26 06:25:38,042 INFO] Validation perplexity: 23.2115
[2023-08-26 06:25:38,042 INFO] Validation accuracy: 65.1754
[2023-08-26 06:25:38,133 INFO] Saving checkpoint /data2/cmdir/home/nhanvt/data_NLLB/nllb_opennmt/training/vi-th/nllb-200-3.3B.onmt_step_118000.pt
[2023-08-26 06:27:53,972 INFO] Step 118100/200000; acc: 68.3; ppl:  20.9; xent: 3.0; lr: 0.00013; sents:    6704; bsz:  511/ 696/ 8; 1803/2456 tok/s; 157153 sec;
[2023-08-26 06:29:41,642 INFO] Step 118200/200000; acc: 68.4; ppl:  20.8; xent: 3.0; lr: 0.00013; sents:    6680; bsz:  510/ 697/ 8; 3792/5181 tok/s; 157261 sec;
[2023-08-26 06:31:30,030 INFO] Step 118300/200000; acc: 68.4; ppl:  20.7; xent: 3.0; lr: 0.00013; sents:    6696; bsz:  514/ 704/ 8; 3794/5195 tok/s; 157369 sec;
[2023-08-26 06:34:10,946 INFO] Step 118400/200000; acc: 68.5; ppl:  20.7; xent: 3.0; lr: 0.00013; sents:    6720; bsz:  506/ 693/ 8; 2516/3443 tok/s; 157530 sec;
[2023-08-26 06:36:07,206 INFO] Step 118500/200000; acc: 68.4; ppl:  20.7; xent: 3.0; lr: 0.00013; sents:    6600; bsz:  515/ 702/ 8; 3543/4833 tok/s; 157646 sec;
[2023-08-26 06:37:38,256 INFO] valid stats calculation
                           took: 91.04571914672852 s.
[2023-08-26 06:37:38,264 INFO] Train perplexity: 21.2606
[2023-08-26 06:37:38,264 INFO] Train accuracy: 67.9288
[2023-08-26 06:37:38,264 INFO] Sentences processed: 3.97472e+06
[2023-08-26 06:37:38,264 INFO] Average bsz:  511/ 698/ 8
[2023-08-26 06:37:38,264 INFO] Validation perplexity: 23.2107
[2023-08-26 06:37:38,264 INFO] Validation accuracy: 65.1694
[2023-08-26 06:37:38,361 INFO] Saving checkpoint /data2/cmdir/home/nhanvt/data_NLLB/nllb_opennmt/training/vi-th/nllb-200-3.3B.onmt_step_118500.pt
[2023-08-26 06:39:54,543 INFO] Step 118600/200000; acc: 68.4; ppl:  20.9; xent: 3.0; lr: 0.00013; sents:    6680; bsz:  509/ 696/ 8; 1792/2449 tok/s; 157874 sec;
[2023-08-26 06:41:42,303 INFO] Step 118700/200000; acc: 68.2; ppl:  21.0; xent: 3.0; lr: 0.00013; sents:    6464; bsz:  500/ 686/ 8; 3715/5095 tok/s; 157981 sec;
[2023-08-26 06:43:29,019 INFO] Step 118800/200000; acc: 68.4; ppl:  20.8; xent: 3.0; lr: 0.00013; sents:    6728; bsz:  496/ 674/ 8; 3716/5049 tok/s; 158088 sec;
[2023-08-26 06:45:17,319 INFO] Step 118900/200000; acc: 68.6; ppl:  20.5; xent: 3.0; lr: 0.00013; sents:    6592; bsz:  518/ 709/ 8; 3827/5237 tok/s; 158196 sec;
[2023-08-26 06:47:05,549 INFO] Step 119000/200000; acc: 68.3; ppl:  20.8; xent: 3.0; lr: 0.00013; sents:    6584; bsz:  517/ 708/ 8; 3820/5230 tok/s; 158305 sec;
[2023-08-26 06:48:37,054 INFO] valid stats calculation
                           took: 91.50078916549683 s.
[2023-08-26 06:48:37,062 INFO] Train perplexity: 21.2593
[2023-08-26 06:48:37,063 INFO] Train accuracy: 67.93
[2023-08-26 06:48:37,063 INFO] Sentences processed: 3.99124e+06
[2023-08-26 06:48:37,063 INFO] Average bsz:  511/ 698/ 8
[2023-08-26 06:48:37,063 INFO] Validation perplexity: 23.2112
[2023-08-26 06:48:37,063 INFO] Validation accuracy: 65.1614
[2023-08-26 06:48:37,250 INFO] Saving checkpoint /data2/cmdir/home/nhanvt/data_NLLB/nllb_opennmt/training/vi-th/nllb-200-3.3B.onmt_step_119000.pt
[2023-08-26 06:50:54,751 INFO] Step 119100/200000; acc: 68.7; ppl:  20.6; xent: 3.0; lr: 0.00013; sents:    6736; bsz:  494/ 670/ 8; 1725/2340 tok/s; 158534 sec;
[2023-08-26 06:52:42,856 INFO] Step 119200/200000; acc: 68.5; ppl:  20.8; xent: 3.0; lr: 0.00013; sents:    6664; bsz:  528/ 723/ 8; 3908/5349 tok/s; 158642 sec;
[2023-08-26 06:54:29,852 INFO] Step 119300/200000; acc: 68.2; ppl:  20.9; xent: 3.0; lr: 0.00013; sents:    6760; bsz:  508/ 691/ 8; 3802/5169 tok/s; 158749 sec;
[2023-08-26 06:56:17,014 INFO] Step 119400/200000; acc: 68.5; ppl:  20.7; xent: 3.0; lr: 0.00013; sents:    6832; bsz:  503/ 686/ 9; 3753/5120 tok/s; 158856 sec;
[2023-08-26 06:58:06,976 INFO] Step 119500/200000; acc: 69.0; ppl:  20.2; xent: 3.0; lr: 0.00013; sents:    6736; bsz:  538/ 743/ 8; 3915/5404 tok/s; 158966 sec;
[2023-08-26 06:59:38,958 INFO] valid stats calculation
                           took: 91.97810173034668 s.
[2023-08-26 06:59:38,966 INFO] Train perplexity: 21.257
[2023-08-26 06:59:38,966 INFO] Train accuracy: 67.9324
[2023-08-26 06:59:38,966 INFO] Sentences processed: 4.00807e+06
[2023-08-26 06:59:38,966 INFO] Average bsz:  511/ 698/ 8
[2023-08-26 06:59:38,966 INFO] Validation perplexity: 23.2124
[2023-08-26 06:59:38,966 INFO] Validation accuracy: 65.1682
[2023-08-26 06:59:39,060 INFO] Saving checkpoint /data2/cmdir/home/nhanvt/data_NLLB/nllb_opennmt/training/vi-th/nllb-200-3.3B.onmt_step_119500.pt
[2023-08-26 07:01:53,868 INFO] Step 119600/200000; acc: 68.1; ppl:  20.9; xent: 3.0; lr: 0.00013; sents:    6800; bsz:  498/ 675/ 8; 1756/2379 tok/s; 159193 sec;
[2023-08-26 07:03:41,335 INFO] Step 119700/200000; acc: 68.5; ppl:  20.7; xent: 3.0; lr: 0.00013; sents:    6624; bsz:  511/ 700/ 8; 3807/5209 tok/s; 159300 sec;
[2023-08-26 07:05:30,045 INFO] Step 119800/200000; acc: 68.6; ppl:  20.6; xent: 3.0; lr: 0.00013; sents:    6568; bsz:  528/ 726/ 8; 3883/5340 tok/s; 159409 sec;
[2023-08-26 07:07:17,612 INFO] Step 119900/200000; acc: 68.6; ppl:  20.6; xent: 3.0; lr: 0.00013; sents:    6728; bsz:  509/ 693/ 8; 3788/5157 tok/s; 159517 sec;
[2023-08-26 07:09:04,904 INFO] Step 120000/200000; acc: 68.3; ppl:  20.8; xent: 3.0; lr: 0.00013; sents:    6608; bsz:  503/ 686/ 8; 3747/5114 tok/s; 159624 sec;
[2023-08-26 07:10:36,348 INFO] valid stats calculation
                           took: 91.44032073020935 s.
[2023-08-26 07:10:36,355 INFO] Train perplexity: 21.255
[2023-08-26 07:10:36,355 INFO] Train accuracy: 67.9342
[2023-08-26 07:10:36,355 INFO] Sentences processed: 4.02477e+06
[2023-08-26 07:10:36,355 INFO] Average bsz:  511/ 698/ 8
[2023-08-26 07:10:36,355 INFO] Validation perplexity: 23.2144
[2023-08-26 07:10:36,355 INFO] Validation accuracy: 65.1676
[2023-08-26 07:10:36,450 INFO] Saving checkpoint /data2/cmdir/home/nhanvt/data_NLLB/nllb_opennmt/training/vi-th/nllb-200-3.3B.onmt_step_120000.pt
[2023-08-26 07:12:51,096 INFO] Step 120100/200000; acc: 68.5; ppl:  20.7; xent: 3.0; lr: 0.00013; sents:    6800; bsz:  516/ 703/ 8; 1825/2486 tok/s; 159850 sec;
[2023-08-26 07:14:38,269 INFO] Step 120200/200000; acc: 68.2; ppl:  20.9; xent: 3.0; lr: 0.00013; sents:    6776; bsz:  502/ 684/ 8; 3749/5109 tok/s; 159957 sec;
[2023-08-26 07:16:26,386 INFO] Step 120300/200000; acc: 68.6; ppl:  20.6; xent: 3.0; lr: 0.00013; sents:    6696; bsz:  519/ 711/ 8; 3839/5259 tok/s; 160065 sec;
[2023-08-26 07:18:12,432 INFO] Step 120400/200000; acc: 68.1; ppl:  21.1; xent: 3.0; lr: 0.00013; sents:    6712; bsz:  490/ 662/ 8; 3693/4997 tok/s; 160171 sec;
[2023-08-26 07:20:00,018 INFO] Step 120500/200000; acc: 68.5; ppl:  20.7; xent: 3.0; lr: 0.00013; sents:    6680; bsz:  517/ 703/ 8; 3842/5225 tok/s; 160279 sec;
[2023-08-26 07:21:30,454 INFO] valid stats calculation
                           took: 90.43107891082764 s.
[2023-08-26 07:21:30,462 INFO] Train perplexity: 21.2536
[2023-08-26 07:21:30,462 INFO] Train accuracy: 67.9356
[2023-08-26 07:21:30,462 INFO] Sentences processed: 4.04158e+06
[2023-08-26 07:21:30,462 INFO] Average bsz:  511/ 698/ 8
[2023-08-26 07:21:30,462 INFO] Validation perplexity: 23.2162
[2023-08-26 07:21:30,462 INFO] Validation accuracy: 65.1577
[2023-08-26 07:21:30,557 INFO] Saving checkpoint /data2/cmdir/home/nhanvt/data_NLLB/nllb_opennmt/training/vi-th/nllb-200-3.3B.onmt_step_120500.pt
[2023-08-26 07:23:48,336 INFO] Step 120600/200000; acc: 68.9; ppl:  20.2; xent: 3.0; lr: 0.00013; sents:    6744; bsz:  522/ 714/ 8; 1831/2503 tok/s; 160507 sec;
[2023-08-26 07:25:37,864 INFO] Step 120700/200000; acc: 68.8; ppl:  20.5; xent: 3.0; lr: 0.00013; sents:    6928; bsz:  530/ 728/ 9; 3868/5319 tok/s; 160617 sec;
[2023-08-26 07:27:26,765 INFO] Step 120800/200000; acc: 68.7; ppl:  20.5; xent: 3.0; lr: 0.00013; sents:    6864; bsz:  508/ 694/ 9; 3735/5098 tok/s; 160726 sec;
[2023-08-26 07:29:15,785 INFO] Step 120900/200000; acc: 68.8; ppl:  20.4; xent: 3.0; lr: 0.00013; sents:    6632; bsz:  516/ 706/ 8; 3785/5182 tok/s; 160835 sec;
[2023-08-26 07:31:04,178 INFO] Step 121000/200000; acc: 68.2; ppl:  20.9; xent: 3.0; lr: 0.00013; sents:    6656; bsz:  503/ 686/ 8; 3716/5060 tok/s; 160943 sec;
[2023-08-26 07:32:35,655 INFO] valid stats calculation
                           took: 91.47280955314636 s.
[2023-08-26 07:32:35,663 INFO] Train perplexity: 21.25
[2023-08-26 07:32:35,663 INFO] Train accuracy: 67.9389
[2023-08-26 07:32:35,663 INFO] Sentences processed: 4.05852e+06
[2023-08-26 07:32:35,663 INFO] Average bsz:  511/ 698/ 8
[2023-08-26 07:32:35,663 INFO] Validation perplexity: 23.2178
[2023-08-26 07:32:35,664 INFO] Validation accuracy: 65.1702
[2023-08-26 07:32:35,757 INFO] Saving checkpoint /data2/cmdir/home/nhanvt/data_NLLB/nllb_opennmt/training/vi-th/nllb-200-3.3B.onmt_step_121000.pt
[2023-08-26 07:34:50,695 INFO] Step 121100/200000; acc: 68.5; ppl:  20.5; xent: 3.0; lr: 0.00013; sents:    6632; bsz:  517/ 704/ 8; 1825/2488 tok/s; 161170 sec;
[2023-08-26 07:36:38,971 INFO] Step 121200/200000; acc: 68.4; ppl:  20.9; xent: 3.0; lr: 0.00013; sents:    6688; bsz:  509/ 696/ 8; 3758/5142 tok/s; 161278 sec;
[2023-08-26 07:38:27,714 INFO] Step 121300/200000; acc: 68.7; ppl:  20.4; xent: 3.0; lr: 0.00013; sents:    6696; bsz:  520/ 710/ 8; 3823/5222 tok/s; 161387 sec;
[2023-08-26 07:40:16,120 INFO] Step 121400/200000; acc: 68.5; ppl:  20.7; xent: 3.0; lr: 0.00013; sents:    6744; bsz:  503/ 685/ 8; 3714/5058 tok/s; 161495 sec;
[2023-08-26 07:42:04,198 INFO] Step 121500/200000; acc: 68.6; ppl:  20.5; xent: 3.0; lr: 0.00013; sents:    6680; bsz:  507/ 693/ 8; 3756/5129 tok/s; 161603 sec;
[2023-08-26 07:43:35,774 INFO] valid stats calculation
                           took: 91.57131266593933 s.
[2023-08-26 07:43:35,783 INFO] Train perplexity: 21.2478
[2023-08-26 07:43:35,783 INFO] Train accuracy: 67.9408
[2023-08-26 07:43:35,783 INFO] Sentences processed: 4.07527e+06
[2023-08-26 07:43:35,783 INFO] Average bsz:  511/ 698/ 8
[2023-08-26 07:43:35,783 INFO] Validation perplexity: 23.2173
[2023-08-26 07:43:35,783 INFO] Validation accuracy: 65.1635
[2023-08-26 07:43:35,877 INFO] Saving checkpoint /data2/cmdir/home/nhanvt/data_NLLB/nllb_opennmt/training/vi-th/nllb-200-3.3B.onmt_step_121500.pt
[2023-08-26 07:45:54,486 INFO] Step 121600/200000; acc: 68.4; ppl:  20.7; xent: 3.0; lr: 0.00013; sents:    6656; bsz:  498/ 676/ 8; 1729/2349 tok/s; 161834 sec;
[2023-08-26 07:47:43,726 INFO] Step 121700/200000; acc: 68.4; ppl:  20.7; xent: 3.0; lr: 0.00013; sents:    6752; bsz:  513/ 705/ 8; 3759/5162 tok/s; 161943 sec;
[2023-08-26 07:49:33,150 INFO] Step 121800/200000; acc: 68.5; ppl:  20.7; xent: 3.0; lr: 0.00013; sents:    6728; bsz:  529/ 727/ 8; 3867/5313 tok/s; 162052 sec;
[2023-08-26 07:51:21,676 INFO] Step 121900/200000; acc: 68.5; ppl:  20.6; xent: 3.0; lr: 0.00013; sents:    6608; bsz:  518/ 708/ 8; 3821/5218 tok/s; 162161 sec;
[2023-08-26 07:53:08,948 INFO] Step 122000/200000; acc: 68.0; ppl:  21.1; xent: 3.1; lr: 0.00013; sents:    6720; bsz:  503/ 682/ 8; 3751/5088 tok/s; 162268 sec;
[2023-08-26 07:54:40,529 INFO] valid stats calculation
                           took: 91.57637143135071 s.
[2023-08-26 07:54:40,537 INFO] Train perplexity: 21.2465
[2023-08-26 07:54:40,537 INFO] Train accuracy: 67.9419
[2023-08-26 07:54:40,537 INFO] Sentences processed: 4.09198e+06
[2023-08-26 07:54:40,537 INFO] Average bsz:  511/ 698/ 8
[2023-08-26 07:54:40,537 INFO] Validation perplexity: 23.2154
[2023-08-26 07:54:40,537 INFO] Validation accuracy: 65.1665
[2023-08-26 07:54:40,630 INFO] Saving checkpoint /data2/cmdir/home/nhanvt/data_NLLB/nllb_opennmt/training/vi-th/nllb-200-3.3B.onmt_step_122000.pt
[2023-08-26 07:56:56,959 INFO] Step 122100/200000; acc: 68.5; ppl:  20.7; xent: 3.0; lr: 0.00013; sents:    6752; bsz:  497/ 678/ 8; 1745/2377 tok/s; 162496 sec;
[2023-08-26 07:58:43,315 INFO] Step 122200/200000; acc: 68.8; ppl:  20.3; xent: 3.0; lr: 0.00013; sents:    6712; bsz:  502/ 681/ 8; 3774/5121 tok/s; 162602 sec;
[2023-08-26 08:00:30,464 INFO] Step 122300/200000; acc: 68.4; ppl:  20.7; xent: 3.0; lr: 0.00013; sents:    6808; bsz:  501/ 683/ 9; 3740/5103 tok/s; 162710 sec;
[2023-08-26 08:02:16,994 INFO] Step 122400/200000; acc: 68.4; ppl:  20.8; xent: 3.0; lr: 0.00013; sents:    6784; bsz:  501/ 678/ 8; 3761/5091 tok/s; 162816 sec;
[2023-08-26 08:04:03,918 INFO] Step 122500/200000; acc: 68.6; ppl:  20.6; xent: 3.0; lr: 0.00013; sents:    6560; bsz:  501/ 682/ 8; 3751/5100 tok/s; 162923 sec;
[2023-08-26 08:05:36,110 INFO] valid stats calculation
                           took: 92.1880419254303 s.
[2023-08-26 08:05:36,118 INFO] Train perplexity: 21.2444
[2023-08-26 08:05:36,118 INFO] Train accuracy: 67.9437
[2023-08-26 08:05:36,118 INFO] Sentences processed: 4.10879e+06
[2023-08-26 08:05:36,118 INFO] Average bsz:  511/ 698/ 8
[2023-08-26 08:05:36,118 INFO] Validation perplexity: 23.2151
[2023-08-26 08:05:36,118 INFO] Validation accuracy: 65.1633
[2023-08-26 08:05:36,215 INFO] Saving checkpoint /data2/cmdir/home/nhanvt/data_NLLB/nllb_opennmt/training/vi-th/nllb-200-3.3B.onmt_step_122500.pt
[2023-08-26 08:07:56,135 INFO] Step 122600/200000; acc: 68.7; ppl:  20.4; xent: 3.0; lr: 0.00013; sents:    6728; bsz:  527/ 723/ 8; 1814/2489 tok/s; 163155 sec;
[2023-08-26 08:09:44,523 INFO] Step 122700/200000; acc: 68.7; ppl:  20.5; xent: 3.0; lr: 0.00013; sents:    6648; bsz:  516/ 709/ 8; 3809/5232 tok/s; 163264 sec;
[2023-08-26 08:11:31,865 INFO] Step 122800/200000; acc: 68.1; ppl:  21.0; xent: 3.0; lr: 0.00013; sents:    6624; bsz:  500/ 680/ 8; 3725/5070 tok/s; 163371 sec;
[2023-08-26 08:13:19,495 INFO] Step 122900/200000; acc: 68.5; ppl:  20.7; xent: 3.0; lr: 0.00013; sents:    6664; bsz:  504/ 685/ 8; 3744/5092 tok/s; 163479 sec;
[2023-08-26 08:15:07,287 INFO] Step 123000/200000; acc: 68.4; ppl:  20.8; xent: 3.0; lr: 0.00013; sents:    6888; bsz:  504/ 688/ 9; 3742/5106 tok/s; 163586 sec;
[2023-08-26 08:16:39,218 INFO] valid stats calculation
                           took: 91.92635583877563 s.
[2023-08-26 08:16:39,227 INFO] Train perplexity: 21.2424
[2023-08-26 08:16:39,227 INFO] Train accuracy: 67.9455
[2023-08-26 08:16:39,227 INFO] Sentences processed: 4.12554e+06
[2023-08-26 08:16:39,227 INFO] Average bsz:  511/ 698/ 8
[2023-08-26 08:16:39,228 INFO] Validation perplexity: 23.2162
[2023-08-26 08:16:39,228 INFO] Validation accuracy: 65.1626
[2023-08-26 08:16:39,322 INFO] Saving checkpoint /data2/cmdir/home/nhanvt/data_NLLB/nllb_opennmt/training/vi-th/nllb-200-3.3B.onmt_step_123000.pt
[2023-08-26 08:18:59,151 INFO] Step 123100/200000; acc: 68.9; ppl:  20.3; xent: 3.0; lr: 0.00013; sents:    6648; bsz:  530/ 728/ 8; 1827/2513 tok/s; 163818 sec;
[2023-08-26 08:20:47,743 INFO] Step 123200/200000; acc: 68.7; ppl:  20.5; xent: 3.0; lr: 0.00013; sents:    6600; bsz:  508/ 696/ 8; 3740/5124 tok/s; 163927 sec;
[2023-08-26 08:22:36,981 INFO] Step 123300/200000; acc: 68.7; ppl:  20.5; xent: 3.0; lr: 0.00013; sents:    6656; bsz:  522/ 712/ 8; 3825/5216 tok/s; 164036 sec;
[2023-08-26 08:24:26,014 INFO] Step 123400/200000; acc: 68.7; ppl:  20.4; xent: 3.0; lr: 0.00013; sents:    6624; bsz:  518/ 708/ 8; 3803/5198 tok/s; 164145 sec;
[2023-08-26 08:26:15,041 INFO] Step 123500/200000; acc: 68.5; ppl:  20.7; xent: 3.0; lr: 0.00013; sents:    6776; bsz:  522/ 713/ 8; 3831/5230 tok/s; 164254 sec;
[2023-08-26 08:27:46,639 INFO] valid stats calculation
                           took: 91.59395956993103 s.
[2023-08-26 08:27:46,647 INFO] Train perplexity: 21.2395
[2023-08-26 08:27:46,647 INFO] Train accuracy: 67.9483
[2023-08-26 08:27:46,647 INFO] Sentences processed: 4.14223e+06
[2023-08-26 08:27:46,647 INFO] Average bsz:  511/ 698/ 8
[2023-08-26 08:27:46,647 INFO] Validation perplexity: 23.2192
[2023-08-26 08:27:46,647 INFO] Validation accuracy: 65.1754
[2023-08-26 08:27:46,741 INFO] Saving checkpoint /data2/cmdir/home/nhanvt/data_NLLB/nllb_opennmt/training/vi-th/nllb-200-3.3B.onmt_step_123500.pt
[2023-08-26 08:30:04,571 INFO] Step 123600/200000; acc: 68.5; ppl:  20.7; xent: 3.0; lr: 0.00013; sents:    6600; bsz:  520/ 713/ 8; 1811/2484 tok/s; 164484 sec;
[2023-08-26 08:31:52,180 INFO] Step 123700/200000; acc: 68.6; ppl:  20.6; xent: 3.0; lr: 0.00013; sents:    6680; bsz:  507/ 696/ 8; 3772/5178 tok/s; 164591 sec;
[2023-08-26 08:33:40,194 INFO] Step 123800/200000; acc: 68.4; ppl:  20.8; xent: 3.0; lr: 0.00013; sents:    6776; bsz:  515/ 703/ 8; 3813/5210 tok/s; 164699 sec;
[2023-08-26 08:35:26,811 INFO] Step 123900/200000; acc: 68.1; ppl:  21.0; xent: 3.0; lr: 0.00013; sents:    6808; bsz:  496/ 676/ 9; 3725/5071 tok/s; 164806 sec;
[2023-08-26 08:37:15,972 INFO] Step 124000/200000; acc: 68.7; ppl:  20.4; xent: 3.0; lr: 0.00013; sents:    6704; bsz:  526/ 724/ 8; 3858/5303 tok/s; 164915 sec;
[2023-08-26 08:38:47,715 INFO] valid stats calculation
                           took: 91.73825883865356 s.
[2023-08-26 08:38:47,723 INFO] Train perplexity: 21.2373
[2023-08-26 08:38:47,723 INFO] Train accuracy: 67.9504
[2023-08-26 08:38:47,723 INFO] Sentences processed: 4.15901e+06
[2023-08-26 08:38:47,723 INFO] Average bsz:  511/ 698/ 8
[2023-08-26 08:38:47,723 INFO] Validation perplexity: 23.2182
[2023-08-26 08:38:47,723 INFO] Validation accuracy: 65.1637
[2023-08-26 08:38:47,821 INFO] Saving checkpoint /data2/cmdir/home/nhanvt/data_NLLB/nllb_opennmt/training/vi-th/nllb-200-3.3B.onmt_step_124000.pt
[2023-08-26 08:41:03,808 INFO] Step 124100/200000; acc: 68.6; ppl:  20.5; xent: 3.0; lr: 0.00013; sents:    6776; bsz:  501/ 683/ 8; 1758/2400 tok/s; 165143 sec;
[2023-08-26 08:42:51,748 INFO] Step 124200/200000; acc: 68.6; ppl:  20.6; xent: 3.0; lr: 0.00013; sents:    6840; bsz:  508/ 692/ 9; 3763/5126 tok/s; 165251 sec;
[2023-08-26 08:44:40,813 INFO] Step 124300/200000; acc: 68.9; ppl:  20.3; xent: 3.0; lr: 0.00013; sents:    6688; bsz:  532/ 732/ 8; 3905/5366 tok/s; 165360 sec;
[2023-08-26 08:46:27,665 INFO] Step 124400/200000; acc: 68.5; ppl:  20.7; xent: 3.0; lr: 0.00013; sents:    6720; bsz:  511/ 700/ 8; 3826/5238 tok/s; 165467 sec;
[2023-08-26 08:48:15,027 INFO] Step 124500/200000; acc: 68.6; ppl:  20.5; xent: 3.0; lr: 0.00013; sents:    6864; bsz:  511/ 696/ 9; 3806/5186 tok/s; 165574 sec;
[2023-08-26 08:49:46,449 INFO] valid stats calculation
                           took: 91.41776084899902 s.
[2023-08-26 08:49:46,457 INFO] Train perplexity: 21.2348
[2023-08-26 08:49:46,457 INFO] Train accuracy: 67.9527
[2023-08-26 08:49:46,457 INFO] Sentences processed: 4.17596e+06
[2023-08-26 08:49:46,457 INFO] Average bsz:  511/ 698/ 8
[2023-08-26 08:49:46,457 INFO] Validation perplexity: 23.2188
[2023-08-26 08:49:46,458 INFO] Validation accuracy: 65.1711
[2023-08-26 08:49:46,552 INFO] Saving checkpoint /data2/cmdir/home/nhanvt/data_NLLB/nllb_opennmt/training/vi-th/nllb-200-3.3B.onmt_step_124500.pt
[2023-08-26 08:52:03,928 INFO] Step 124600/200000; acc: 68.3; ppl:  20.9; xent: 3.0; lr: 0.00013; sents:    6744; bsz:  497/ 676/ 8; 1737/2364 tok/s; 165803 sec;
[2023-08-26 08:53:49,821 INFO] Step 124700/200000; acc: 68.2; ppl:  21.0; xent: 3.0; lr: 0.00013; sents:    6784; bsz:  486/ 661/ 8; 3674/4994 tok/s; 165909 sec;
[2023-08-26 08:55:38,364 INFO] Step 124800/200000; acc: 68.8; ppl:  20.4; xent: 3.0; lr: 0.00013; sents:    6624; bsz:  516/ 710/ 8; 3803/5233 tok/s; 166017 sec;
[2023-08-26 08:57:25,658 INFO] Step 124900/200000; acc: 68.5; ppl:  20.7; xent: 3.0; lr: 0.00013; sents:    6584; bsz:  508/ 692/ 8; 3785/5158 tok/s; 166125 sec;
[2023-08-26 08:59:11,732 INFO] Step 125000/200000; acc: 68.3; ppl:  20.9; xent: 3.0; lr: 0.00012; sents:    6688; bsz:  488/ 662/ 8; 3683/4995 tok/s; 166231 sec;
[2023-08-26 09:00:43,340 INFO] valid stats calculation
                           took: 91.60398697853088 s.
[2023-08-26 09:00:43,349 INFO] Train perplexity: 21.233
[2023-08-26 09:00:43,349 INFO] Train accuracy: 67.9543
[2023-08-26 09:00:43,349 INFO] Sentences processed: 4.19267e+06
[2023-08-26 09:00:43,349 INFO] Average bsz:  511/ 698/ 8
[2023-08-26 09:00:43,349 INFO] Validation perplexity: 23.2213
[2023-08-26 09:00:43,349 INFO] Validation accuracy: 65.1655
[2023-08-26 09:00:43,443 INFO] Saving checkpoint /data2/cmdir/home/nhanvt/data_NLLB/nllb_opennmt/training/vi-th/nllb-200-3.3B.onmt_step_125000.pt
[2023-08-26 09:02:59,379 INFO] Step 125100/200000; acc: 68.9; ppl:  20.3; xent: 3.0; lr: 0.00012; sents:    6784; bsz:  521/ 713/ 8; 1829/2507 tok/s; 166458 sec;
[2023-08-26 09:04:47,987 INFO] Step 125200/200000; acc: 68.3; ppl:  21.0; xent: 3.0; lr: 0.00012; sents:    6704; bsz:  513/ 702/ 8; 3782/5171 tok/s; 166567 sec;
[2023-08-26 09:06:35,802 INFO] Step 125300/200000; acc: 68.5; ppl:  20.6; xent: 3.0; lr: 0.00012; sents:    6720; bsz:  503/ 687/ 8; 3735/5098 tok/s; 166675 sec;
[2023-08-26 09:08:23,916 INFO] Step 125400/200000; acc: 68.8; ppl:  20.4; xent: 3.0; lr: 0.00012; sents:    6616; bsz:  510/ 697/ 8; 3774/5155 tok/s; 166783 sec;
[2023-08-26 09:10:11,681 INFO] Step 125500/200000; acc: 68.4; ppl:  20.8; xent: 3.0; lr: 0.00012; sents:    6672; bsz:  518/ 706/ 8; 3842/5244 tok/s; 166891 sec;
[2023-08-26 09:11:42,675 INFO] valid stats calculation
                           took: 90.98853945732117 s.
[2023-08-26 09:11:42,682 INFO] Train perplexity: 21.2313
[2023-08-26 09:11:42,683 INFO] Train accuracy: 67.9561
[2023-08-26 09:11:42,683 INFO] Sentences processed: 4.20938e+06
[2023-08-26 09:11:42,683 INFO] Average bsz:  511/ 698/ 8
[2023-08-26 09:11:42,683 INFO] Validation perplexity: 23.2205
[2023-08-26 09:11:42,683 INFO] Validation accuracy: 65.1676
[2023-08-26 09:11:42,781 INFO] Saving checkpoint /data2/cmdir/home/nhanvt/data_NLLB/nllb_opennmt/training/vi-th/nllb-200-3.3B.onmt_step_125500.pt
[2023-08-26 09:14:00,349 INFO] Step 125600/200000; acc: 68.5; ppl:  20.6; xent: 3.0; lr: 0.00012; sents:    6952; bsz:  522/ 716/ 9; 1827/2506 tok/s; 167119 sec;
[2023-08-26 09:15:47,990 INFO] Step 125700/200000; acc: 68.4; ppl:  20.7; xent: 3.0; lr: 0.00012; sents:    6736; bsz:  515/ 707/ 8; 3824/5256 tok/s; 167227 sec;
[2023-08-26 09:17:36,450 INFO] Step 125800/200000; acc: 68.6; ppl:  20.5; xent: 3.0; lr: 0.00012; sents:    6640; bsz:  530/ 728/ 8; 3910/5368 tok/s; 167335 sec;
[2023-08-26 09:19:24,196 INFO] Step 125900/200000; acc: 68.6; ppl:  20.5; xent: 3.0; lr: 0.00012; sents:    6680; bsz:  515/ 703/ 8; 3825/5221 tok/s; 167443 sec;
[2023-08-26 09:21:10,910 INFO] Step 126000/200000; acc: 68.6; ppl:  20.5; xent: 3.0; lr: 0.00012; sents:    6800; bsz:  504/ 685/ 8; 3777/5134 tok/s; 167550 sec;
[2023-08-26 09:22:41,387 INFO] valid stats calculation
                           took: 90.47299814224243 s.
[2023-08-26 09:22:41,395 INFO] Train perplexity: 21.2291
[2023-08-26 09:22:41,395 INFO] Train accuracy: 67.9582
[2023-08-26 09:22:41,395 INFO] Sentences processed: 4.22629e+06
[2023-08-26 09:22:41,395 INFO] Average bsz:  511/ 698/ 8
[2023-08-26 09:22:41,395 INFO] Validation perplexity: 23.2221
[2023-08-26 09:22:41,395 INFO] Validation accuracy: 65.1624
[2023-08-26 09:22:41,489 INFO] Saving checkpoint /data2/cmdir/home/nhanvt/data_NLLB/nllb_opennmt/training/vi-th/nllb-200-3.3B.onmt_step_126000.pt
[2023-08-26 09:24:55,238 INFO] Step 126100/200000; acc: 68.4; ppl:  20.7; xent: 3.0; lr: 0.00012; sents:    6880; bsz:  515/ 700/ 9; 1838/2498 tok/s; 167774 sec;
[2023-08-26 09:26:43,917 INFO] Step 126200/200000; acc: 68.4; ppl:  20.7; xent: 3.0; lr: 0.00012; sents:    6808; bsz:  534/ 730/ 9; 3928/5375 tok/s; 167883 sec;
[2023-08-26 09:28:32,474 INFO] Step 126300/200000; acc: 68.6; ppl:  20.5; xent: 3.0; lr: 0.00012; sents:    6752; bsz:  521/ 717/ 8; 3841/5282 tok/s; 167992 sec;
[2023-08-26 09:30:20,555 INFO] Step 126400/200000; acc: 68.3; ppl:  20.9; xent: 3.0; lr: 0.00012; sents:    6704; bsz:  504/ 692/ 8; 3733/5118 tok/s; 168100 sec;
[2023-08-26 09:32:08,592 INFO] Step 126500/200000; acc: 68.3; ppl:  20.8; xent: 3.0; lr: 0.00012; sents:    6615; bsz:  503/ 686/ 8; 3723/5079 tok/s; 168208 sec;
[2023-08-26 09:33:40,606 INFO] valid stats calculation
                           took: 92.01037859916687 s.
[2023-08-26 09:33:40,615 INFO] Train perplexity: 21.2279
[2023-08-26 09:33:40,615 INFO] Train accuracy: 67.9592
[2023-08-26 09:33:40,615 INFO] Sentences processed: 4.2432e+06
[2023-08-26 09:33:40,615 INFO] Average bsz:  511/ 698/ 8
[2023-08-26 09:33:40,615 INFO] Validation perplexity: 23.2231
[2023-08-26 09:33:40,615 INFO] Validation accuracy: 65.1659
[2023-08-26 09:33:40,709 INFO] Saving checkpoint /data2/cmdir/home/nhanvt/data_NLLB/nllb_opennmt/training/vi-th/nllb-200-3.3B.onmt_step_126500.pt
[2023-08-26 09:35:57,251 INFO] Step 126600/200000; acc: 68.8; ppl:  20.4; xent: 3.0; lr: 0.00012; sents:    6648; bsz:  508/ 695/ 8; 1779/2433 tok/s; 168436 sec;
[2023-08-26 09:37:45,095 INFO] Step 126700/200000; acc: 68.4; ppl:  20.7; xent: 3.0; lr: 0.00012; sents:    6624; bsz:  515/ 703/ 8; 3818/5217 tok/s; 168544 sec;
[2023-08-26 09:39:33,328 INFO] Step 126800/200000; acc: 68.6; ppl:  20.6; xent: 3.0; lr: 0.00012; sents:    6696; bsz:  518/ 710/ 8; 3827/5250 tok/s; 168652 sec;
[2023-08-26 09:41:20,146 INFO] Step 126900/200000; acc: 68.7; ppl:  20.4; xent: 3.0; lr: 0.00012; sents:    6624; bsz:  504/ 684/ 8; 3775/5122 tok/s; 168759 sec;
[2023-08-26 09:43:08,093 INFO] Step 127000/200000; acc: 68.4; ppl:  20.8; xent: 3.0; lr: 0.00012; sents:    6608; bsz:  513/ 701/ 8; 3800/5193 tok/s; 168867 sec;
[2023-08-26 09:44:39,698 INFO] valid stats calculation
                           took: 91.60056114196777 s.
[2023-08-26 09:44:39,706 INFO] Train perplexity: 21.2255
[2023-08-26 09:44:39,706 INFO] Train accuracy: 67.9616
[2023-08-26 09:44:39,706 INFO] Sentences processed: 4.25979e+06
[2023-08-26 09:44:39,706 INFO] Average bsz:  511/ 698/ 8
[2023-08-26 09:44:39,706 INFO] Validation perplexity: 23.2229
[2023-08-26 09:44:39,706 INFO] Validation accuracy: 65.1649
[2023-08-26 09:44:39,799 INFO] Saving checkpoint /data2/cmdir/home/nhanvt/data_NLLB/nllb_opennmt/training/vi-th/nllb-200-3.3B.onmt_step_127000.pt
[2023-08-26 09:46:57,081 INFO] Step 127100/200000; acc: 68.7; ppl:  20.4; xent: 3.0; lr: 0.00012; sents:    6608; bsz:  522/ 718/ 8; 1823/2508 tok/s; 169096 sec;
[2023-08-26 09:48:46,108 INFO] Step 127200/200000; acc: 68.7; ppl:  20.6; xent: 3.0; lr: 0.00012; sents:    6560; bsz:  538/ 741/ 8; 3945/5436 tok/s; 169205 sec;
[2023-08-26 09:50:34,591 INFO] Step 127300/200000; acc: 68.9; ppl:  20.3; xent: 3.0; lr: 0.00012; sents:    6696; bsz:  531/ 730/ 8; 3919/5385 tok/s; 169314 sec;
[2023-08-26 09:52:21,937 INFO] Step 127400/200000; acc: 68.5; ppl:  20.6; xent: 3.0; lr: 0.00012; sents:    6736; bsz:  505/ 688/ 8; 3765/5125 tok/s; 169421 sec;
[2023-08-26 09:54:09,934 INFO] Step 127500/200000; acc: 68.7; ppl:  20.5; xent: 3.0; lr: 0.00012; sents:    6704; bsz:  519/ 706/ 8; 3841/5229 tok/s; 169529 sec;
[2023-08-26 09:55:41,525 INFO] valid stats calculation
                           took: 91.58608150482178 s.
[2023-08-26 09:55:41,533 INFO] Train perplexity: 21.2225
[2023-08-26 09:55:41,533 INFO] Train accuracy: 67.9646
[2023-08-26 09:55:41,533 INFO] Sentences processed: 4.27645e+06
[2023-08-26 09:55:41,534 INFO] Average bsz:  511/ 698/ 8
[2023-08-26 09:55:41,534 INFO] Validation perplexity: 23.2228
[2023-08-26 09:55:41,534 INFO] Validation accuracy: 65.1711
[2023-08-26 09:55:41,626 INFO] Saving checkpoint /data2/cmdir/home/nhanvt/data_NLLB/nllb_opennmt/training/vi-th/nllb-200-3.3B.onmt_step_127500.pt
[2023-08-26 09:57:55,030 INFO] Step 127600/200000; acc: 68.3; ppl:  20.9; xent: 3.0; lr: 0.00012; sents:    6816; bsz:  499/ 678/ 9; 1774/2408 tok/s; 169754 sec;
[2023-08-26 09:59:41,598 INFO] Step 127700/200000; acc: 68.6; ppl:  20.5; xent: 3.0; lr: 0.00012; sents:    6656; bsz:  507/ 692/ 8; 3803/5191 tok/s; 169861 sec;
[2023-08-26 10:01:29,435 INFO] Step 127800/200000; acc: 69.1; ppl:  20.2; xent: 3.0; lr: 0.00012; sents:    6824; bsz:  512/ 701/ 9; 3796/5198 tok/s; 169968 sec;
[2023-08-26 10:03:15,534 INFO] Step 127900/200000; acc: 68.3; ppl:  20.8; xent: 3.0; lr: 0.00012; sents:    6672; bsz:  494/ 670/ 8; 3727/5053 tok/s; 170075 sec;
[2023-08-26 10:05:02,565 INFO] Step 128000/200000; acc: 68.5; ppl:  20.6; xent: 3.0; lr: 0.00012; sents:    6880; bsz:  505/ 686/ 9; 3773/5130 tok/s; 170182 sec;
[2023-08-26 10:06:34,379 INFO] valid stats calculation
                           took: 91.80928587913513 s.
[2023-08-26 10:06:34,386 INFO] Train perplexity: 21.2203
[2023-08-26 10:06:34,386 INFO] Train accuracy: 67.9667
[2023-08-26 10:06:34,386 INFO] Sentences processed: 4.29336e+06
[2023-08-26 10:06:34,387 INFO] Average bsz:  511/ 698/ 8
[2023-08-26 10:06:34,387 INFO] Validation perplexity: 23.2224
[2023-08-26 10:06:34,387 INFO] Validation accuracy: 65.1626
[2023-08-26 10:06:34,479 INFO] Saving checkpoint /data2/cmdir/home/nhanvt/data_NLLB/nllb_opennmt/training/vi-th/nllb-200-3.3B.onmt_step_128000.pt
[2023-08-26 10:08:49,280 INFO] Step 128100/200000; acc: 68.6; ppl:  20.4; xent: 3.0; lr: 0.00012; sents:    6784; bsz:  507/ 692/ 8; 1790/2443 tok/s; 170408 sec;
[2023-08-26 10:10:35,870 INFO] Step 128200/200000; acc: 68.5; ppl:  20.6; xent: 3.0; lr: 0.00012; sents:    6704; bsz:  505/ 690/ 8; 3787/5175 tok/s; 170515 sec;
[2023-08-26 10:12:23,202 INFO] Step 128300/200000; acc: 68.5; ppl:  20.6; xent: 3.0; lr: 0.00012; sents:    6824; bsz:  510/ 694/ 9; 3799/5169 tok/s; 170622 sec;
[2023-08-26 10:14:10,351 INFO] Step 128400/200000; acc: 68.5; ppl:  20.7; xent: 3.0; lr: 0.00012; sents:    6808; bsz:  502/ 683/ 9; 3749/5099 tok/s; 170729 sec;
[2023-08-26 10:15:57,622 INFO] Step 128500/200000; acc: 68.8; ppl:  20.3; xent: 3.0; lr: 0.00012; sents:    6672; bsz:  506/ 689/ 8; 3773/5136 tok/s; 170837 sec;
[2023-08-26 10:17:29,544 INFO] valid stats calculation
                           took: 91.91738152503967 s.
[2023-08-26 10:17:29,552 INFO] Train perplexity: 21.2174
[2023-08-26 10:17:29,552 INFO] Train accuracy: 67.9694
[2023-08-26 10:17:29,552 INFO] Sentences processed: 4.31027e+06
[2023-08-26 10:17:29,552 INFO] Average bsz:  511/ 698/ 8
[2023-08-26 10:17:29,552 INFO] Validation perplexity: 23.2251
[2023-08-26 10:17:29,552 INFO] Validation accuracy: 65.1682
[2023-08-26 10:17:29,650 INFO] Saving checkpoint /data2/cmdir/home/nhanvt/data_NLLB/nllb_opennmt/training/vi-th/nllb-200-3.3B.onmt_step_128500.pt
[2023-08-26 10:19:48,771 INFO] Step 128600/200000; acc: 68.5; ppl:  20.7; xent: 3.0; lr: 0.00012; sents:    6624; bsz:  524/ 719/ 8; 1813/2487 tok/s; 171068 sec;
[2023-08-26 10:21:36,773 INFO] Step 128700/200000; acc: 68.6; ppl:  20.5; xent: 3.0; lr: 0.00012; sents:    6568; bsz:  519/ 708/ 8; 3842/5246 tok/s; 171176 sec;
[2023-08-26 10:23:24,450 INFO] Step 128800/200000; acc: 68.5; ppl:  20.7; xent: 3.0; lr: 0.00012; sents:    6808; bsz:  510/ 695/ 9; 3789/5167 tok/s; 171283 sec;
[2023-08-26 10:25:13,292 INFO] Step 128900/200000; acc: 68.7; ppl:  20.4; xent: 3.0; lr: 0.00012; sents:    6584; bsz:  536/ 734/ 8; 3941/5398 tok/s; 171392 sec;
[2023-08-26 10:27:01,293 INFO] Step 129000/200000; acc: 68.6; ppl:  20.6; xent: 3.0; lr: 0.00012; sents:    6624; bsz:  511/ 702/ 8; 3787/5197 tok/s; 171500 sec;
[2023-08-26 10:28:32,899 INFO] valid stats calculation
                           took: 91.6024341583252 s.
[2023-08-26 10:28:32,907 INFO] Train perplexity: 21.2148
[2023-08-26 10:28:32,907 INFO] Train accuracy: 67.9718
[2023-08-26 10:28:32,907 INFO] Sentences processed: 4.32688e+06
[2023-08-26 10:28:32,907 INFO] Average bsz:  511/ 698/ 8
[2023-08-26 10:28:32,907 INFO] Validation perplexity: 23.2261
[2023-08-26 10:28:32,907 INFO] Validation accuracy: 65.1567
[2023-08-26 10:28:33,000 INFO] Saving checkpoint /data2/cmdir/home/nhanvt/data_NLLB/nllb_opennmt/training/vi-th/nllb-200-3.3B.onmt_step_129000.pt
[2023-08-26 10:30:51,888 INFO] Step 129100/200000; acc: 68.7; ppl:  20.5; xent: 3.0; lr: 0.00012; sents:    6588; bsz:  528/ 729/ 8; 1832/2528 tok/s; 171731 sec;
[2023-08-26 10:32:40,188 INFO] Step 129200/200000; acc: 68.4; ppl:  20.8; xent: 3.0; lr: 0.00012; sents:    6696; bsz:  518/ 708/ 8; 3826/5229 tok/s; 171839 sec;
[2023-08-26 10:34:28,611 INFO] Step 129300/200000; acc: 68.6; ppl:  20.6; xent: 3.0; lr: 0.00012; sents:    6720; bsz:  521/ 713/ 8; 3847/5264 tok/s; 171948 sec;
[2023-08-26 10:36:17,502 INFO] Step 129400/200000; acc: 68.7; ppl:  20.4; xent: 3.0; lr: 0.00012; sents:    6808; bsz:  516/ 702/ 9; 3789/5160 tok/s; 172057 sec;
[2023-08-26 10:38:05,231 INFO] Step 129500/200000; acc: 68.3; ppl:  20.9; xent: 3.0; lr: 0.00012; sents:    6712; bsz:  504/ 685/ 8; 3742/5085 tok/s; 172164 sec;
[2023-08-26 10:39:36,910 INFO] valid stats calculation
                           took: 91.6736409664154 s.
[2023-08-26 10:39:36,918 INFO] Train perplexity: 21.2126
[2023-08-26 10:39:36,918 INFO] Train accuracy: 67.9739
[2023-08-26 10:39:36,918 INFO] Sentences processed: 4.34362e+06
[2023-08-26 10:39:36,918 INFO] Average bsz:  511/ 698/ 8
[2023-08-26 10:39:36,918 INFO] Validation perplexity: 23.2267
[2023-08-26 10:39:36,918 INFO] Validation accuracy: 65.1655
[2023-08-26 10:39:37,017 INFO] Saving checkpoint /data2/cmdir/home/nhanvt/data_NLLB/nllb_opennmt/training/vi-th/nllb-200-3.3B.onmt_step_129500.pt
[2023-08-26 10:41:53,135 INFO] Step 129600/200000; acc: 68.6; ppl:  20.6; xent: 3.0; lr: 0.00012; sents:    6680; bsz:  501/ 684/ 8; 1758/2399 tok/s; 172392 sec;
[2023-08-26 10:43:41,383 INFO] Step 129700/200000; acc: 68.6; ppl:  20.6; xent: 3.0; lr: 0.00012; sents:    6728; bsz:  521/ 714/ 8; 3853/5277 tok/s; 172500 sec;
[2023-08-26 10:45:28,812 INFO] Step 129800/200000; acc: 68.7; ppl:  20.5; xent: 3.0; lr: 0.00012; sents:    6784; bsz:  508/ 696/ 8; 3786/5185 tok/s; 172608 sec;
[2023-08-26 10:47:16,770 INFO] Step 129900/200000; acc: 68.7; ppl:  20.5; xent: 3.0; lr: 0.00012; sents:    6664; bsz:  518/ 715/ 8; 3839/5297 tok/s; 172716 sec;
[2023-08-26 10:49:04,546 INFO] Step 130000/200000; acc: 68.3; ppl:  20.9; xent: 3.0; lr: 0.00012; sents:    6792; bsz:  514/ 700/ 8; 3812/5197 tok/s; 172824 sec;
[2023-08-26 10:50:36,427 INFO] valid stats calculation
                           took: 91.87674903869629 s.
[2023-08-26 10:50:36,435 INFO] Train perplexity: 21.2104
[2023-08-26 10:50:36,435 INFO] Train accuracy: 67.9762
[2023-08-26 10:50:36,435 INFO] Sentences processed: 4.3604e+06
[2023-08-26 10:50:36,435 INFO] Average bsz:  511/ 698/ 8
[2023-08-26 10:50:36,435 INFO] Validation perplexity: 23.2286
[2023-08-26 10:50:36,435 INFO] Validation accuracy: 65.1624
[2023-08-26 10:50:36,527 INFO] Saving checkpoint /data2/cmdir/home/nhanvt/data_NLLB/nllb_opennmt/training/vi-th/nllb-200-3.3B.onmt_step_130000.pt
[2023-08-26 10:52:50,667 INFO] Step 130100/200000; acc: 68.4; ppl:  20.8; xent: 3.0; lr: 0.00012; sents:    6868; bsz:  506/ 690/ 9; 1789/2442 tok/s; 173050 sec;
[2023-08-26 10:54:38,605 INFO] Step 130200/200000; acc: 68.8; ppl:  20.5; xent: 3.0; lr: 0.00012; sents:    6760; bsz:  514/ 703/ 8; 3808/5211 tok/s; 173158 sec;
[2023-08-26 10:56:26,433 INFO] Step 130300/200000; acc: 68.4; ppl:  20.8; xent: 3.0; lr: 0.00012; sents:    6736; bsz:  514/ 700/ 8; 3814/5195 tok/s; 173265 sec;
[2023-08-26 10:58:13,706 INFO] Step 130400/200000; acc: 68.2; ppl:  21.0; xent: 3.0; lr: 0.00012; sents:    6776; bsz:  511/ 697/ 8; 3813/5198 tok/s; 173373 sec;
[2023-08-26 11:00:01,878 INFO] Step 130500/200000; acc: 68.5; ppl:  20.6; xent: 3.0; lr: 0.00012; sents:    6736; bsz:  517/ 709/ 8; 3823/5247 tok/s; 173481 sec;
[2023-08-26 11:01:33,385 INFO] valid stats calculation
                           took: 91.50239181518555 s.
[2023-08-26 11:01:33,393 INFO] Train perplexity: 21.2088
[2023-08-26 11:01:33,393 INFO] Train accuracy: 67.9777
[2023-08-26 11:01:33,393 INFO] Sentences processed: 4.37734e+06
[2023-08-26 11:01:33,393 INFO] Average bsz:  511/ 698/ 8
[2023-08-26 11:01:33,393 INFO] Validation perplexity: 23.2255
[2023-08-26 11:01:33,393 INFO] Validation accuracy: 65.1663
[2023-08-26 11:01:33,486 INFO] Saving checkpoint /data2/cmdir/home/nhanvt/data_NLLB/nllb_opennmt/training/vi-th/nllb-200-3.3B.onmt_step_130500.pt
[2023-08-26 11:03:49,728 INFO] Step 130600/200000; acc: 68.6; ppl:  20.5; xent: 3.0; lr: 0.00012; sents:    6728; bsz:  506/ 689/ 8; 1776/2421 tok/s; 173709 sec;
[2023-08-26 11:05:37,900 INFO] Step 130700/200000; acc: 68.8; ppl:  20.4; xent: 3.0; lr: 0.00012; sents:    6648; bsz:  524/ 718/ 8; 3878/5309 tok/s; 173817 sec;
[2023-08-26 11:07:26,135 INFO] Step 130800/200000; acc: 68.6; ppl:  20.6; xent: 3.0; lr: 0.00012; sents:    6688; bsz:  522/ 714/ 8; 3855/5278 tok/s; 173925 sec;
[2023-08-26 11:09:13,352 INFO] Step 130900/200000; acc: 68.4; ppl:  20.6; xent: 3.0; lr: 0.00012; sents:    6696; bsz:  506/ 686/ 8; 3779/5119 tok/s; 174032 sec;
[2023-08-26 11:11:00,316 INFO] Step 131000/200000; acc: 68.5; ppl:  20.7; xent: 3.0; lr: 0.00012; sents:    6616; bsz:  502/ 682/ 8; 3756/5104 tok/s; 174139 sec;
[2023-08-26 11:12:32,088 INFO] valid stats calculation
                           took: 91.76791667938232 s.
[2023-08-26 11:12:32,097 INFO] Train perplexity: 21.2064
[2023-08-26 11:12:32,097 INFO] Train accuracy: 67.9798
[2023-08-26 11:12:32,097 INFO] Sentences processed: 4.39408e+06
[2023-08-26 11:12:32,097 INFO] Average bsz:  511/ 698/ 8
[2023-08-26 11:12:32,097 INFO] Validation perplexity: 23.2275
[2023-08-26 11:12:32,097 INFO] Validation accuracy: 65.162
[2023-08-26 11:12:32,191 INFO] Saving checkpoint /data2/cmdir/home/nhanvt/data_NLLB/nllb_opennmt/training/vi-th/nllb-200-3.3B.onmt_step_131000.pt
[2023-08-26 11:14:45,532 INFO] Step 131100/200000; acc: 68.4; ppl:  20.7; xent: 3.0; lr: 0.00012; sents:    6672; bsz:  497/ 676/ 8; 1764/2402 tok/s; 174365 sec;
[2023-08-26 11:16:33,362 INFO] Step 131200/200000; acc: 68.5; ppl:  20.7; xent: 3.0; lr: 0.00012; sents:    6744; bsz:  517/ 710/ 8; 3835/5265 tok/s; 174472 sec;
[2023-08-26 11:18:57,520 INFO] Step 131300/200000; acc: 68.4; ppl:  20.8; xent: 3.0; lr: 0.00012; sents:    6656; bsz:  501/ 683/ 8; 2782/3788 tok/s; 174617 sec;
[2023-08-26 11:20:45,300 INFO] Step 131400/200000; acc: 68.9; ppl:  20.3; xent: 3.0; lr: 0.00012; sents:    6712; bsz:  505/ 686/ 8; 3745/5090 tok/s; 174724 sec;
[2023-08-26 11:23:07,851 INFO] Step 131500/200000; acc: 68.4; ppl:  20.8; xent: 3.0; lr: 0.00012; sents:    6664; bsz:  508/ 696/ 8; 2852/3909 tok/s; 174867 sec;
[2023-08-26 11:24:39,902 INFO] valid stats calculation
                           took: 92.04614496231079 s.
[2023-08-26 11:24:39,910 INFO] Train perplexity: 21.2043
[2023-08-26 11:24:39,910 INFO] Train accuracy: 67.9818
[2023-08-26 11:24:39,910 INFO] Sentences processed: 4.41079e+06
[2023-08-26 11:24:39,910 INFO] Average bsz:  511/ 698/ 8
[2023-08-26 11:24:39,910 INFO] Validation perplexity: 23.2275
[2023-08-26 11:24:39,911 INFO] Validation accuracy: 65.1717
[2023-08-26 11:24:40,005 INFO] Saving checkpoint /data2/cmdir/home/nhanvt/data_NLLB/nllb_opennmt/training/vi-th/nllb-200-3.3B.onmt_step_131500.pt
[2023-08-26 11:26:57,506 INFO] Step 131600/200000; acc: 68.3; ppl:  20.9; xent: 3.0; lr: 0.00012; sents:    6672; bsz:  513/ 700/ 8; 1788/2438 tok/s; 175097 sec;
[2023-08-26 11:28:45,824 INFO] Step 131700/200000; acc: 68.6; ppl:  20.5; xent: 3.0; lr: 0.00012; sents:    6640; bsz:  517/ 705/ 8; 3819/5204 tok/s; 175205 sec;
[2023-08-26 11:30:33,513 INFO] Step 131800/200000; acc: 68.5; ppl:  20.6; xent: 3.0; lr: 0.00012; sents:    6704; bsz:  505/ 686/ 8; 3748/5097 tok/s; 175313 sec;
[2023-08-26 11:32:22,736 INFO] Step 131900/200000; acc: 68.7; ppl:  20.5; xent: 3.0; lr: 0.00012; sents:    6608; bsz:  527/ 724/ 8; 3859/5300 tok/s; 175422 sec;
[2023-08-26 11:34:10,958 INFO] Step 132000/200000; acc: 68.4; ppl:  20.8; xent: 3.0; lr: 0.00012; sents:    6696; bsz:  516/ 704/ 8; 3817/5202 tok/s; 175530 sec;
[2023-08-26 11:35:42,178 INFO] valid stats calculation
                           took: 91.21506953239441 s.
[2023-08-26 11:35:42,186 INFO] Train perplexity: 21.2024
[2023-08-26 11:35:42,186 INFO] Train accuracy: 67.9837
[2023-08-26 11:35:42,186 INFO] Sentences processed: 4.42743e+06
[2023-08-26 11:35:42,186 INFO] Average bsz:  511/ 698/ 8
[2023-08-26 11:35:42,186 INFO] Validation perplexity: 23.2253
[2023-08-26 11:35:42,186 INFO] Validation accuracy: 65.1674
[2023-08-26 11:35:42,280 INFO] Saving checkpoint /data2/cmdir/home/nhanvt/data_NLLB/nllb_opennmt/training/vi-th/nllb-200-3.3B.onmt_step_132000.pt
[2023-08-26 11:37:58,358 INFO] Step 132100/200000; acc: 68.3; ppl:  20.8; xent: 3.0; lr: 0.00012; sents:    6792; bsz:  505/ 688/ 8; 1776/2420 tok/s; 175757 sec;
[2023-08-26 11:39:45,102 INFO] Step 132200/200000; acc: 68.3; ppl:  20.8; xent: 3.0; lr: 0.00012; sents:    6720; bsz:  494/ 673/ 8; 3700/5042 tok/s; 175864 sec;
[2023-08-26 11:41:31,558 INFO] Step 132300/200000; acc: 68.6; ppl:  20.5; xent: 3.0; lr: 0.00012; sents:    6664; bsz:  501/ 680/ 8; 3763/5110 tok/s; 175971 sec;
[2023-08-26 11:43:19,023 INFO] Step 132400/200000; acc: 68.5; ppl:  20.5; xent: 3.0; lr: 0.00012; sents:    6632; bsz:  505/ 685/ 8; 3762/5097 tok/s; 176078 sec;
[2023-08-26 11:45:05,152 INFO] Step 132500/200000; acc: 68.3; ppl:  20.8; xent: 3.0; lr: 0.00012; sents:    6640; bsz:  484/ 654/ 8; 3652/4932 tok/s; 176184 sec;
[2023-08-26 11:46:36,829 INFO] valid stats calculation
                           took: 91.67231774330139 s.
[2023-08-26 11:46:36,837 INFO] Train perplexity: 21.2007
[2023-08-26 11:46:36,837 INFO] Train accuracy: 67.9849
[2023-08-26 11:46:36,837 INFO] Sentences processed: 4.44416e+06
[2023-08-26 11:46:36,837 INFO] Average bsz:  511/ 698/ 8
[2023-08-26 11:46:36,837 INFO] Validation perplexity: 23.2225
[2023-08-26 11:46:36,837 INFO] Validation accuracy: 65.17
[2023-08-26 11:46:36,931 INFO] Saving checkpoint /data2/cmdir/home/nhanvt/data_NLLB/nllb_opennmt/training/vi-th/nllb-200-3.3B.onmt_step_132500.pt
[2023-08-26 11:48:54,184 INFO] Step 132600/200000; acc: 69.0; ppl:  20.2; xent: 3.0; lr: 0.00012; sents:    6664; bsz:  521/ 713/ 8; 1821/2491 tok/s; 176413 sec;
[2023-08-26 11:50:41,029 INFO] Step 132700/200000; acc: 68.5; ppl:  20.6; xent: 3.0; lr: 0.00012; sents:    6792; bsz:  505/ 686/ 8; 3778/5137 tok/s; 176520 sec;
[2023-08-26 11:52:27,982 INFO] Step 132800/200000; acc: 68.6; ppl:  20.5; xent: 3.0; lr: 0.00012; sents:    6656; bsz:  516/ 705/ 8; 3858/5274 tok/s; 176627 sec;
[2023-08-26 11:54:14,622 INFO] Step 132900/200000; acc: 68.5; ppl:  20.7; xent: 3.0; lr: 0.00012; sents:    6784; bsz:  500/ 680/ 8; 3752/5104 tok/s; 176734 sec;
[2023-08-26 11:56:02,131 INFO] Step 133000/200000; acc: 68.6; ppl:  20.5; xent: 3.0; lr: 0.00012; sents:    6608; bsz:  518/ 706/ 8; 3853/5253 tok/s; 176841 sec;
[2023-08-26 11:57:33,773 INFO] valid stats calculation
                           took: 91.63759779930115 s.
[2023-08-26 11:57:33,781 INFO] Train perplexity: 21.1984
[2023-08-26 11:57:33,781 INFO] Train accuracy: 67.9871
[2023-08-26 11:57:33,781 INFO] Sentences processed: 4.46093e+06
[2023-08-26 11:57:33,781 INFO] Average bsz:  511/ 698/ 8
[2023-08-26 11:57:33,781 INFO] Validation perplexity: 23.2247
[2023-08-26 11:57:33,781 INFO] Validation accuracy: 65.1676
[2023-08-26 11:57:33,879 INFO] Saving checkpoint /data2/cmdir/home/nhanvt/data_NLLB/nllb_opennmt/training/vi-th/nllb-200-3.3B.onmt_step_133000.pt
[2023-08-26 11:59:49,127 INFO] Step 133100/200000; acc: 68.6; ppl:  20.7; xent: 3.0; lr: 0.00012; sents:    6656; bsz:  527/ 723/ 8; 1858/2548 tok/s; 177068 sec;
[2023-08-26 12:01:37,920 INFO] Step 133200/200000; acc: 68.7; ppl:  20.5; xent: 3.0; lr: 0.00012; sents:    6800; bsz:  523/ 715/ 8; 3848/5260 tok/s; 177177 sec;
[2023-08-26 12:03:26,148 INFO] Step 133300/200000; acc: 68.5; ppl:  20.6; xent: 3.0; lr: 0.00012; sents:    6680; bsz:  508/ 690/ 8; 3758/5100 tok/s; 177285 sec;
[2023-08-26 12:05:13,881 INFO] Step 133400/200000; acc: 68.5; ppl:  20.7; xent: 3.0; lr: 0.00012; sents:    6616; bsz:  513/ 699/ 8; 3808/5193 tok/s; 177393 sec;
[2023-08-26 12:07:02,967 INFO] Step 133500/200000; acc: 68.5; ppl:  20.5; xent: 3.0; lr: 0.00012; sents:    6648; bsz:  518/ 709/ 8; 3799/5198 tok/s; 177502 sec;
[2023-08-26 12:08:34,417 INFO] valid stats calculation
                           took: 91.4460780620575 s.
[2023-08-26 12:08:34,425 INFO] Train perplexity: 21.1964
[2023-08-26 12:08:34,426 INFO] Train accuracy: 67.9891
[2023-08-26 12:08:34,426 INFO] Sentences processed: 4.47757e+06
[2023-08-26 12:08:34,426 INFO] Average bsz:  511/ 698/ 8
[2023-08-26 12:08:34,426 INFO] Validation perplexity: 23.2229
[2023-08-26 12:08:34,426 INFO] Validation accuracy: 65.1672
[2023-08-26 12:08:34,519 INFO] Saving checkpoint /data2/cmdir/home/nhanvt/data_NLLB/nllb_opennmt/training/vi-th/nllb-200-3.3B.onmt_step_133500.pt
[2023-08-26 12:10:49,378 INFO] Step 133600/200000; acc: 68.5; ppl:  20.7; xent: 3.0; lr: 0.00012; sents:    6688; bsz:  494/ 670/ 8; 1747/2367 tok/s; 177728 sec;
[2023-08-26 12:12:36,954 INFO] Step 133700/200000; acc: 68.5; ppl:  20.6; xent: 3.0; lr: 0.00012; sents:    6688; bsz:  503/ 685/ 8; 3744/5097 tok/s; 177836 sec;
[2023-08-26 12:14:25,512 INFO] Step 133800/200000; acc: 68.6; ppl:  20.6; xent: 3.0; lr: 0.00012; sents:    6688; bsz:  512/ 699/ 8; 3770/5148 tok/s; 177945 sec;
[2023-08-26 12:16:14,489 INFO] Step 133900/200000; acc: 68.7; ppl:  20.5; xent: 3.0; lr: 0.00012; sents:    6616; bsz:  515/ 708/ 8; 3784/5199 tok/s; 178054 sec;
[2023-08-26 12:18:02,697 INFO] Step 134000/200000; acc: 68.7; ppl:  20.4; xent: 3.0; lr: 0.00012; sents:    6640; bsz:  507/ 692/ 8; 3749/5113 tok/s; 178162 sec;
[2023-08-26 12:19:34,216 INFO] valid stats calculation
                           took: 91.51351809501648 s.
[2023-08-26 12:19:34,223 INFO] Train perplexity: 21.1942
[2023-08-26 12:19:34,223 INFO] Train accuracy: 67.991
[2023-08-26 12:19:34,223 INFO] Sentences processed: 4.49428e+06
[2023-08-26 12:19:34,223 INFO] Average bsz:  511/ 698/ 8
[2023-08-26 12:19:34,223 INFO] Validation perplexity: 23.227
[2023-08-26 12:19:34,223 INFO] Validation accuracy: 65.1698
[2023-08-26 12:19:34,320 INFO] Saving checkpoint /data2/cmdir/home/nhanvt/data_NLLB/nllb_opennmt/training/vi-th/nllb-200-3.3B.onmt_step_134000.pt
[2023-08-26 12:21:49,395 INFO] Step 134100/200000; acc: 68.8; ppl:  20.3; xent: 3.0; lr: 0.00012; sents:    6680; bsz:  512/ 701/ 8; 1807/2475 tok/s; 178388 sec;
[2023-08-26 12:23:36,135 INFO] Step 134200/200000; acc: 68.6; ppl:  20.5; xent: 3.0; lr: 0.00012; sents:    6768; bsz:  504/ 684/ 8; 3774/5128 tok/s; 178495 sec;
[2023-08-26 12:25:22,649 INFO] Step 134300/200000; acc: 68.4; ppl:  20.7; xent: 3.0; lr: 0.00012; sents:    6688; bsz:  498/ 677/ 8; 3741/5085 tok/s; 178602 sec;
[2023-08-26 12:27:10,029 INFO] Step 134400/200000; acc: 68.5; ppl:  20.7; xent: 3.0; lr: 0.00012; sents:    6664; bsz:  505/ 687/ 8; 3761/5116 tok/s; 178709 sec;
[2023-08-26 12:28:57,017 INFO] Step 134500/200000; acc: 68.6; ppl:  20.5; xent: 3.0; lr: 0.00012; sents:    6760; bsz:  502/ 684/ 8; 3755/5114 tok/s; 178816 sec;
[2023-08-26 12:30:28,943 INFO] valid stats calculation
                           took: 91.92156028747559 s.
[2023-08-26 12:30:28,951 INFO] Train perplexity: 21.1925
[2023-08-26 12:30:28,951 INFO] Train accuracy: 67.9926
[2023-08-26 12:30:28,951 INFO] Sentences processed: 4.51101e+06
[2023-08-26 12:30:28,951 INFO] Average bsz:  511/ 698/ 8
[2023-08-26 12:30:28,951 INFO] Validation perplexity: 23.2262
[2023-08-26 12:30:28,951 INFO] Validation accuracy: 65.1676
[2023-08-26 12:30:29,044 INFO] Saving checkpoint /data2/cmdir/home/nhanvt/data_NLLB/nllb_opennmt/training/vi-th/nllb-200-3.3B.onmt_step_134500.pt
[2023-08-26 12:32:44,461 INFO] Step 134600/200000; acc: 68.4; ppl:  20.8; xent: 3.0; lr: 0.00012; sents:    6744; bsz:  505/ 686/ 8; 1775/2412 tok/s; 179044 sec;
[2023-08-26 12:34:31,456 INFO] Step 134700/200000; acc: 68.3; ppl:  20.8; xent: 3.0; lr: 0.00012; sents:    6792; bsz:  499/ 678/ 8; 3731/5066 tok/s; 179150 sec;
[2023-08-26 12:36:18,378 INFO] Step 134800/200000; acc: 68.7; ppl:  20.3; xent: 3.0; lr: 0.00012; sents:    6712; bsz:  509/ 694/ 8; 3809/5189 tok/s; 179257 sec;
[2023-08-26 12:38:06,717 INFO] Step 134900/200000; acc: 68.8; ppl:  20.4; xent: 3.0; lr: 0.00012; sents:    6656; bsz:  518/ 708/ 8; 3822/5229 tok/s; 179366 sec;
[2023-08-26 12:39:53,273 INFO] Step 135000/200000; acc: 68.6; ppl:  20.6; xent: 3.0; lr: 0.00012; sents:    6688; bsz:  506/ 692/ 8; 3797/5195 tok/s; 179472 sec;
[2023-08-26 12:41:24,884 INFO] valid stats calculation
                           took: 91.60717558860779 s.
[2023-08-26 12:41:24,892 INFO] Train perplexity: 21.1908
[2023-08-26 12:41:24,893 INFO] Train accuracy: 67.9942
[2023-08-26 12:41:24,893 INFO] Sentences processed: 4.52785e+06
[2023-08-26 12:41:24,893 INFO] Average bsz:  511/ 698/ 8
[2023-08-26 12:41:24,893 INFO] Validation perplexity: 23.2275
[2023-08-26 12:41:24,893 INFO] Validation accuracy: 65.1676
[2023-08-26 12:41:24,988 INFO] Saving checkpoint /data2/cmdir/home/nhanvt/data_NLLB/nllb_opennmt/training/vi-th/nllb-200-3.3B.onmt_step_135000.pt
[2023-08-26 12:43:43,595 INFO] Step 135100/200000; acc: 68.6; ppl:  20.5; xent: 3.0; lr: 0.00012; sents:    6536; bsz:  513/ 699/ 8; 1781/2428 tok/s; 179703 sec;
[2023-08-26 12:45:31,795 INFO] Step 135200/200000; acc: 68.5; ppl:  20.8; xent: 3.0; lr: 0.00012; sents:    6584; bsz:  515/ 707/ 8; 3810/5227 tok/s; 179811 sec;
[2023-08-26 12:47:20,163 INFO] Step 135300/200000; acc: 68.8; ppl:  20.4; xent: 3.0; lr: 0.00012; sents:    6664; bsz:  515/ 705/ 8; 3805/5204 tok/s; 179919 sec;
[2023-08-26 12:49:09,019 INFO] Step 135400/200000; acc: 68.9; ppl:  20.2; xent: 3.0; lr: 0.00012; sents:    6656; bsz:  534/ 730/ 8; 3926/5366 tok/s; 180028 sec;
[2023-08-26 12:50:58,036 INFO] Step 135500/200000; acc: 68.9; ppl:  20.2; xent: 3.0; lr: 0.00012; sents:    6684; bsz:  536/ 734/ 8; 3933/5386 tok/s; 180137 sec;
[2023-08-26 12:52:29,215 INFO] valid stats calculation
                           took: 91.17479872703552 s.
[2023-08-26 12:52:29,221 INFO] Train perplexity: 21.1882
[2023-08-26 12:52:29,221 INFO] Train accuracy: 67.9966
[2023-08-26 12:52:29,221 INFO] Sentences processed: 4.54439e+06
[2023-08-26 12:52:29,221 INFO] Average bsz:  511/ 698/ 8
[2023-08-26 12:52:29,221 INFO] Validation perplexity: 23.2282
[2023-08-26 12:52:29,221 INFO] Validation accuracy: 65.1657
[2023-08-26 12:52:29,315 INFO] Saving checkpoint /data2/cmdir/home/nhanvt/data_NLLB/nllb_opennmt/training/vi-th/nllb-200-3.3B.onmt_step_135500.pt
[2023-08-26 12:54:45,457 INFO] Step 135600/200000; acc: 68.6; ppl:  20.5; xent: 3.0; lr: 0.00012; sents:    6720; bsz:  512/ 699/ 8; 1800/2458 tok/s; 180364 sec;
[2023-08-26 12:56:32,715 INFO] Step 135700/200000; acc: 68.6; ppl:  20.5; xent: 3.0; lr: 0.00012; sents:    6656; bsz:  509/ 697/ 8; 3798/5196 tok/s; 180472 sec;
[2023-08-26 12:58:19,633 INFO] Step 135800/200000; acc: 68.3; ppl:  20.9; xent: 3.0; lr: 0.00012; sents:    6776; bsz:  501/ 682/ 8; 3751/5103 tok/s; 180579 sec;
[2023-08-26 13:00:06,841 INFO] Step 135900/200000; acc: 68.6; ppl:  20.5; xent: 3.0; lr: 0.00012; sents:    6760; bsz:  503/ 684/ 8; 3753/5106 tok/s; 180686 sec;
[2023-08-26 13:01:53,577 INFO] Step 136000/200000; acc: 68.7; ppl:  20.5; xent: 3.0; lr: 0.00012; sents:    6784; bsz:  499/ 676/ 8; 3742/5064 tok/s; 180793 sec;
[2023-08-26 13:03:25,295 INFO] valid stats calculation
                           took: 91.71376872062683 s.
[2023-08-26 13:03:25,302 INFO] Train perplexity: 21.1857
[2023-08-26 13:03:25,302 INFO] Train accuracy: 67.9988
[2023-08-26 13:03:25,302 INFO] Sentences processed: 4.56125e+06
[2023-08-26 13:03:25,302 INFO] Average bsz:  511/ 698/ 8
[2023-08-26 13:03:25,302 INFO] Validation perplexity: 23.2295
[2023-08-26 13:03:25,303 INFO] Validation accuracy: 65.1694
[2023-08-26 13:03:25,396 INFO] Saving checkpoint /data2/cmdir/home/nhanvt/data_NLLB/nllb_opennmt/training/vi-th/nllb-200-3.3B.onmt_step_136000.pt
[2023-08-26 13:05:38,222 INFO] Step 136100/200000; acc: 68.3; ppl:  20.9; xent: 3.0; lr: 0.00012; sents:    6728; bsz:  495/ 672/ 8; 1762/2394 tok/s; 181017 sec;
[2023-08-26 13:07:25,554 INFO] Step 136200/200000; acc: 68.6; ppl:  20.6; xent: 3.0; lr: 0.00012; sents:    6656; bsz:  512/ 702/ 8; 3819/5235 tok/s; 181125 sec;
[2023-08-26 13:09:13,273 INFO] Step 136300/200000; acc: 68.7; ppl:  20.5; xent: 3.0; lr: 0.00012; sents:    6784; bsz:  509/ 696/ 8; 3782/5166 tok/s; 181232 sec;
[2023-08-26 13:11:00,398 INFO] Step 136400/200000; acc: 68.6; ppl:  20.6; xent: 3.0; lr: 0.00012; sents:    6718; bsz:  506/ 689/ 8; 3776/5143 tok/s; 181339 sec;
[2023-08-26 13:12:49,199 INFO] Step 136500/200000; acc: 68.6; ppl:  20.6; xent: 3.0; lr: 0.00012; sents:    6584; bsz:  529/ 725/ 8; 3886/5333 tok/s; 181448 sec;
[2023-08-26 13:14:20,821 INFO] valid stats calculation
                           took: 91.6171805858612 s.
[2023-08-26 13:14:20,829 INFO] Train perplexity: 21.1838
[2023-08-26 13:14:20,829 INFO] Train accuracy: 68.0006
[2023-08-26 13:14:20,829 INFO] Sentences processed: 4.57803e+06
[2023-08-26 13:14:20,829 INFO] Average bsz:  511/ 698/ 8
[2023-08-26 13:14:20,829 INFO] Validation perplexity: 23.233
[2023-08-26 13:14:20,829 INFO] Validation accuracy: 65.1641
[2023-08-26 13:14:20,923 INFO] Saving checkpoint /data2/cmdir/home/nhanvt/data_NLLB/nllb_opennmt/training/vi-th/nllb-200-3.3B.onmt_step_136500.pt
[2023-08-26 13:16:36,067 INFO] Step 136600/200000; acc: 68.5; ppl:  20.7; xent: 3.0; lr: 0.00012; sents:    6712; bsz:  511/ 695/ 8; 1802/2450 tok/s; 181675 sec;
[2023-08-26 13:18:25,620 INFO] Step 136700/200000; acc: 68.6; ppl:  20.6; xent: 3.0; lr: 0.00012; sents:    6728; bsz:  529/ 722/ 8; 3864/5275 tok/s; 181785 sec;
[2023-08-26 13:20:14,975 INFO] Step 136800/200000; acc: 69.0; ppl:  20.1; xent: 3.0; lr: 0.00012; sents:    6640; bsz:  527/ 724/ 8; 3857/5295 tok/s; 181894 sec;
[2023-08-26 13:22:03,499 INFO] Step 136900/200000; acc: 68.9; ppl:  20.3; xent: 3.0; lr: 0.00012; sents:    6784; bsz:  520/ 709/ 8; 3830/5228 tok/s; 182003 sec;
[2023-08-26 13:23:51,836 INFO] Step 137000/200000; acc: 68.7; ppl:  20.4; xent: 3.0; lr: 0.00012; sents:    6768; bsz:  509/ 694/ 8; 3756/5124 tok/s; 182111 sec;
[2023-08-26 13:25:23,237 INFO] valid stats calculation
                           took: 91.39703845977783 s.
[2023-08-26 13:25:23,245 INFO] Train perplexity: 21.1807
[2023-08-26 13:25:23,245 INFO] Train accuracy: 68.0035
[2023-08-26 13:25:23,245 INFO] Sentences processed: 4.59482e+06
[2023-08-26 13:25:23,245 INFO] Average bsz:  511/ 698/ 8
[2023-08-26 13:25:23,245 INFO] Validation perplexity: 23.2308
[2023-08-26 13:25:23,245 INFO] Validation accuracy: 65.1616
[2023-08-26 13:25:23,337 INFO] Saving checkpoint /data2/cmdir/home/nhanvt/data_NLLB/nllb_opennmt/training/vi-th/nllb-200-3.3B.onmt_step_137000.pt
[2023-08-26 13:27:40,790 INFO] Step 137100/200000; acc: 68.7; ppl:  20.5; xent: 3.0; lr: 0.00012; sents:    6728; bsz:  516/ 705/ 8; 1801/2464 tok/s; 182340 sec;
[2023-08-26 13:29:30,254 INFO] Step 137200/200000; acc: 69.1; ppl:  20.1; xent: 3.0; lr: 0.00012; sents:    6584; bsz:  535/ 738/ 8; 3907/5397 tok/s; 182449 sec;
[2023-08-26 13:31:17,920 INFO] Step 137300/200000; acc: 68.7; ppl:  20.5; xent: 3.0; lr: 0.00012; sents:    6784; bsz:  518/ 707/ 8; 3847/5253 tok/s; 182557 sec;
[2023-08-26 13:33:04,746 INFO] Step 137400/200000; acc: 68.4; ppl:  20.7; xent: 3.0; lr: 0.00012; sents:    6744; bsz:  504/ 685/ 8; 3774/5132 tok/s; 182664 sec;
[2023-08-26 13:34:52,271 INFO] Step 137500/200000; acc: 68.7; ppl:  20.5; xent: 3.0; lr: 0.00012; sents:    6688; bsz:  496/ 678/ 8; 3689/5048 tok/s; 182771 sec;
[2023-08-26 13:36:24,123 INFO] valid stats calculation
                           took: 91.84745001792908 s.
[2023-08-26 13:36:24,131 INFO] Train perplexity: 21.1783
[2023-08-26 13:36:24,131 INFO] Train accuracy: 68.0059
[2023-08-26 13:36:24,131 INFO] Sentences processed: 4.61159e+06
[2023-08-26 13:36:24,131 INFO] Average bsz:  511/ 698/ 8
[2023-08-26 13:36:24,131 INFO] Validation perplexity: 23.2304
[2023-08-26 13:36:24,131 INFO] Validation accuracy: 65.1639
[2023-08-26 13:36:24,226 INFO] Saving checkpoint /data2/cmdir/home/nhanvt/data_NLLB/nllb_opennmt/training/vi-th/nllb-200-3.3B.onmt_step_137500.pt
[2023-08-26 13:38:39,459 INFO] Step 137600/200000; acc: 68.7; ppl:  20.5; xent: 3.0; lr: 0.00012; sents:    6648; bsz:  505/ 693/ 8; 1778/2439 tok/s; 182999 sec;
[2023-08-26 13:40:26,180 INFO] Step 137700/200000; acc: 68.5; ppl:  20.6; xent: 3.0; lr: 0.00012; sents:    6792; bsz:  488/ 663/ 8; 3658/4970 tok/s; 183105 sec;
[2023-08-26 13:42:12,906 INFO] Step 137800/200000; acc: 68.3; ppl:  20.8; xent: 3.0; lr: 0.00012; sents:    6696; bsz:  494/ 670/ 8; 3703/5025 tok/s; 183212 sec;
[2023-08-26 13:43:59,141 INFO] Step 137900/200000; acc: 68.3; ppl:  20.8; xent: 3.0; lr: 0.00012; sents:    6704; bsz:  497/ 675/ 8; 3744/5084 tok/s; 183318 sec;
[2023-08-26 13:45:45,905 INFO] Step 138000/200000; acc: 68.6; ppl:  20.5; xent: 3.0; lr: 0.00012; sents:    6712; bsz:  504/ 685/ 8; 3774/5136 tok/s; 183425 sec;
[2023-08-26 13:47:17,297 INFO] valid stats calculation
                           took: 91.38811898231506 s.
[2023-08-26 13:47:17,305 INFO] Train perplexity: 21.177
[2023-08-26 13:47:17,305 INFO] Train accuracy: 68.0072
[2023-08-26 13:47:17,306 INFO] Sentences processed: 4.62837e+06
[2023-08-26 13:47:17,306 INFO] Average bsz:  511/ 698/ 8
[2023-08-26 13:47:17,306 INFO] Validation perplexity: 23.2296
[2023-08-26 13:47:17,306 INFO] Validation accuracy: 65.17
[2023-08-26 13:47:17,398 INFO] Saving checkpoint /data2/cmdir/home/nhanvt/data_NLLB/nllb_opennmt/training/vi-th/nllb-200-3.3B.onmt_step_138000.pt
[2023-08-26 13:49:31,457 INFO] Step 138100/200000; acc: 68.3; ppl:  20.8; xent: 3.0; lr: 0.00012; sents:    6792; bsz:  487/ 657/ 8; 1727/2330 tok/s; 183650 sec;
[2023-08-26 13:51:18,730 INFO] Step 138200/200000; acc: 68.5; ppl:  20.6; xent: 3.0; lr: 0.00012; sents:    6648; bsz:  512/ 701/ 8; 3820/5228 tok/s; 183758 sec;
[2023-08-26 13:53:06,470 INFO] Step 138300/200000; acc: 68.5; ppl:  20.6; xent: 3.0; lr: 0.00012; sents:    6640; bsz:  514/ 702/ 8; 3820/5211 tok/s; 183866 sec;
[2023-08-26 13:54:54,490 INFO] Step 138400/200000; acc: 68.9; ppl:  20.3; xent: 3.0; lr: 0.00012; sents:    6816; bsz:  519/ 708/ 9; 3843/5245 tok/s; 183974 sec;
[2023-08-26 13:56:41,660 INFO] Step 138500/200000; acc: 68.3; ppl:  20.8; xent: 3.0; lr: 0.00012; sents:    6744; bsz:  500/ 680/ 8; 3734/5079 tok/s; 184081 sec;
[2023-08-26 13:58:13,238 INFO] valid stats calculation
                           took: 91.57399988174438 s.
[2023-08-26 13:58:13,247 INFO] Train perplexity: 21.1755
[2023-08-26 13:58:13,247 INFO] Train accuracy: 68.0086
[2023-08-26 13:58:13,247 INFO] Sentences processed: 4.64518e+06
[2023-08-26 13:58:13,247 INFO] Average bsz:  511/ 698/ 8
[2023-08-26 13:58:13,247 INFO] Validation perplexity: 23.2293
[2023-08-26 13:58:13,247 INFO] Validation accuracy: 65.1702
[2023-08-26 13:58:13,436 INFO] Saving checkpoint /data2/cmdir/home/nhanvt/data_NLLB/nllb_opennmt/training/vi-th/nllb-200-3.3B.onmt_step_138500.pt
[2023-08-26 14:00:33,314 INFO] Step 138600/200000; acc: 68.8; ppl:  20.4; xent: 3.0; lr: 0.00012; sents:    6752; bsz:  513/ 699/ 8; 1771/2413 tok/s; 184312 sec;
[2023-08-26 14:02:21,126 INFO] Step 138700/200000; acc: 69.0; ppl:  20.2; xent: 3.0; lr: 0.00012; sents:    6872; bsz:  505/ 689/ 9; 3749/5111 tok/s; 184420 sec;
[2023-08-26 14:04:08,996 INFO] Step 138800/200000; acc: 68.4; ppl:  20.7; xent: 3.0; lr: 0.00012; sents:    6688; bsz:  505/ 687/ 8; 3748/5096 tok/s; 184528 sec;
[2023-08-26 14:05:57,732 INFO] Step 138900/200000; acc: 69.1; ppl:  20.0; xent: 3.0; lr: 0.00012; sents:    6672; bsz:  516/ 705/ 8; 3795/5190 tok/s; 184637 sec;
[2023-08-26 14:07:45,340 INFO] Step 139000/200000; acc: 68.3; ppl:  20.9; xent: 3.0; lr: 0.00012; sents:    6840; bsz:  501/ 682/ 9; 3725/5068 tok/s; 184744 sec;
[2023-08-26 14:09:17,281 INFO] valid stats calculation
                           took: 91.93677425384521 s.
[2023-08-26 14:09:17,289 INFO] Train perplexity: 21.173
[2023-08-26 14:09:17,289 INFO] Train accuracy: 68.011
[2023-08-26 14:09:17,289 INFO] Sentences processed: 4.66208e+06
[2023-08-26 14:09:17,289 INFO] Average bsz:  511/ 698/ 8
[2023-08-26 14:09:17,289 INFO] Validation perplexity: 23.2297
[2023-08-26 14:09:17,289 INFO] Validation accuracy: 65.1766
[2023-08-26 14:09:17,383 INFO] Saving checkpoint /data2/cmdir/home/nhanvt/data_NLLB/nllb_opennmt/training/vi-th/nllb-200-3.3B.onmt_step_139000.pt
[2023-08-26 14:11:34,552 INFO] Step 139100/200000; acc: 68.5; ppl:  20.7; xent: 3.0; lr: 0.00012; sents:    6672; bsz:  521/ 713/ 8; 1817/2488 tok/s; 184974 sec;
[2023-08-26 14:13:21,181 INFO] Step 139200/200000; acc: 68.5; ppl:  20.6; xent: 3.0; lr: 0.00012; sents:    6784; bsz:  503/ 681/ 8; 3771/5108 tok/s; 185080 sec;
[2023-08-26 14:15:09,264 INFO] Step 139300/200000; acc: 68.8; ppl:  20.4; xent: 3.0; lr: 0.00012; sents:    6648; bsz:  514/ 704/ 8; 3803/5208 tok/s; 185188 sec;
[2023-08-26 14:16:57,422 INFO] Step 139400/200000; acc: 68.7; ppl:  20.5; xent: 3.0; lr: 0.00012; sents:    6704; bsz:  521/ 712/ 8; 3856/5264 tok/s; 185296 sec;
[2023-08-26 14:18:45,260 INFO] Step 139500/200000; acc: 68.6; ppl:  20.6; xent: 3.0; lr: 0.00012; sents:    6616; bsz:  513/ 701/ 8; 3807/5204 tok/s; 185404 sec;
[2023-08-26 14:20:17,101 INFO] valid stats calculation
                           took: 91.8369345664978 s.
[2023-08-26 14:20:17,108 INFO] Train perplexity: 21.1709
[2023-08-26 14:20:17,108 INFO] Train accuracy: 68.013
[2023-08-26 14:20:17,108 INFO] Sentences processed: 4.6788e+06
[2023-08-26 14:20:17,108 INFO] Average bsz:  511/ 698/ 8
[2023-08-26 14:20:17,108 INFO] Validation perplexity: 23.2306
[2023-08-26 14:20:17,108 INFO] Validation accuracy: 65.1735
[2023-08-26 14:20:17,212 INFO] Saving checkpoint /data2/cmdir/home/nhanvt/data_NLLB/nllb_opennmt/training/vi-th/nllb-200-3.3B.onmt_step_139500.pt
[2023-08-26 14:22:32,125 INFO] Step 139600/200000; acc: 68.7; ppl:  20.4; xent: 3.0; lr: 0.00012; sents:    6656; bsz:  521/ 714/ 8; 1837/2518 tok/s; 185631 sec;
[2023-08-26 14:24:19,338 INFO] Step 139700/200000; acc: 68.7; ppl:  20.4; xent: 3.0; lr: 0.00012; sents:    6800; bsz:  510/ 695/ 8; 3804/5184 tok/s; 185738 sec;
[2023-08-26 14:26:07,450 INFO] Step 139800/200000; acc: 68.6; ppl:  20.5; xent: 3.0; lr: 0.00012; sents:    6656; bsz:  517/ 702/ 8; 3827/5198 tok/s; 185846 sec;
[2023-08-26 14:27:55,113 INFO] Step 139900/200000; acc: 68.5; ppl:  20.7; xent: 3.0; lr: 0.00012; sents:    6728; bsz:  516/ 706/ 8; 3833/5243 tok/s; 185954 sec;
[2023-08-26 14:29:40,750 INFO] Step 140000/200000; acc: 68.2; ppl:  21.0; xent: 3.0; lr: 0.00012; sents:    6704; bsz:  489/ 664/ 8; 3706/5031 tok/s; 186060 sec;
[2023-08-26 14:31:12,622 INFO] valid stats calculation
                           took: 91.86847472190857 s.
[2023-08-26 14:31:12,631 INFO] Train perplexity: 21.1697
[2023-08-26 14:31:12,631 INFO] Train accuracy: 68.0139
[2023-08-26 14:31:12,631 INFO] Sentences processed: 4.69556e+06
[2023-08-26 14:31:12,631 INFO] Average bsz:  511/ 698/ 8
[2023-08-26 14:31:12,631 INFO] Validation perplexity: 23.2294
[2023-08-26 14:31:12,631 INFO] Validation accuracy: 65.1814
[2023-08-26 14:31:12,725 INFO] Saving checkpoint /data2/cmdir/home/nhanvt/data_NLLB/nllb_opennmt/training/vi-th/nllb-200-3.3B.onmt_step_140000.pt
[2023-08-26 14:33:26,767 INFO] Step 140100/200000; acc: 68.3; ppl:  20.9; xent: 3.0; lr: 0.00012; sents:    6672; bsz:  478/ 649/ 8; 1692/2296 tok/s; 186286 sec;
[2023-08-26 14:35:13,493 INFO] Step 140200/200000; acc: 68.6; ppl:  20.6; xent: 3.0; lr: 0.00012; sents:    6640; bsz:  498/ 679/ 8; 3731/5090 tok/s; 186393 sec;
[2023-08-26 14:37:00,506 INFO] Step 140300/200000; acc: 68.6; ppl:  20.5; xent: 3.0; lr: 0.00012; sents:    6816; bsz:  506/ 685/ 9; 3785/5123 tok/s; 186500 sec;
[2023-08-26 14:38:47,605 INFO] Step 140400/200000; acc: 68.3; ppl:  20.9; xent: 3.0; lr: 0.00012; sents:    6872; bsz:  502/ 684/ 9; 3753/5106 tok/s; 186607 sec;
[2023-08-26 14:40:35,352 INFO] Step 140500/200000; acc: 68.9; ppl:  20.2; xent: 3.0; lr: 0.00012; sents:    6688; bsz:  518/ 707/ 8; 3843/5249 tok/s; 186714 sec;
[2023-08-26 14:42:07,269 INFO] valid stats calculation
                           took: 91.91243529319763 s.
[2023-08-26 14:42:07,277 INFO] Train perplexity: 21.168
[2023-08-26 14:42:07,277 INFO] Train accuracy: 68.0153
[2023-08-26 14:42:07,277 INFO] Sentences processed: 4.7124e+06
[2023-08-26 14:42:07,277 INFO] Average bsz:  511/ 698/ 8
[2023-08-26 14:42:07,277 INFO] Validation perplexity: 23.23
[2023-08-26 14:42:07,277 INFO] Validation accuracy: 65.1702
[2023-08-26 14:42:07,371 INFO] Saving checkpoint /data2/cmdir/home/nhanvt/data_NLLB/nllb_opennmt/training/vi-th/nllb-200-3.3B.onmt_step_140500.pt
[2023-08-26 14:44:26,913 INFO] Step 140600/200000; acc: 68.6; ppl:  20.6; xent: 3.0; lr: 0.00012; sents:    6768; bsz:  519/ 708/ 8; 1793/2445 tok/s; 186946 sec;
[2023-08-26 14:46:15,000 INFO] Step 140700/200000; acc: 68.4; ppl:  20.8; xent: 3.0; lr: 0.00012; sents:    6824; bsz:  512/ 697/ 9; 3791/5159 tok/s; 187054 sec;
[2023-08-26 14:48:03,037 INFO] Step 140800/200000; acc: 68.6; ppl:  20.5; xent: 3.0; lr: 0.00012; sents:    6744; bsz:  509/ 692/ 8; 3768/5122 tok/s; 187162 sec;
[2023-08-26 14:49:51,532 INFO] Step 140900/200000; acc: 68.8; ppl:  20.3; xent: 3.0; lr: 0.00012; sents:    6720; bsz:  524/ 721/ 8; 3867/5313 tok/s; 187271 sec;
[2023-08-26 14:51:39,408 INFO] Step 141000/200000; acc: 68.8; ppl:  20.4; xent: 3.0; lr: 0.00012; sents:    6664; bsz:  514/ 705/ 8; 3813/5226 tok/s; 187378 sec;
[2023-08-26 14:53:11,403 INFO] valid stats calculation
                           took: 91.99032378196716 s.
[2023-08-26 14:53:11,411 INFO] Train perplexity: 21.1657
[2023-08-26 14:53:11,411 INFO] Train accuracy: 68.0174
[2023-08-26 14:53:11,411 INFO] Sentences processed: 4.72925e+06
[2023-08-26 14:53:11,411 INFO] Average bsz:  511/ 698/ 8
[2023-08-26 14:53:11,411 INFO] Validation perplexity: 23.2302
[2023-08-26 14:53:11,411 INFO] Validation accuracy: 65.1612
[2023-08-26 14:53:11,508 INFO] Saving checkpoint /data2/cmdir/home/nhanvt/data_NLLB/nllb_opennmt/training/vi-th/nllb-200-3.3B.onmt_step_141000.pt
[2023-08-26 14:55:25,109 INFO] Step 141100/200000; acc: 68.2; ppl:  20.9; xent: 3.0; lr: 0.00012; sents:    6672; bsz:  509/ 690/ 8; 1804/2445 tok/s; 187604 sec;
[2023-08-26 14:57:12,636 INFO] Step 141200/200000; acc: 68.4; ppl:  20.9; xent: 3.0; lr: 0.00012; sents:    6664; bsz:  518/ 710/ 8; 3852/5282 tok/s; 187712 sec;
[2023-08-26 14:59:00,670 INFO] Step 141300/200000; acc: 68.5; ppl:  20.6; xent: 3.0; lr: 0.00012; sents:    6656; bsz:  516/ 708/ 8; 3820/5243 tok/s; 187820 sec;
[2023-08-26 15:00:48,190 INFO] Step 141400/200000; acc: 68.5; ppl:  20.6; xent: 3.0; lr: 0.00012; sents:    6624; bsz:  512/ 697/ 8; 3806/5188 tok/s; 187927 sec;
[2023-08-26 15:02:35,184 INFO] Step 141500/200000; acc: 68.5; ppl:  20.7; xent: 3.0; lr: 0.00012; sents:    6792; bsz:  505/ 689/ 8; 3779/5154 tok/s; 188034 sec;
[2023-08-26 15:04:06,896 INFO] valid stats calculation
                           took: 91.70731234550476 s.
[2023-08-26 15:04:06,903 INFO] Train perplexity: 21.1641
[2023-08-26 15:04:06,903 INFO] Train accuracy: 68.0191
[2023-08-26 15:04:06,903 INFO] Sentences processed: 4.74595e+06
[2023-08-26 15:04:06,903 INFO] Average bsz:  511/ 698/ 8
[2023-08-26 15:04:06,903 INFO] Validation perplexity: 23.2316
[2023-08-26 15:04:06,903 INFO] Validation accuracy: 65.1554
[2023-08-26 15:04:06,995 INFO] Saving checkpoint /data2/cmdir/home/nhanvt/data_NLLB/nllb_opennmt/training/vi-th/nllb-200-3.3B.onmt_step_141500.pt
[2023-08-26 15:06:23,980 INFO] Step 141600/200000; acc: 68.7; ppl:  20.5; xent: 3.0; lr: 0.00012; sents:    6688; bsz:  499/ 679/ 8; 1745/2374 tok/s; 188263 sec;
[2023-08-26 15:08:12,371 INFO] Step 141700/200000; acc: 68.9; ppl:  20.2; xent: 3.0; lr: 0.00012; sents:    6744; bsz:  514/ 702/ 8; 3793/5183 tok/s; 188371 sec;
[2023-08-26 15:09:59,578 INFO] Step 141800/200000; acc: 68.7; ppl:  20.4; xent: 3.0; lr: 0.00012; sents:    6704; bsz:  499/ 683/ 8; 3727/5099 tok/s; 188479 sec;
[2023-08-26 15:11:47,054 INFO] Step 141900/200000; acc: 68.6; ppl:  20.6; xent: 3.0; lr: 0.00012; sents:    6688; bsz:  502/ 687/ 8; 3740/5112 tok/s; 188586 sec;
[2023-08-26 15:13:34,016 INFO] Step 142000/200000; acc: 68.5; ppl:  20.8; xent: 3.0; lr: 0.00012; sents:    6680; bsz:  504/ 688/ 8; 3770/5147 tok/s; 188693 sec;
[2023-08-26 15:15:05,767 INFO] valid stats calculation
                           took: 91.74669742584229 s.
[2023-08-26 15:15:05,775 INFO] Train perplexity: 21.1617
[2023-08-26 15:15:05,775 INFO] Train accuracy: 68.0214
[2023-08-26 15:15:05,775 INFO] Sentences processed: 4.7627e+06
[2023-08-26 15:15:05,775 INFO] Average bsz:  511/ 698/ 8
[2023-08-26 15:15:05,775 INFO] Validation perplexity: 23.234
[2023-08-26 15:15:05,775 INFO] Validation accuracy: 65.1575
[2023-08-26 15:15:05,870 INFO] Saving checkpoint /data2/cmdir/home/nhanvt/data_NLLB/nllb_opennmt/training/vi-th/nllb-200-3.3B.onmt_step_142000.pt
[2023-08-26 15:17:22,204 INFO] Step 142100/200000; acc: 68.7; ppl:  20.4; xent: 3.0; lr: 0.00012; sents:    6688; bsz:  511/ 698/ 8; 1791/2447 tok/s; 188921 sec;
[2023-08-26 15:19:11,434 INFO] Step 142200/200000; acc: 68.5; ppl:  20.6; xent: 3.0; lr: 0.00012; sents:    6584; bsz:  515/ 706/ 8; 3769/5169 tok/s; 189030 sec;
[2023-08-26 15:21:01,047 INFO] Step 142300/200000; acc: 68.9; ppl:  20.2; xent: 3.0; lr: 0.00012; sents:    6728; bsz:  519/ 711/ 8; 3790/5191 tok/s; 189140 sec;
[2023-08-26 15:22:50,230 INFO] Step 142400/200000; acc: 68.6; ppl:  20.6; xent: 3.0; lr: 0.00012; sents:    6712; bsz:  526/ 719/ 8; 3853/5271 tok/s; 189249 sec;
[2023-08-26 15:24:38,496 INFO] Step 142500/200000; acc: 68.9; ppl:  20.3; xent: 3.0; lr: 0.00012; sents:    6672; bsz:  525/ 719/ 8; 3879/5316 tok/s; 189358 sec;
[2023-08-26 15:26:10,028 INFO] valid stats calculation
                           took: 91.52710771560669 s.
[2023-08-26 15:26:10,036 INFO] Train perplexity: 21.1594
[2023-08-26 15:26:10,036 INFO] Train accuracy: 68.0235
[2023-08-26 15:26:10,036 INFO] Sentences processed: 4.77941e+06
[2023-08-26 15:26:10,036 INFO] Average bsz:  511/ 698/ 8
[2023-08-26 15:26:10,036 INFO] Validation perplexity: 23.2327
[2023-08-26 15:26:10,036 INFO] Validation accuracy: 65.1651
[2023-08-26 15:26:10,130 INFO] Saving checkpoint /data2/cmdir/home/nhanvt/data_NLLB/nllb_opennmt/training/vi-th/nllb-200-3.3B.onmt_step_142500.pt
[2023-08-26 15:28:28,468 INFO] Step 142600/200000; acc: 68.8; ppl:  20.3; xent: 3.0; lr: 0.00012; sents:    6864; bsz:  522/ 709/ 9; 1815/2468 tok/s; 189588 sec;
[2023-08-26 15:30:16,602 INFO] Step 142700/200000; acc: 68.7; ppl:  20.4; xent: 3.0; lr: 0.00012; sents:    6779; bsz:  517/ 706/ 8; 3823/5223 tok/s; 189696 sec;
[2023-08-26 15:32:03,185 INFO] Step 142800/200000; acc: 68.3; ppl:  20.9; xent: 3.0; lr: 0.00012; sents:    6768; bsz:  502/ 681/ 8; 3772/5113 tok/s; 189802 sec;
[2023-08-26 15:33:50,813 INFO] Step 142900/200000; acc: 68.9; ppl:  20.2; xent: 3.0; lr: 0.00012; sents:    6720; bsz:  517/ 703/ 8; 3845/5228 tok/s; 189910 sec;
[2023-08-26 15:35:39,642 INFO] Step 143000/200000; acc: 68.9; ppl:  20.3; xent: 3.0; lr: 0.00012; sents:    6656; bsz:  534/ 733/ 8; 3929/5387 tok/s; 190019 sec;
[2023-08-26 15:37:11,282 INFO] valid stats calculation
                           took: 91.6354284286499 s.
[2023-08-26 15:37:11,290 INFO] Train perplexity: 21.1569
[2023-08-26 15:37:11,290 INFO] Train accuracy: 68.0257
[2023-08-26 15:37:11,291 INFO] Sentences processed: 4.7963e+06
[2023-08-26 15:37:11,291 INFO] Average bsz:  511/ 698/ 8
[2023-08-26 15:37:11,291 INFO] Validation perplexity: 23.2331
[2023-08-26 15:37:11,291 INFO] Validation accuracy: 65.16
[2023-08-26 15:37:11,384 INFO] Saving checkpoint /data2/cmdir/home/nhanvt/data_NLLB/nllb_opennmt/training/vi-th/nllb-200-3.3B.onmt_step_143000.pt
[2023-08-26 15:39:29,760 INFO] Step 143100/200000; acc: 68.8; ppl:  20.3; xent: 3.0; lr: 0.00012; sents:    6768; bsz:  532/ 732/ 8; 1851/2544 tok/s; 190249 sec;
[2023-08-26 15:41:18,425 INFO] Step 143200/200000; acc: 68.8; ppl:  20.4; xent: 3.0; lr: 0.00012; sents:    6776; bsz:  518/ 705/ 8; 3812/5190 tok/s; 190357 sec;
[2023-08-26 15:43:05,921 INFO] Step 143300/200000; acc: 68.3; ppl:  20.9; xent: 3.0; lr: 0.00012; sents:    6792; bsz:  497/ 677/ 8; 3696/5040 tok/s; 190465 sec;
[2023-08-26 15:44:53,074 INFO] Step 143400/200000; acc: 68.2; ppl:  20.9; xent: 3.0; lr: 0.00012; sents:    6784; bsz:  499/ 678/ 8; 3725/5062 tok/s; 190572 sec;
[2023-08-26 15:46:40,826 INFO] Step 143500/200000; acc: 68.8; ppl:  20.3; xent: 3.0; lr: 0.00012; sents:    6840; bsz:  510/ 695/ 9; 3784/5159 tok/s; 190680 sec;
[2023-08-26 15:48:11,972 INFO] valid stats calculation
                           took: 91.14091753959656 s.
[2023-08-26 15:48:11,979 INFO] Train perplexity: 21.1546
[2023-08-26 15:48:11,979 INFO] Train accuracy: 68.0279
[2023-08-26 15:48:11,979 INFO] Sentences processed: 4.8133e+06
[2023-08-26 15:48:11,979 INFO] Average bsz:  511/ 698/ 8
[2023-08-26 15:48:11,979 INFO] Validation perplexity: 23.2334
[2023-08-26 15:48:11,979 INFO] Validation accuracy: 65.1548
[2023-08-26 15:48:12,073 INFO] Saving checkpoint /data2/cmdir/home/nhanvt/data_NLLB/nllb_opennmt/training/vi-th/nllb-200-3.3B.onmt_step_143500.pt
[2023-08-26 15:50:27,410 INFO] Step 143600/200000; acc: 68.3; ppl:  20.8; xent: 3.0; lr: 0.00012; sents:    6712; bsz:  509/ 693/ 8; 1797/2447 tok/s; 190906 sec;
[2023-08-26 15:52:15,740 INFO] Step 143700/200000; acc: 68.6; ppl:  20.5; xent: 3.0; lr: 0.00012; sents:    6784; bsz:  516/ 701/ 8; 3813/5178 tok/s; 191015 sec;
[2023-08-26 15:54:04,179 INFO] Step 143800/200000; acc: 68.5; ppl:  20.7; xent: 3.0; lr: 0.00012; sents:    6768; bsz:  518/ 707/ 8; 3819/5215 tok/s; 191123 sec;
[2023-08-26 15:55:53,137 INFO] Step 143900/200000; acc: 68.5; ppl:  20.8; xent: 3.0; lr: 0.00012; sents:    6728; bsz:  516/ 703/ 8; 3789/5161 tok/s; 191232 sec;
[2023-08-26 15:57:41,186 INFO] Step 144000/200000; acc: 68.7; ppl:  20.4; xent: 3.0; lr: 0.00012; sents:    6784; bsz:  509/ 692/ 8; 3768/5125 tok/s; 191340 sec;
[2023-08-26 15:59:12,590 INFO] valid stats calculation
                           took: 91.40027070045471 s.
[2023-08-26 15:59:12,598 INFO] Train perplexity: 21.1525
[2023-08-26 15:59:12,598 INFO] Train accuracy: 68.03
[2023-08-26 15:59:12,598 INFO] Sentences processed: 4.83015e+06
[2023-08-26 15:59:12,598 INFO] Average bsz:  511/ 698/ 8
[2023-08-26 15:59:12,598 INFO] Validation perplexity: 23.2312
[2023-08-26 15:59:12,598 INFO] Validation accuracy: 65.1659
[2023-08-26 15:59:12,693 INFO] Saving checkpoint /data2/cmdir/home/nhanvt/data_NLLB/nllb_opennmt/training/vi-th/nllb-200-3.3B.onmt_step_144000.pt
[2023-08-26 16:01:31,059 INFO] Step 144100/200000; acc: 68.4; ppl:  20.8; xent: 3.0; lr: 0.00012; sents:    6784; bsz:  518/ 708/ 8; 1803/2463 tok/s; 191570 sec;
[2023-08-26 16:03:19,041 INFO] Step 144200/200000; acc: 68.5; ppl:  20.7; xent: 3.0; lr: 0.00012; sents:    6712; bsz:  509/ 694/ 8; 3773/5138 tok/s; 191678 sec;
[2023-08-26 16:05:06,805 INFO] Step 144300/200000; acc: 68.4; ppl:  20.8; xent: 3.0; lr: 0.00012; sents:    6848; bsz:  514/ 701/ 9; 3817/5203 tok/s; 191786 sec;
[2023-08-26 16:06:55,077 INFO] Step 144400/200000; acc: 69.0; ppl:  20.1; xent: 3.0; lr: 0.00012; sents:    6600; bsz:  519/ 712/ 8; 3832/5259 tok/s; 191894 sec;
[2023-08-26 16:09:20,281 INFO] Step 144500/200000; acc: 68.4; ppl:  20.7; xent: 3.0; lr: 0.00012; sents:    6584; bsz:  506/ 690/ 8; 2788/3803 tok/s; 192039 sec;
[2023-08-26 16:10:51,457 INFO] valid stats calculation
                           took: 91.1720724105835 s.
[2023-08-26 16:10:51,465 INFO] Train perplexity: 21.1506
[2023-08-26 16:10:51,465 INFO] Train accuracy: 68.0317
[2023-08-26 16:10:51,465 INFO] Sentences processed: 4.84699e+06
[2023-08-26 16:10:51,465 INFO] Average bsz:  511/ 698/ 8
[2023-08-26 16:10:51,465 INFO] Validation perplexity: 23.2315
[2023-08-26 16:10:51,465 INFO] Validation accuracy: 65.1754
[2023-08-26 16:10:51,560 INFO] Saving checkpoint /data2/cmdir/home/nhanvt/data_NLLB/nllb_opennmt/training/vi-th/nllb-200-3.3B.onmt_step_144500.pt
[2023-08-26 16:13:10,108 INFO] Step 144600/200000; acc: 68.5; ppl:  20.6; xent: 3.0; lr: 0.00012; sents:    6712; bsz:  502/ 684/ 8; 1748/2380 tok/s; 192269 sec;
[2023-08-26 16:14:59,012 INFO] Step 144700/200000; acc: 68.6; ppl:  20.6; xent: 3.0; lr: 0.00012; sents:    6672; bsz:  518/ 711/ 8; 3804/5226 tok/s; 192378 sec;
[2023-08-26 16:17:27,979 INFO] Step 144800/200000; acc: 68.3; ppl:  20.9; xent: 3.0; lr: 0.00012; sents:    6624; bsz:  504/ 687/ 8; 2709/3688 tok/s; 192527 sec;
[2023-08-26 16:19:20,062 INFO] Step 144900/200000; acc: 68.7; ppl:  20.4; xent: 3.0; lr: 0.00012; sents:    6728; bsz:  514/ 703/ 8; 3672/5019 tok/s; 192639 sec;
[2023-08-26 16:21:09,056 INFO] Step 145000/200000; acc: 68.9; ppl:  20.4; xent: 3.0; lr: 0.00012; sents:    6696; bsz:  531/ 728/ 8; 3900/5347 tok/s; 192748 sec;
[2023-08-26 16:22:40,983 INFO] valid stats calculation
                           took: 91.92210054397583 s.
[2023-08-26 16:22:40,991 INFO] Train perplexity: 21.1488
[2023-08-26 16:22:40,991 INFO] Train accuracy: 68.0335
[2023-08-26 16:22:40,991 INFO] Sentences processed: 4.86364e+06
[2023-08-26 16:22:40,991 INFO] Average bsz:  511/ 698/ 8
[2023-08-26 16:22:40,991 INFO] Validation perplexity: 23.2321
[2023-08-26 16:22:40,991 INFO] Validation accuracy: 65.1696
[2023-08-26 16:22:41,087 INFO] Saving checkpoint /data2/cmdir/home/nhanvt/data_NLLB/nllb_opennmt/training/vi-th/nllb-200-3.3B.onmt_step_145000.pt
[2023-08-26 16:24:59,771 INFO] Step 145100/200000; acc: 68.3; ppl:  20.9; xent: 3.0; lr: 0.00012; sents:    6832; bsz:  502/ 681/ 9; 1740/2362 tok/s; 192979 sec;
[2023-08-26 16:26:46,332 INFO] Step 145200/200000; acc: 68.7; ppl:  20.5; xent: 3.0; lr: 0.00012; sents:    6560; bsz:  493/ 668/ 8; 3705/5014 tok/s; 193085 sec;
[2023-08-26 16:28:34,679 INFO] Step 145300/200000; acc: 68.6; ppl:  20.5; xent: 3.0; lr: 0.00012; sents:    6776; bsz:  518/ 705/ 8; 3827/5208 tok/s; 193194 sec;
[2023-08-26 16:30:24,573 INFO] Step 145400/200000; acc: 68.9; ppl:  20.3; xent: 3.0; lr: 0.00012; sents:    6680; bsz:  533/ 735/ 8; 3881/5351 tok/s; 193304 sec;
[2023-08-26 16:32:12,744 INFO] Step 145500/200000; acc: 68.8; ppl:  20.4; xent: 3.0; lr: 0.00012; sents:    6721; bsz:  508/ 691/ 8; 3754/5114 tok/s; 193412 sec;
[2023-08-26 16:33:43,691 INFO] valid stats calculation
                           took: 90.94275641441345 s.
[2023-08-26 16:33:43,699 INFO] Train perplexity: 21.1465
[2023-08-26 16:33:43,699 INFO] Train accuracy: 68.0355
[2023-08-26 16:33:43,699 INFO] Sentences processed: 4.88045e+06
[2023-08-26 16:33:43,699 INFO] Average bsz:  511/ 698/ 8
[2023-08-26 16:33:43,699 INFO] Validation perplexity: 23.2335
[2023-08-26 16:33:43,699 INFO] Validation accuracy: 65.1709
[2023-08-26 16:33:43,795 INFO] Saving checkpoint /data2/cmdir/home/nhanvt/data_NLLB/nllb_opennmt/training/vi-th/nllb-200-3.3B.onmt_step_145500.pt
[2023-08-26 16:36:02,534 INFO] Step 145600/200000; acc: 69.0; ppl:  20.2; xent: 3.0; lr: 0.00012; sents:    6592; bsz:  534/ 736/ 8; 1858/2562 tok/s; 193642 sec;
[2023-08-26 16:37:50,115 INFO] Step 145700/200000; acc: 68.5; ppl:  20.7; xent: 3.0; lr: 0.00012; sents:    6664; bsz:  511/ 696/ 8; 3801/5178 tok/s; 193749 sec;
[2023-08-26 16:39:36,966 INFO] Step 145800/200000; acc: 68.5; ppl:  20.6; xent: 3.0; lr: 0.00012; sents:    6592; bsz:  500/ 681/ 8; 3744/5097 tok/s; 193856 sec;
[2023-08-26 16:41:24,091 INFO] Step 145900/200000; acc: 68.3; ppl:  20.9; xent: 3.0; lr: 0.00012; sents:    6888; bsz:  500/ 679/ 9; 3731/5071 tok/s; 193963 sec;
[2023-08-26 16:43:12,305 INFO] Step 146000/200000; acc: 68.7; ppl:  20.5; xent: 3.0; lr: 0.00012; sents:    6744; bsz:  516/ 708/ 8; 3814/5232 tok/s; 194071 sec;
[2023-08-26 16:44:44,376 INFO] valid stats calculation
                           took: 92.06574010848999 s.
[2023-08-26 16:44:44,382 INFO] Train perplexity: 21.1452
[2023-08-26 16:44:44,383 INFO] Train accuracy: 68.0368
[2023-08-26 16:44:44,383 INFO] Sentences processed: 4.8972e+06
[2023-08-26 16:44:44,383 INFO] Average bsz:  511/ 698/ 8
[2023-08-26 16:44:44,383 INFO] Validation perplexity: 23.2333
[2023-08-26 16:44:44,383 INFO] Validation accuracy: 65.1628
[2023-08-26 16:44:44,475 INFO] Saving checkpoint /data2/cmdir/home/nhanvt/data_NLLB/nllb_opennmt/training/vi-th/nllb-200-3.3B.onmt_step_146000.pt
[2023-08-26 16:47:02,906 INFO] Step 146100/200000; acc: 68.8; ppl:  20.3; xent: 3.0; lr: 0.00012; sents:    6704; bsz:  533/ 733/ 8; 1850/2543 tok/s; 194302 sec;
[2023-08-26 16:48:51,740 INFO] Step 146200/200000; acc: 68.6; ppl:  20.6; xent: 3.0; lr: 0.00012; sents:    6696; bsz:  515/ 702/ 8; 3788/5162 tok/s; 194411 sec;
[2023-08-26 16:50:40,313 INFO] Step 146300/200000; acc: 68.9; ppl:  20.2; xent: 3.0; lr: 0.00012; sents:    6760; bsz:  513/ 703/ 8; 3783/5177 tok/s; 194519 sec;
[2023-08-26 16:52:28,581 INFO] Step 146400/200000; acc: 68.7; ppl:  20.5; xent: 3.0; lr: 0.00012; sents:    6688; bsz:  507/ 694/ 8; 3745/5126 tok/s; 194628 sec;
[2023-08-26 16:54:17,554 INFO] Step 146500/200000; acc: 68.5; ppl:  20.7; xent: 3.0; lr: 0.00012; sents:    6720; bsz:  519/ 707/ 8; 3810/5192 tok/s; 194737 sec;
[2023-08-26 16:55:48,905 INFO] valid stats calculation
                           took: 91.34677910804749 s.
[2023-08-26 16:55:48,913 INFO] Train perplexity: 21.1431
[2023-08-26 16:55:48,913 INFO] Train accuracy: 68.0387
[2023-08-26 16:55:48,913 INFO] Sentences processed: 4.91398e+06
[2023-08-26 16:55:48,913 INFO] Average bsz:  511/ 698/ 8
[2023-08-26 16:55:48,913 INFO] Validation perplexity: 23.2345
[2023-08-26 16:55:48,914 INFO] Validation accuracy: 65.1657
[2023-08-26 16:55:49,005 INFO] Saving checkpoint /data2/cmdir/home/nhanvt/data_NLLB/nllb_opennmt/training/vi-th/nllb-200-3.3B.onmt_step_146500.pt
[2023-08-26 16:58:09,479 INFO] Step 146600/200000; acc: 68.9; ppl:  20.3; xent: 3.0; lr: 0.00012; sents:    6656; bsz:  530/ 727/ 8; 1827/2509 tok/s; 194969 sec;
[2023-08-26 16:59:58,334 INFO] Step 146700/200000; acc: 68.5; ppl:  20.7; xent: 3.0; lr: 0.00012; sents:    6656; bsz:  524/ 714/ 8; 3852/5251 tok/s; 195077 sec;
[2023-08-26 17:01:46,334 INFO] Step 146800/200000; acc: 68.2; ppl:  21.0; xent: 3.0; lr: 0.00012; sents:    6680; bsz:  515/ 700/ 8; 3815/5186 tok/s; 195185 sec;
[2023-08-26 17:03:33,656 INFO] Step 146900/200000; acc: 68.6; ppl:  20.5; xent: 3.0; lr: 0.00012; sents:    6696; bsz:  502/ 685/ 8; 3745/5109 tok/s; 195293 sec;
[2023-08-26 17:05:22,281 INFO] Step 147000/200000; acc: 68.6; ppl:  20.5; xent: 3.0; lr: 0.00012; sents:    6744; bsz:  524/ 719/ 8; 3856/5293 tok/s; 195401 sec;
[2023-08-26 17:06:53,704 INFO] valid stats calculation
                           took: 91.41883778572083 s.
[2023-08-26 17:06:53,715 INFO] Train perplexity: 21.1416
[2023-08-26 17:06:53,715 INFO] Train accuracy: 68.0401
[2023-08-26 17:06:53,715 INFO] Sentences processed: 4.93068e+06
[2023-08-26 17:06:53,715 INFO] Average bsz:  511/ 698/ 8
[2023-08-26 17:06:53,715 INFO] Validation perplexity: 23.2352
[2023-08-26 17:06:53,716 INFO] Validation accuracy: 65.1663
[2023-08-26 17:06:53,812 INFO] Saving checkpoint /data2/cmdir/home/nhanvt/data_NLLB/nllb_opennmt/training/vi-th/nllb-200-3.3B.onmt_step_147000.pt
[2023-08-26 17:09:08,393 INFO] Step 147100/200000; acc: 68.6; ppl:  20.6; xent: 3.0; lr: 0.00012; sents:    6672; bsz:  515/ 708/ 8; 1821/2504 tok/s; 195627 sec;
[2023-08-26 17:10:56,944 INFO] Step 147200/200000; acc: 68.7; ppl:  20.4; xent: 3.0; lr: 0.00012; sents:    6832; bsz:  505/ 692/ 9; 3722/5102 tok/s; 195736 sec;
[2023-08-26 17:12:45,879 INFO] Step 147300/200000; acc: 68.8; ppl:  20.4; xent: 3.0; lr: 0.00012; sents:    6728; bsz:  516/ 707/ 8; 3789/5191 tok/s; 195845 sec;
[2023-08-26 17:14:34,123 INFO] Step 147400/200000; acc: 68.4; ppl:  20.8; xent: 3.0; lr: 0.00012; sents:    6792; bsz:  515/ 706/ 8; 3803/5220 tok/s; 195953 sec;
[2023-08-26 17:16:22,746 INFO] Step 147500/200000; acc: 68.8; ppl:  20.4; xent: 3.0; lr: 0.00012; sents:    6688; bsz:  511/ 699/ 8; 3767/5147 tok/s; 196062 sec;
[2023-08-26 17:17:54,408 INFO] valid stats calculation
                           took: 91.65733861923218 s.
[2023-08-26 17:17:54,415 INFO] Train perplexity: 21.1397
[2023-08-26 17:17:54,415 INFO] Train accuracy: 68.042
[2023-08-26 17:17:54,415 INFO] Sentences processed: 4.94753e+06
[2023-08-26 17:17:54,415 INFO] Average bsz:  511/ 698/ 8
[2023-08-26 17:17:54,415 INFO] Validation perplexity: 23.2378
[2023-08-26 17:17:54,415 INFO] Validation accuracy: 65.1618
[2023-08-26 17:17:54,507 INFO] Saving checkpoint /data2/cmdir/home/nhanvt/data_NLLB/nllb_opennmt/training/vi-th/nllb-200-3.3B.onmt_step_147500.pt
[2023-08-26 17:20:08,254 INFO] Step 147600/200000; acc: 68.3; ppl:  20.9; xent: 3.0; lr: 0.00012; sents:    6680; bsz:  511/ 696/ 8; 1812/2468 tok/s; 196287 sec;
[2023-08-26 17:21:56,623 INFO] Step 147700/200000; acc: 69.0; ppl:  20.2; xent: 3.0; lr: 0.00011; sents:    6712; bsz:  522/ 717/ 8; 3850/5291 tok/s; 196396 sec;
[2023-08-26 17:23:44,587 INFO] Step 147800/200000; acc: 68.8; ppl:  20.3; xent: 3.0; lr: 0.00011; sents:    6736; bsz:  524/ 716/ 8; 3882/5303 tok/s; 196504 sec;
[2023-08-26 17:25:32,585 INFO] Step 147900/200000; acc: 68.7; ppl:  20.4; xent: 3.0; lr: 0.00011; sents:    6752; bsz:  518/ 709/ 8; 3836/5251 tok/s; 196612 sec;
[2023-08-26 17:27:19,645 INFO] Step 148000/200000; acc: 68.2; ppl:  20.9; xent: 3.0; lr: 0.00011; sents:    6760; bsz:  513/ 698/ 8; 3830/5212 tok/s; 196719 sec;
[2023-08-26 17:28:51,184 INFO] valid stats calculation
                           took: 91.53527092933655 s.
[2023-08-26 17:28:51,192 INFO] Train perplexity: 21.1374
[2023-08-26 17:28:51,193 INFO] Train accuracy: 68.0441
[2023-08-26 17:28:51,193 INFO] Sentences processed: 4.96436e+06
[2023-08-26 17:28:51,193 INFO] Average bsz:  511/ 698/ 8
[2023-08-26 17:28:51,193 INFO] Validation perplexity: 23.238
[2023-08-26 17:28:51,193 INFO] Validation accuracy: 65.1655
[2023-08-26 17:28:51,284 INFO] Saving checkpoint /data2/cmdir/home/nhanvt/data_NLLB/nllb_opennmt/training/vi-th/nllb-200-3.3B.onmt_step_148000.pt
[2023-08-26 17:31:07,150 INFO] Step 148100/200000; acc: 68.7; ppl:  20.5; xent: 3.0; lr: 0.00011; sents:    6641; bsz:  509/ 694/ 8; 1789/2440 tok/s; 196946 sec;
[2023-08-26 17:32:55,349 INFO] Step 148200/200000; acc: 68.7; ppl:  20.5; xent: 3.0; lr: 0.00011; sents:    6632; bsz:  516/ 707/ 8; 3817/5225 tok/s; 197054 sec;
[2023-08-26 17:34:42,760 INFO] Step 148300/200000; acc: 68.9; ppl:  20.3; xent: 3.0; lr: 0.00011; sents:    6752; bsz:  512/ 698/ 8; 3816/5201 tok/s; 197162 sec;
[2023-08-26 17:36:30,008 INFO] Step 148400/200000; acc: 68.6; ppl:  20.5; xent: 3.0; lr: 0.00011; sents:    6872; bsz:  511/ 697/ 9; 3815/5201 tok/s; 197269 sec;
[2023-08-26 17:38:18,032 INFO] Step 148500/200000; acc: 68.7; ppl:  20.4; xent: 3.0; lr: 0.00011; sents:    6664; bsz:  528/ 720/ 8; 3908/5330 tok/s; 197377 sec;
[2023-08-26 17:39:49,550 INFO] valid stats calculation
                           took: 91.51309037208557 s.
[2023-08-26 17:39:49,557 INFO] Train perplexity: 21.1355
[2023-08-26 17:39:49,557 INFO] Train accuracy: 68.0458
[2023-08-26 17:39:49,558 INFO] Sentences processed: 4.98115e+06
[2023-08-26 17:39:49,558 INFO] Average bsz:  511/ 698/ 8
[2023-08-26 17:39:49,558 INFO] Validation perplexity: 23.2385
[2023-08-26 17:39:49,558 INFO] Validation accuracy: 65.1581
[2023-08-26 17:39:49,650 INFO] Saving checkpoint /data2/cmdir/home/nhanvt/data_NLLB/nllb_opennmt/training/vi-th/nllb-200-3.3B.onmt_step_148500.pt
[2023-08-26 17:42:05,316 INFO] Step 148600/200000; acc: 68.5; ppl:  20.7; xent: 3.0; lr: 0.00011; sents:    6752; bsz:  517/ 707/ 8; 1821/2489 tok/s; 197604 sec;
[2023-08-26 17:43:52,172 INFO] Step 148700/200000; acc: 68.7; ppl:  20.5; xent: 3.0; lr: 0.00011; sents:    6888; bsz:  492/ 668/ 9; 3684/5003 tok/s; 197711 sec;
[2023-08-26 17:45:39,265 INFO] Step 148800/200000; acc: 68.4; ppl:  20.8; xent: 3.0; lr: 0.00011; sents:    6784; bsz:  489/ 665/ 8; 3649/4970 tok/s; 197818 sec;
[2023-08-26 17:47:26,285 INFO] Step 148900/200000; acc: 68.2; ppl:  21.0; xent: 3.0; lr: 0.00011; sents:    6776; bsz:  485/ 655/ 8; 3628/4896 tok/s; 197925 sec;
[2023-08-26 17:49:13,732 INFO] Step 149000/200000; acc: 68.2; ppl:  21.0; xent: 3.0; lr: 0.00011; sents:    6704; bsz:  495/ 673/ 8; 3682/5014 tok/s; 198033 sec;
[2023-08-26 17:50:45,450 INFO] valid stats calculation
                           took: 91.71308732032776 s.
[2023-08-26 17:50:45,458 INFO] Train perplexity: 21.1345
[2023-08-26 17:50:45,458 INFO] Train accuracy: 68.0468
[2023-08-26 17:50:45,458 INFO] Sentences processed: 4.99808e+06
[2023-08-26 17:50:45,458 INFO] Average bsz:  511/ 698/ 8
[2023-08-26 17:50:45,458 INFO] Validation perplexity: 23.2384
[2023-08-26 17:50:45,458 INFO] Validation accuracy: 65.1589
[2023-08-26 17:50:45,551 INFO] Saving checkpoint /data2/cmdir/home/nhanvt/data_NLLB/nllb_opennmt/training/vi-th/nllb-200-3.3B.onmt_step_149000.pt
[2023-08-26 17:53:02,436 INFO] Step 149100/200000; acc: 68.7; ppl:  20.5; xent: 3.0; lr: 0.00011; sents:    6728; bsz:  505/ 688/ 8; 1767/2408 tok/s; 198261 sec;
[2023-08-26 17:54:50,767 INFO] Step 149200/200000; acc: 68.5; ppl:  20.7; xent: 3.0; lr: 0.00011; sents:    6640; bsz:  524/ 719/ 8; 3868/5307 tok/s; 198370 sec;
[2023-08-26 17:56:39,185 INFO] Step 149300/200000; acc: 69.1; ppl:  20.1; xent: 3.0; lr: 0.00011; sents:    6656; bsz:  521/ 716/ 8; 3846/5286 tok/s; 198478 sec;
[2023-08-26 17:58:26,219 INFO] Step 149400/200000; acc: 68.4; ppl:  20.8; xent: 3.0; lr: 0.00011; sents:    6704; bsz:  511/ 698/ 8; 3820/5214 tok/s; 198585 sec;
[2023-08-26 18:00:14,178 INFO] Step 149500/200000; acc: 68.7; ppl:  20.5; xent: 3.0; lr: 0.00011; sents:    6576; bsz:  512/ 698/ 8; 3791/5176 tok/s; 198693 sec;
[2023-08-26 18:01:45,612 INFO] valid stats calculation
                           took: 91.42924308776855 s.
[2023-08-26 18:01:45,620 INFO] Train perplexity: 21.1333
[2023-08-26 18:01:45,620 INFO] Train accuracy: 68.048
[2023-08-26 18:01:45,620 INFO] Sentences processed: 5.01474e+06
[2023-08-26 18:01:45,620 INFO] Average bsz:  511/ 698/ 8
[2023-08-26 18:01:45,620 INFO] Validation perplexity: 23.2381
[2023-08-26 18:01:45,620 INFO] Validation accuracy: 65.163
[2023-08-26 18:01:45,714 INFO] Saving checkpoint /data2/cmdir/home/nhanvt/data_NLLB/nllb_opennmt/training/vi-th/nllb-200-3.3B.onmt_step_149500.pt
[2023-08-26 18:04:04,238 INFO] Step 149600/200000; acc: 68.6; ppl:  20.5; xent: 3.0; lr: 0.00011; sents:    6672; bsz:  511/ 697/ 8; 1778/2423 tok/s; 198923 sec;
[2023-08-26 18:05:54,152 INFO] Step 149700/200000; acc: 68.7; ppl:  20.5; xent: 3.0; lr: 0.00011; sents:    6688; bsz:  530/ 729/ 8; 3860/5303 tok/s; 199033 sec;
[2023-08-26 18:07:42,694 INFO] Step 149800/200000; acc: 68.6; ppl:  20.6; xent: 3.0; lr: 0.00011; sents:    6776; bsz:  510/ 698/ 8; 3762/5143 tok/s; 199142 sec;
[2023-08-26 18:09:31,224 INFO] Step 149900/200000; acc: 68.8; ppl:  20.4; xent: 3.0; lr: 0.00011; sents:    6688; bsz:  507/ 692/ 8; 3734/5101 tok/s; 199250 sec;
[2023-08-26 18:11:18,263 INFO] Step 150000/200000; acc: 68.3; ppl:  20.8; xent: 3.0; lr: 0.00011; sents:    6616; bsz:  502/ 684/ 8; 3752/5111 tok/s; 199357 sec;
[2023-08-26 18:12:49,988 INFO] valid stats calculation
                           took: 91.72065544128418 s.
[2023-08-26 18:12:49,996 INFO] Train perplexity: 21.1316
[2023-08-26 18:12:49,996 INFO] Train accuracy: 68.0496
[2023-08-26 18:12:49,996 INFO] Sentences processed: 5.03148e+06
[2023-08-26 18:12:49,996 INFO] Average bsz:  511/ 698/ 8
[2023-08-26 18:12:49,996 INFO] Validation perplexity: 23.2393
[2023-08-26 18:12:49,996 INFO] Validation accuracy: 65.1558
[2023-08-26 18:12:50,089 INFO] Saving checkpoint /data2/cmdir/home/nhanvt/data_NLLB/nllb_opennmt/training/vi-th/nllb-200-3.3B.onmt_step_150000.pt
[2023-08-26 18:15:07,033 INFO] Step 150100/200000; acc: 68.5; ppl:  20.7; xent: 3.0; lr: 0.00011; sents:    6624; bsz:  511/ 699/ 8; 1787/2443 tok/s; 199586 sec;
[2023-08-26 18:16:54,361 INFO] Step 150200/200000; acc: 68.7; ppl:  20.4; xent: 3.0; lr: 0.00011; sents:    6672; bsz:  503/ 687/ 8; 3747/5119 tok/s; 199693 sec;
[2023-08-26 18:18:41,100 INFO] Step 150300/200000; acc: 68.3; ppl:  20.8; xent: 3.0; lr: 0.00011; sents:    6632; bsz:  500/ 683/ 8; 3747/5116 tok/s; 199800 sec;
[2023-08-26 18:20:28,132 INFO] Step 150400/200000; acc: 68.7; ppl:  20.4; xent: 3.0; lr: 0.00011; sents:    6736; bsz:  508/ 691/ 8; 3794/5164 tok/s; 199907 sec;
[2023-08-26 18:22:14,534 INFO] Step 150500/200000; acc: 68.5; ppl:  20.6; xent: 3.0; lr: 0.00011; sents:    6712; bsz:  499/ 676/ 8; 3749/5083 tok/s; 200014 sec;
[2023-08-26 18:23:45,962 INFO] valid stats calculation
                           took: 91.42345333099365 s.
[2023-08-26 18:23:45,969 INFO] Train perplexity: 21.1301
[2023-08-26 18:23:45,969 INFO] Train accuracy: 68.0508
[2023-08-26 18:23:45,969 INFO] Sentences processed: 5.04819e+06
[2023-08-26 18:23:45,969 INFO] Average bsz:  511/ 698/ 8
[2023-08-26 18:23:45,969 INFO] Validation perplexity: 23.2401
[2023-08-26 18:23:45,969 INFO] Validation accuracy: 65.1596
[2023-08-26 18:23:46,063 INFO] Saving checkpoint /data2/cmdir/home/nhanvt/data_NLLB/nllb_opennmt/training/vi-th/nllb-200-3.3B.onmt_step_150500.pt
[2023-08-26 18:26:03,866 INFO] Step 150600/200000; acc: 68.4; ppl:  20.6; xent: 3.0; lr: 0.00011; sents:    6680; bsz:  494/ 670/ 8; 1723/2337 tok/s; 200243 sec;
[2023-08-26 18:27:51,303 INFO] Step 150700/200000; acc: 68.3; ppl:  20.8; xent: 3.0; lr: 0.00011; sents:    6616; bsz:  496/ 676/ 8; 3697/5035 tok/s; 200350 sec;
[2023-08-26 18:29:39,547 INFO] Step 150800/200000; acc: 68.6; ppl:  20.7; xent: 3.0; lr: 0.00011; sents:    6768; bsz:  503/ 687/ 8; 3717/5075 tok/s; 200459 sec;
[2023-08-26 18:31:27,313 INFO] Step 150900/200000; acc: 68.6; ppl:  20.5; xent: 3.0; lr: 0.00011; sents:    6832; bsz:  506/ 689/ 9; 3755/5115 tok/s; 200566 sec;
[2023-08-26 18:33:16,237 INFO] Step 151000/200000; acc: 68.9; ppl:  20.3; xent: 3.0; lr: 0.00011; sents:    6632; bsz:  517/ 709/ 8; 3797/5206 tok/s; 200675 sec;
[2023-08-26 18:34:47,758 INFO] valid stats calculation
                           took: 91.51661348342896 s.
[2023-08-26 18:34:47,766 INFO] Train perplexity: 21.1282
[2023-08-26 18:34:47,766 INFO] Train accuracy: 68.0526
[2023-08-26 18:34:47,766 INFO] Sentences processed: 5.06493e+06
[2023-08-26 18:34:47,766 INFO] Average bsz:  511/ 698/ 8
[2023-08-26 18:34:47,766 INFO] Validation perplexity: 23.2402
[2023-08-26 18:34:47,766 INFO] Validation accuracy: 65.1548
[2023-08-26 18:34:47,861 INFO] Saving checkpoint /data2/cmdir/home/nhanvt/data_NLLB/nllb_opennmt/training/vi-th/nllb-200-3.3B.onmt_step_151000.pt
[2023-08-26 18:37:05,216 INFO] Step 151100/200000; acc: 68.6; ppl:  20.6; xent: 3.0; lr: 0.00011; sents:    6736; bsz:  506/ 688/ 8; 1770/2405 tok/s; 200904 sec;
[2023-08-26 18:38:53,873 INFO] Step 151200/200000; acc: 68.5; ppl:  20.6; xent: 3.0; lr: 0.00011; sents:    6928; bsz:  521/ 711/ 9; 3836/5237 tok/s; 201013 sec;
[2023-08-26 18:40:42,394 INFO] Step 151300/200000; acc: 68.3; ppl:  20.9; xent: 3.0; lr: 0.00011; sents:    6808; bsz:  521/ 711/ 9; 3839/5240 tok/s; 201121 sec;
[2023-08-26 18:42:30,272 INFO] Step 151400/200000; acc: 68.6; ppl:  20.6; xent: 3.0; lr: 0.00011; sents:    6696; bsz:  510/ 699/ 8; 3779/5184 tok/s; 201229 sec;
[2023-08-26 18:44:17,946 INFO] Step 151500/200000; acc: 68.3; ppl:  20.9; xent: 3.0; lr: 0.00011; sents:    6496; bsz:  512/ 700/ 8; 3802/5203 tok/s; 201337 sec;
[2023-08-26 18:45:49,860 INFO] valid stats calculation
                           took: 91.90969753265381 s.
[2023-08-26 18:45:49,868 INFO] Train perplexity: 21.1273
[2023-08-26 18:45:49,868 INFO] Train accuracy: 68.0536
[2023-08-26 18:45:49,868 INFO] Sentences processed: 5.08177e+06
[2023-08-26 18:45:49,868 INFO] Average bsz:  511/ 698/ 8
[2023-08-26 18:45:49,868 INFO] Validation perplexity: 23.2424
[2023-08-26 18:45:49,868 INFO] Validation accuracy: 65.1626
[2023-08-26 18:45:49,962 INFO] Saving checkpoint /data2/cmdir/home/nhanvt/data_NLLB/nllb_opennmt/training/vi-th/nllb-200-3.3B.onmt_step_151500.pt
[2023-08-26 18:48:09,683 INFO] Step 151600/200000; acc: 68.5; ppl:  20.7; xent: 3.0; lr: 0.00011; sents:    6776; bsz:  497/ 674/ 8; 1715/2326 tok/s; 201569 sec;
[2023-08-26 18:49:58,439 INFO] Step 151700/200000; acc: 68.9; ppl:  20.3; xent: 3.0; lr: 0.00011; sents:    6632; bsz:  517/ 709/ 8; 3805/5212 tok/s; 201677 sec;
[2023-08-26 18:51:46,950 INFO] Step 151800/200000; acc: 69.0; ppl:  20.2; xent: 3.0; lr: 0.00011; sents:    6672; bsz:  508/ 694/ 8; 3746/5117 tok/s; 201786 sec;
[2023-08-26 18:53:34,384 INFO] Step 151900/200000; acc: 68.4; ppl:  20.7; xent: 3.0; lr: 0.00011; sents:    6816; bsz:  502/ 683/ 9; 3736/5087 tok/s; 201893 sec;
[2023-08-26 18:55:22,066 INFO] Step 152000/200000; acc: 68.3; ppl:  20.9; xent: 3.0; lr: 0.00011; sents:    6728; bsz:  500/ 681/ 8; 3717/5061 tok/s; 202001 sec;
[2023-08-26 18:56:53,621 INFO] valid stats calculation
                           took: 91.55046939849854 s.
[2023-08-26 18:56:53,629 INFO] Train perplexity: 21.1255
[2023-08-26 18:56:53,629 INFO] Train accuracy: 68.0552
[2023-08-26 18:56:53,629 INFO] Sentences processed: 5.09861e+06
[2023-08-26 18:56:53,629 INFO] Average bsz:  511/ 698/ 8
[2023-08-26 18:56:53,629 INFO] Validation perplexity: 23.2419
[2023-08-26 18:56:53,629 INFO] Validation accuracy: 65.1606
[2023-08-26 18:56:53,723 INFO] Saving checkpoint /data2/cmdir/home/nhanvt/data_NLLB/nllb_opennmt/training/vi-th/nllb-200-3.3B.onmt_step_152000.pt
[2023-08-26 18:59:11,314 INFO] Step 152100/200000; acc: 68.7; ppl:  20.5; xent: 3.0; lr: 0.00011; sents:    6640; bsz:  516/ 708/ 8; 1800/2471 tok/s; 202230 sec;
[2023-08-26 19:01:01,529 INFO] Step 152200/200000; acc: 68.8; ppl:  20.4; xent: 3.0; lr: 0.00011; sents:    6720; bsz:  525/ 721/ 8; 3808/5233 tok/s; 202341 sec;
[2023-08-26 19:02:49,420 INFO] Step 152300/200000; acc: 68.2; ppl:  20.9; xent: 3.0; lr: 0.00011; sents:    6664; bsz:  502/ 681/ 8; 3726/5051 tok/s; 202448 sec;
[2023-08-26 19:04:36,800 INFO] Step 152400/200000; acc: 68.7; ppl:  20.5; xent: 3.0; lr: 0.00011; sents:    6712; bsz:  509/ 697/ 8; 3796/5195 tok/s; 202556 sec;
[2023-08-26 19:06:26,544 INFO] Step 152500/200000; acc: 68.7; ppl:  20.6; xent: 3.0; lr: 0.00011; sents:    6648; bsz:  534/ 736/ 8; 3896/5365 tok/s; 202666 sec;
[2023-08-26 19:07:57,232 INFO] valid stats calculation
                           took: 90.68377470970154 s.
[2023-08-26 19:07:57,240 INFO] Train perplexity: 21.1238
[2023-08-26 19:07:57,240 INFO] Train accuracy: 68.0569
[2023-08-26 19:07:57,240 INFO] Sentences processed: 5.11528e+06
[2023-08-26 19:07:57,240 INFO] Average bsz:  511/ 698/ 8
[2023-08-26 19:07:57,240 INFO] Validation perplexity: 23.2443
[2023-08-26 19:07:57,240 INFO] Validation accuracy: 65.1577
[2023-08-26 19:07:57,334 INFO] Saving checkpoint /data2/cmdir/home/nhanvt/data_NLLB/nllb_opennmt/training/vi-th/nllb-200-3.3B.onmt_step_152500.pt
[2023-08-26 19:10:19,948 INFO] Step 152600/200000; acc: 68.6; ppl:  20.6; xent: 3.0; lr: 0.00011; sents:    6672; bsz:  527/ 724/ 8; 1806/2480 tok/s; 202899 sec;
[2023-08-26 19:12:07,580 INFO] Step 152700/200000; acc: 68.5; ppl:  20.7; xent: 3.0; lr: 0.00011; sents:    6680; bsz:  495/ 672/ 8; 3677/4996 tok/s; 203007 sec;
[2023-08-26 19:13:56,850 INFO] Step 152800/200000; acc: 68.8; ppl:  20.4; xent: 3.0; lr: 0.00011; sents:    6728; bsz:  523/ 717/ 8; 3830/5248 tok/s; 203116 sec;
[2023-08-26 19:15:44,754 INFO] Step 152900/200000; acc: 68.8; ppl:  20.3; xent: 3.0; lr: 0.00011; sents:    6688; bsz:  504/ 685/ 8; 3735/5082 tok/s; 203224 sec;
[2023-08-26 19:17:33,008 INFO] Step 153000/200000; acc: 68.2; ppl:  21.0; xent: 3.0; lr: 0.00011; sents:    6704; bsz:  501/ 683/ 8; 3699/5046 tok/s; 203332 sec;
[2023-08-26 19:19:04,756 INFO] valid stats calculation
                           took: 91.7433409690857 s.
[2023-08-26 19:19:04,763 INFO] Train perplexity: 21.1225
[2023-08-26 19:19:04,763 INFO] Train accuracy: 68.0582
[2023-08-26 19:19:04,763 INFO] Sentences processed: 5.13204e+06
[2023-08-26 19:19:04,763 INFO] Average bsz:  511/ 698/ 8
[2023-08-26 19:19:04,763 INFO] Validation perplexity: 23.2417
[2023-08-26 19:19:04,763 INFO] Validation accuracy: 65.1665
[2023-08-26 19:19:04,857 INFO] Saving checkpoint /data2/cmdir/home/nhanvt/data_NLLB/nllb_opennmt/training/vi-th/nllb-200-3.3B.onmt_step_153000.pt
[2023-08-26 19:21:25,547 INFO] Step 153100/200000; acc: 68.6; ppl:  20.5; xent: 3.0; lr: 0.00011; sents:    6600; bsz:  511/ 702/ 8; 1758/2416 tok/s; 203565 sec;
[2023-08-26 19:23:14,771 INFO] Step 153200/200000; acc: 68.9; ppl:  20.3; xent: 3.0; lr: 0.00011; sents:    6608; bsz:  527/ 721/ 8; 3863/5284 tok/s; 203674 sec;
[2023-08-26 19:25:03,757 INFO] Step 153300/200000; acc: 68.8; ppl:  20.4; xent: 3.0; lr: 0.00011; sents:    6672; bsz:  518/ 709/ 8; 3805/5207 tok/s; 203783 sec;
[2023-08-26 19:26:52,413 INFO] Step 153400/200000; acc: 68.6; ppl:  20.6; xent: 3.0; lr: 0.00011; sents:    6736; bsz:  528/ 723/ 8; 3889/5322 tok/s; 203891 sec;
[2023-08-26 19:28:40,358 INFO] Step 153500/200000; acc: 68.4; ppl:  20.8; xent: 3.0; lr: 0.00011; sents:    6768; bsz:  518/ 712/ 8; 3841/5275 tok/s; 203999 sec;
[2023-08-26 19:30:11,783 INFO] valid stats calculation
                           took: 91.42065334320068 s.
[2023-08-26 19:30:11,791 INFO] Train perplexity: 21.1206
[2023-08-26 19:30:11,791 INFO] Train accuracy: 68.06
[2023-08-26 19:30:11,791 INFO] Sentences processed: 5.14866e+06
[2023-08-26 19:30:11,791 INFO] Average bsz:  511/ 698/ 8
[2023-08-26 19:30:11,791 INFO] Validation perplexity: 23.2427
[2023-08-26 19:30:11,791 INFO] Validation accuracy: 65.1698
[2023-08-26 19:30:11,883 INFO] Saving checkpoint /data2/cmdir/home/nhanvt/data_NLLB/nllb_opennmt/training/vi-th/nllb-200-3.3B.onmt_step_153500.pt
[2023-08-26 19:32:37,445 INFO] Step 153600/200000; acc: 69.0; ppl:  20.2; xent: 3.0; lr: 0.00011; sents:    6724; bsz:  521/ 713/ 8; 1758/2407 tok/s; 204236 sec;
[2023-08-26 19:34:25,332 INFO] Step 153700/200000; acc: 68.6; ppl:  20.6; xent: 3.0; lr: 0.00011; sents:    6768; bsz:  515/ 704/ 8; 3818/5219 tok/s; 204344 sec;
[2023-08-26 19:36:13,614 INFO] Step 153800/200000; acc: 68.7; ppl:  20.5; xent: 3.0; lr: 0.00011; sents:    6816; bsz:  515/ 705/ 9; 3806/5208 tok/s; 204453 sec;
[2023-08-26 19:38:01,248 INFO] Step 153900/200000; acc: 68.6; ppl:  20.6; xent: 3.0; lr: 0.00011; sents:    6672; bsz:  513/ 703/ 8; 3810/5225 tok/s; 204560 sec;
[2023-08-26 19:39:49,078 INFO] Step 154000/200000; acc: 68.6; ppl:  20.6; xent: 3.0; lr: 0.00011; sents:    6672; bsz:  509/ 698/ 8; 3780/5182 tok/s; 204668 sec;
[2023-08-26 19:41:20,143 INFO] valid stats calculation
                           took: 91.06103420257568 s.
[2023-08-26 19:41:20,150 INFO] Train perplexity: 21.1188
[2023-08-26 19:41:20,150 INFO] Train accuracy: 68.0617
[2023-08-26 19:41:20,150 INFO] Sentences processed: 5.1655e+06
[2023-08-26 19:41:20,150 INFO] Average bsz:  511/ 698/ 8
[2023-08-26 19:41:20,151 INFO] Validation perplexity: 23.2439
[2023-08-26 19:41:20,151 INFO] Validation accuracy: 65.1752
[2023-08-26 19:41:20,243 INFO] Saving checkpoint /data2/cmdir/home/nhanvt/data_NLLB/nllb_opennmt/training/vi-th/nllb-200-3.3B.onmt_step_154000.pt
[2023-08-26 19:43:39,807 INFO] Step 154100/200000; acc: 68.6; ppl:  20.6; xent: 3.0; lr: 0.00011; sents:    6728; bsz:  500/ 680/ 8; 1733/2357 tok/s; 204899 sec;
[2023-08-26 19:45:27,996 INFO] Step 154200/200000; acc: 68.8; ppl:  20.4; xent: 3.0; lr: 0.00011; sents:    6808; bsz:  508/ 694/ 9; 3757/5130 tok/s; 205007 sec;
[2023-08-26 19:47:14,807 INFO] Step 154300/200000; acc: 68.4; ppl:  20.7; xent: 3.0; lr: 0.00011; sents:    6872; bsz:  498/ 675/ 9; 3731/5057 tok/s; 205114 sec;
[2023-08-26 19:49:02,215 INFO] Step 154400/200000; acc: 68.4; ppl:  20.7; xent: 3.0; lr: 0.00011; sents:    6800; bsz:  503/ 685/ 8; 3744/5103 tok/s; 205221 sec;
[2023-08-26 19:50:50,031 INFO] Step 154500/200000; acc: 68.9; ppl:  20.2; xent: 3.0; lr: 0.00011; sents:    6712; bsz:  520/ 710/ 8; 3861/5267 tok/s; 205329 sec;
[2023-08-26 19:52:21,042 INFO] valid stats calculation
                           took: 91.00584197044373 s.
[2023-08-26 19:52:21,050 INFO] Train perplexity: 21.1172
[2023-08-26 19:52:21,050 INFO] Train accuracy: 68.0632
[2023-08-26 19:52:21,050 INFO] Sentences processed: 5.18248e+06
[2023-08-26 19:52:21,050 INFO] Average bsz:  511/ 698/ 8
[2023-08-26 19:52:21,050 INFO] Validation perplexity: 23.2447
[2023-08-26 19:52:21,050 INFO] Validation accuracy: 65.1711
[2023-08-26 19:52:21,145 INFO] Saving checkpoint /data2/cmdir/home/nhanvt/data_NLLB/nllb_opennmt/training/vi-th/nllb-200-3.3B.onmt_step_154500.pt
[2023-08-26 19:54:46,061 INFO] Step 154600/200000; acc: 68.6; ppl:  20.6; xent: 3.0; lr: 0.00011; sents:    6672; bsz:  533/ 734/ 8; 1806/2487 tok/s; 205565 sec;
[2023-08-26 19:56:35,525 INFO] Step 154700/200000; acc: 68.7; ppl:  20.5; xent: 3.0; lr: 0.00011; sents:    6752; bsz:  527/ 717/ 8; 3848/5242 tok/s; 205675 sec;
[2023-08-26 19:58:24,303 INFO] Step 154800/200000; acc: 69.1; ppl:  20.0; xent: 3.0; lr: 0.00011; sents:    6656; bsz:  525/ 716/ 8; 3861/5269 tok/s; 205783 sec;
[2023-08-26 20:00:13,670 INFO] Step 154900/200000; acc: 68.9; ppl:  20.4; xent: 3.0; lr: 0.00011; sents:    6864; bsz:  523/ 718/ 9; 3828/5249 tok/s; 205893 sec;
[2023-08-26 20:02:02,222 INFO] Step 155000/200000; acc: 68.8; ppl:  20.4; xent: 3.0; lr: 0.00011; sents:    6752; bsz:  510/ 698/ 8; 3762/5146 tok/s; 206001 sec;
[2023-08-26 20:03:34,268 INFO] valid stats calculation
                           took: 92.04028248786926 s.
[2023-08-26 20:03:34,275 INFO] Train perplexity: 21.1153
[2023-08-26 20:03:34,275 INFO] Train accuracy: 68.0652
[2023-08-26 20:03:34,276 INFO] Sentences processed: 5.19938e+06
[2023-08-26 20:03:34,276 INFO] Average bsz:  511/ 698/ 8
[2023-08-26 20:03:34,276 INFO] Validation perplexity: 23.2456
[2023-08-26 20:03:34,276 INFO] Validation accuracy: 65.1729
[2023-08-26 20:03:34,370 INFO] Saving checkpoint /data2/cmdir/home/nhanvt/data_NLLB/nllb_opennmt/training/vi-th/nllb-200-3.3B.onmt_step_155000.pt
[2023-08-26 20:05:55,844 INFO] Step 155100/200000; acc: 68.6; ppl:  20.6; xent: 3.0; lr: 0.00011; sents:    6760; bsz:  509/ 695/ 8; 1743/2378 tok/s; 206235 sec;
[2023-08-26 20:07:44,967 INFO] Step 155200/200000; acc: 68.6; ppl:  20.5; xent: 3.0; lr: 0.00011; sents:    6728; bsz:  509/ 696/ 8; 3733/5105 tok/s; 206344 sec;
[2023-08-26 20:09:33,527 INFO] Step 155300/200000; acc: 68.7; ppl:  20.4; xent: 3.0; lr: 0.00011; sents:    6752; bsz:  508/ 692/ 8; 3745/5101 tok/s; 206453 sec;
[2023-08-26 20:11:22,600 INFO] Step 155400/200000; acc: 69.0; ppl:  20.2; xent: 3.0; lr: 0.00011; sents:    6616; bsz:  523/ 718/ 8; 3835/5266 tok/s; 206562 sec;
[2023-08-26 20:13:11,249 INFO] Step 155500/200000; acc: 68.8; ppl:  20.4; xent: 3.0; lr: 0.00011; sents:    6632; bsz:  510/ 694/ 8; 3753/5112 tok/s; 206670 sec;
[2023-08-26 20:14:42,172 INFO] valid stats calculation
                           took: 90.91851019859314 s.
[2023-08-26 20:14:42,179 INFO] Train perplexity: 21.1134
[2023-08-26 20:14:42,179 INFO] Train accuracy: 68.067
[2023-08-26 20:14:42,179 INFO] Sentences processed: 5.21612e+06
[2023-08-26 20:14:42,179 INFO] Average bsz:  511/ 698/ 8
[2023-08-26 20:14:42,179 INFO] Validation perplexity: 23.2445
[2023-08-26 20:14:42,179 INFO] Validation accuracy: 65.1725
[2023-08-26 20:14:42,275 INFO] Saving checkpoint /data2/cmdir/home/nhanvt/data_NLLB/nllb_opennmt/training/vi-th/nllb-200-3.3B.onmt_step_155500.pt
[2023-08-26 20:16:59,996 INFO] Step 155600/200000; acc: 68.5; ppl:  20.7; xent: 3.0; lr: 0.00011; sents:    6648; bsz:  498/ 681/ 8; 1743/2380 tok/s; 206899 sec;
[2023-08-26 20:18:48,428 INFO] Step 155700/200000; acc: 68.6; ppl:  20.6; xent: 3.0; lr: 0.00011; sents:    6616; bsz:  513/ 701/ 8; 3787/5171 tok/s; 207007 sec;
[2023-08-26 20:20:35,955 INFO] Step 155800/200000; acc: 68.5; ppl:  20.7; xent: 3.0; lr: 0.00011; sents:    6648; bsz:  506/ 685/ 8; 3762/5098 tok/s; 207115 sec;
[2023-08-26 20:22:24,907 INFO] Step 155900/200000; acc: 68.7; ppl:  20.4; xent: 3.0; lr: 0.00011; sents:    6568; bsz:  518/ 711/ 8; 3801/5222 tok/s; 207224 sec;
[2023-08-26 20:24:13,341 INFO] Step 156000/200000; acc: 68.6; ppl:  20.6; xent: 3.0; lr: 0.00011; sents:    6584; bsz:  505/ 690/ 8; 3728/5089 tok/s; 207332 sec;
[2023-08-26 20:25:44,529 INFO] valid stats calculation
                           took: 91.18318223953247 s.
[2023-08-26 20:25:44,536 INFO] Train perplexity: 21.1112
[2023-08-26 20:25:44,536 INFO] Train accuracy: 68.0692
[2023-08-26 20:25:44,536 INFO] Sentences processed: 5.23261e+06
[2023-08-26 20:25:44,536 INFO] Average bsz:  511/ 698/ 8
[2023-08-26 20:25:44,537 INFO] Validation perplexity: 23.2458
[2023-08-26 20:25:44,537 INFO] Validation accuracy: 65.1682
[2023-08-26 20:25:44,633 INFO] Saving checkpoint /data2/cmdir/home/nhanvt/data_NLLB/nllb_opennmt/training/vi-th/nllb-200-3.3B.onmt_step_156000.pt
[2023-08-26 20:28:06,841 INFO] Step 156100/200000; acc: 68.6; ppl:  20.5; xent: 3.0; lr: 0.00011; sents:    6616; bsz:  502/ 685/ 8; 1719/2346 tok/s; 207566 sec;
[2023-08-26 20:29:55,100 INFO] Step 156200/200000; acc: 68.6; ppl:  20.6; xent: 3.0; lr: 0.00011; sents:    6600; bsz:  510/ 695/ 8; 3768/5139 tok/s; 207674 sec;
[2023-08-26 20:31:42,519 INFO] Step 156300/200000; acc: 68.6; ppl:  20.6; xent: 3.0; lr: 0.00011; sents:    6528; bsz:  513/ 699/ 8; 3820/5206 tok/s; 207782 sec;
[2023-08-26 20:33:30,404 INFO] Step 156400/200000; acc: 68.5; ppl:  20.6; xent: 3.0; lr: 0.00011; sents:    6656; bsz:  518/ 709/ 8; 3838/5256 tok/s; 207889 sec;
[2023-08-26 20:35:17,469 INFO] Step 156500/200000; acc: 68.6; ppl:  20.5; xent: 3.0; lr: 0.00011; sents:    6784; bsz:  506/ 689/ 8; 3778/5152 tok/s; 207997 sec;
[2023-08-26 20:36:48,223 INFO] valid stats calculation
                           took: 90.74940705299377 s.
[2023-08-26 20:36:48,230 INFO] Train perplexity: 21.1094
[2023-08-26 20:36:48,230 INFO] Train accuracy: 68.0706
[2023-08-26 20:36:48,230 INFO] Sentences processed: 5.24919e+06
[2023-08-26 20:36:48,230 INFO] Average bsz:  511/ 698/ 8
[2023-08-26 20:36:48,230 INFO] Validation perplexity: 23.2453
[2023-08-26 20:36:48,230 INFO] Validation accuracy: 65.1651
[2023-08-26 20:36:48,328 INFO] Saving checkpoint /data2/cmdir/home/nhanvt/data_NLLB/nllb_opennmt/training/vi-th/nllb-200-3.3B.onmt_step_156500.pt
[2023-08-26 20:39:08,562 INFO] Step 156600/200000; acc: 68.6; ppl:  20.6; xent: 3.0; lr: 0.00011; sents:    6656; bsz:  511/ 699/ 8; 1768/2421 tok/s; 208228 sec;
[2023-08-26 20:40:56,520 INFO] Step 156700/200000; acc: 68.5; ppl:  20.6; xent: 3.0; lr: 0.00011; sents:    6776; bsz:  509/ 692/ 8; 3770/5129 tok/s; 208336 sec;
[2023-08-26 20:42:44,399 INFO] Step 156800/200000; acc: 68.4; ppl:  20.6; xent: 3.0; lr: 0.00011; sents:    6736; bsz:  508/ 694/ 8; 3769/5146 tok/s; 208443 sec;
[2023-08-26 20:44:32,706 INFO] Step 156900/200000; acc: 68.8; ppl:  20.4; xent: 3.0; lr: 0.00011; sents:    6736; bsz:  509/ 697/ 8; 3761/5145 tok/s; 208552 sec;
[2023-08-26 20:46:21,297 INFO] Step 157000/200000; acc: 68.8; ppl:  20.4; xent: 3.0; lr: 0.00011; sents:    6784; bsz:  507/ 693/ 8; 3735/5105 tok/s; 208660 sec;
[2023-08-26 20:47:52,171 INFO] valid stats calculation
                           took: 90.86863303184509 s.
[2023-08-26 20:47:52,176 INFO] Train perplexity: 21.1078
[2023-08-26 20:47:52,176 INFO] Train accuracy: 68.0722
[2023-08-26 20:47:52,176 INFO] Sentences processed: 5.26606e+06
[2023-08-26 20:47:52,176 INFO] Average bsz:  511/ 698/ 8
[2023-08-26 20:47:52,176 INFO] Validation perplexity: 23.2469
[2023-08-26 20:47:52,176 INFO] Validation accuracy: 65.1665
[2023-08-26 20:47:52,274 INFO] Saving checkpoint /data2/cmdir/home/nhanvt/data_NLLB/nllb_opennmt/training/vi-th/nllb-200-3.3B.onmt_step_157000.pt
[2023-08-26 20:50:17,393 INFO] Step 157100/200000; acc: 68.5; ppl:  20.6; xent: 3.0; lr: 0.00011; sents:    6656; bsz:  502/ 684/ 8; 1702/2319 tok/s; 208896 sec;
[2023-08-26 20:52:04,480 INFO] Step 157200/200000; acc: 68.5; ppl:  20.7; xent: 3.0; lr: 0.00011; sents:    6648; bsz:  496/ 675/ 8; 3706/5040 tok/s; 209004 sec;
[2023-08-26 20:53:52,531 INFO] Step 157300/200000; acc: 68.6; ppl:  20.6; xent: 3.0; lr: 0.00011; sents:    6784; bsz:  507/ 690/ 8; 3754/5109 tok/s; 209112 sec;
[2023-08-26 20:55:40,573 INFO] Step 157400/200000; acc: 68.6; ppl:  20.6; xent: 3.0; lr: 0.00011; sents:    6752; bsz:  508/ 695/ 8; 3758/5143 tok/s; 209220 sec;
[2023-08-26 20:57:28,454 INFO] Step 157500/200000; acc: 68.7; ppl:  20.5; xent: 3.0; lr: 0.00011; sents:    6800; bsz:  520/ 709/ 8; 3857/5261 tok/s; 209327 sec;
[2023-08-26 20:58:59,803 INFO] valid stats calculation
                           took: 91.34432578086853 s.
[2023-08-26 20:58:59,810 INFO] Train perplexity: 21.1063
[2023-08-26 20:58:59,810 INFO] Train accuracy: 68.0735
[2023-08-26 20:58:59,810 INFO] Sentences processed: 5.28282e+06
[2023-08-26 20:58:59,810 INFO] Average bsz:  511/ 698/ 8
[2023-08-26 20:58:59,810 INFO] Validation perplexity: 23.2456
[2023-08-26 20:58:59,810 INFO] Validation accuracy: 65.1651
[2023-08-26 20:58:59,902 INFO] Saving checkpoint /data2/cmdir/home/nhanvt/data_NLLB/nllb_opennmt/training/vi-th/nllb-200-3.3B.onmt_step_157500.pt
[2023-08-26 21:01:21,801 INFO] Step 157600/200000; acc: 68.4; ppl:  20.8; xent: 3.0; lr: 0.00011; sents:    6840; bsz:  505/ 686/ 9; 1731/2352 tok/s; 209561 sec;
[2023-08-26 21:03:08,412 INFO] Step 157700/200000; acc: 68.4; ppl:  20.7; xent: 3.0; lr: 0.00011; sents:    6752; bsz:  494/ 670/ 8; 3709/5026 tok/s; 209667 sec;
[2023-08-26 21:04:56,268 INFO] Step 157800/200000; acc: 68.4; ppl:  20.7; xent: 3.0; lr: 0.00011; sents:    6800; bsz:  498/ 679/ 8; 3690/5033 tok/s; 209775 sec;
[2023-08-26 21:07:35,514 INFO] Step 157900/200000; acc: 68.5; ppl:  20.6; xent: 3.0; lr: 0.00011; sents:    6664; bsz:  509/ 696/ 8; 2558/3495 tok/s; 209935 sec;
[2023-08-26 21:09:23,485 INFO] Step 158000/200000; acc: 68.7; ppl:  20.4; xent: 3.0; lr: 0.00011; sents:    6600; bsz:  510/ 698/ 8; 3781/5171 tok/s; 210043 sec;
[2023-08-26 21:10:55,371 INFO] valid stats calculation
                           took: 91.8815324306488 s.
[2023-08-26 21:10:55,379 INFO] Train perplexity: 21.105
[2023-08-26 21:10:55,379 INFO] Train accuracy: 68.0747
[2023-08-26 21:10:55,379 INFO] Sentences processed: 5.29969e+06
[2023-08-26 21:10:55,379 INFO] Average bsz:  511/ 698/ 8
[2023-08-26 21:10:55,379 INFO] Validation perplexity: 23.245
[2023-08-26 21:10:55,379 INFO] Validation accuracy: 65.1538
[2023-08-26 21:10:55,475 INFO] Saving checkpoint /data2/cmdir/home/nhanvt/data_NLLB/nllb_opennmt/training/vi-th/nllb-200-3.3B.onmt_step_158000.pt
[2023-08-26 21:13:16,135 INFO] Step 158100/200000; acc: 68.4; ppl:  20.7; xent: 3.0; lr: 0.00011; sents:    6648; bsz:  509/ 695/ 8; 1749/2389 tok/s; 210275 sec;
[2023-08-26 21:15:04,950 INFO] Step 158200/200000; acc: 68.8; ppl:  20.3; xent: 3.0; lr: 0.00011; sents:    6592; bsz:  514/ 707/ 8; 3777/5198 tok/s; 210384 sec;
[2023-08-26 21:16:53,258 INFO] Step 158300/200000; acc: 68.6; ppl:  20.5; xent: 3.0; lr: 0.00011; sents:    6640; bsz:  505/ 691/ 8; 3730/5102 tok/s; 210492 sec;
[2023-08-26 21:18:40,257 INFO] Step 158400/200000; acc: 68.5; ppl:  20.8; xent: 3.0; lr: 0.00011; sents:    6624; bsz:  502/ 685/ 8; 3756/5121 tok/s; 210599 sec;
[2023-08-26 21:20:27,663 INFO] Step 158500/200000; acc: 69.0; ppl:  20.2; xent: 3.0; lr: 0.00011; sents:    6712; bsz:  512/ 700/ 8; 3815/5213 tok/s; 210707 sec;
[2023-08-26 21:21:59,538 INFO] valid stats calculation
                           took: 91.87037682533264 s.
[2023-08-26 21:21:59,546 INFO] Train perplexity: 21.1039
[2023-08-26 21:21:59,546 INFO] Train accuracy: 68.0757
[2023-08-26 21:21:59,546 INFO] Sentences processed: 5.3163e+06
[2023-08-26 21:21:59,546 INFO] Average bsz:  511/ 698/ 8
[2023-08-26 21:21:59,546 INFO] Validation perplexity: 23.2462
[2023-08-26 21:21:59,546 INFO] Validation accuracy: 65.1614
[2023-08-26 21:21:59,639 INFO] Saving checkpoint /data2/cmdir/home/nhanvt/data_NLLB/nllb_opennmt/training/vi-th/nllb-200-3.3B.onmt_step_158500.pt
[2023-08-26 21:24:18,219 INFO] Step 158600/200000; acc: 68.4; ppl:  20.7; xent: 3.0; lr: 0.00011; sents:    6616; bsz:  486/ 663/ 8; 1685/2300 tok/s; 210937 sec;
[2023-08-26 21:26:05,176 INFO] Step 158700/200000; acc: 68.6; ppl:  20.7; xent: 3.0; lr: 0.00011; sents:    6768; bsz:  503/ 685/ 8; 3760/5120 tok/s; 211044 sec;
[2023-08-26 21:27:51,551 INFO] Step 158800/200000; acc: 68.4; ppl:  20.7; xent: 3.0; lr: 0.00011; sents:    6656; bsz:  506/ 687/ 8; 3808/5169 tok/s; 211151 sec;
[2023-08-26 21:29:39,090 INFO] Step 158900/200000; acc: 68.5; ppl:  20.6; xent: 3.0; lr: 0.00011; sents:    6544; bsz:  506/ 691/ 8; 3768/5138 tok/s; 211258 sec;
[2023-08-26 21:31:26,655 INFO] Step 159000/200000; acc: 68.8; ppl:  20.4; xent: 3.0; lr: 0.00011; sents:    6600; bsz:  511/ 697/ 8; 3798/5183 tok/s; 211366 sec;
[2023-08-26 21:32:57,993 INFO] valid stats calculation
                           took: 91.33424782752991 s.
[2023-08-26 21:32:58,002 INFO] Train perplexity: 21.1028
[2023-08-26 21:32:58,002 INFO] Train accuracy: 68.0768
[2023-08-26 21:32:58,002 INFO] Sentences processed: 5.33288e+06
[2023-08-26 21:32:58,002 INFO] Average bsz:  511/ 698/ 8
[2023-08-26 21:32:58,002 INFO] Validation perplexity: 23.2475
[2023-08-26 21:32:58,002 INFO] Validation accuracy: 65.1602
[2023-08-26 21:32:58,095 INFO] Saving checkpoint /data2/cmdir/home/nhanvt/data_NLLB/nllb_opennmt/training/vi-th/nllb-200-3.3B.onmt_step_159000.pt
[2023-08-26 21:35:18,712 INFO] Step 159100/200000; acc: 68.4; ppl:  20.7; xent: 3.0; lr: 0.00011; sents:    6784; bsz:  507/ 689/ 8; 1748/2375 tok/s; 211598 sec;
[2023-08-26 21:37:05,927 INFO] Step 159200/200000; acc: 68.8; ppl:  20.3; xent: 3.0; lr: 0.00011; sents:    6832; bsz:  504/ 690/ 9; 3764/5145 tok/s; 211705 sec;
[2023-08-26 21:38:53,364 INFO] Step 159300/200000; acc: 68.7; ppl:  20.5; xent: 3.0; lr: 0.00011; sents:    6672; bsz:  512/ 700/ 8; 3816/5211 tok/s; 211812 sec;
[2023-08-26 21:40:40,903 INFO] Step 159400/200000; acc: 68.3; ppl:  20.8; xent: 3.0; lr: 0.00011; sents:    6768; bsz:  510/ 696/ 8; 3797/5179 tok/s; 211920 sec;
[2023-08-26 21:42:28,295 INFO] Step 159500/200000; acc: 68.6; ppl:  20.6; xent: 3.0; lr: 0.00011; sents:    6720; bsz:  507/ 692/ 8; 3775/5157 tok/s; 212027 sec;
[2023-08-26 21:43:59,854 INFO] valid stats calculation
                           took: 91.55465316772461 s.
[2023-08-26 21:43:59,861 INFO] Train perplexity: 21.1016
[2023-08-26 21:43:59,861 INFO] Train accuracy: 68.0778
[2023-08-26 21:43:59,861 INFO] Sentences processed: 5.34978e+06
[2023-08-26 21:43:59,861 INFO] Average bsz:  511/ 698/ 8
[2023-08-26 21:43:59,861 INFO] Validation perplexity: 23.2477
[2023-08-26 21:43:59,861 INFO] Validation accuracy: 65.1591
[2023-08-26 21:43:59,953 INFO] Saving checkpoint /data2/cmdir/home/nhanvt/data_NLLB/nllb_opennmt/training/vi-th/nllb-200-3.3B.onmt_step_159500.pt
[2023-08-26 21:46:18,523 INFO] Step 159600/200000; acc: 68.4; ppl:  20.7; xent: 3.0; lr: 0.00011; sents:    6728; bsz:  488/ 660/ 8; 1697/2293 tok/s; 212258 sec;
[2023-08-26 21:48:05,210 INFO] Step 159700/200000; acc: 68.2; ppl:  20.8; xent: 3.0; lr: 0.00011; sents:    6632; bsz:  489/ 663/ 8; 3666/4973 tok/s; 212364 sec;
[2023-08-26 21:49:53,411 INFO] Step 159800/200000; acc: 68.5; ppl:  20.6; xent: 3.0; lr: 0.00011; sents:    6792; bsz:  511/ 699/ 8; 3780/5167 tok/s; 212472 sec;
[2023-08-26 21:51:41,801 INFO] Step 159900/200000; acc: 69.0; ppl:  20.2; xent: 3.0; lr: 0.00011; sents:    6664; bsz:  522/ 715/ 8; 3852/5279 tok/s; 212581 sec;
[2023-08-26 21:53:31,222 INFO] Step 160000/200000; acc: 69.0; ppl:  20.1; xent: 3.0; lr: 0.00011; sents:    6648; bsz:  539/ 741/ 8; 3943/5414 tok/s; 212690 sec;
[2023-08-26 21:55:03,118 INFO] valid stats calculation
                           took: 91.892165184021 s.
[2023-08-26 21:55:03,126 INFO] Train perplexity: 21.0999
[2023-08-26 21:55:03,126 INFO] Train accuracy: 68.0792
[2023-08-26 21:55:03,126 INFO] Sentences processed: 5.36656e+06
[2023-08-26 21:55:03,126 INFO] Average bsz:  511/ 698/ 8
[2023-08-26 21:55:03,126 INFO] Validation perplexity: 23.2488
[2023-08-26 21:55:03,126 INFO] Validation accuracy: 65.1702
[2023-08-26 21:55:03,222 INFO] Saving checkpoint /data2/cmdir/home/nhanvt/data_NLLB/nllb_opennmt/training/vi-th/nllb-200-3.3B.onmt_step_160000.pt
[2023-08-26 21:57:23,550 INFO] Step 160100/200000; acc: 68.7; ppl:  20.4; xent: 3.0; lr: 0.00011; sents:    6592; bsz:  525/ 720/ 8; 1809/2481 tok/s; 212923 sec;
[2023-08-26 21:59:10,872 INFO] Step 160200/200000; acc: 68.6; ppl:  20.7; xent: 3.0; lr: 0.00011; sents:    6824; bsz:  513/ 702/ 9; 3822/5232 tok/s; 213030 sec;
[2023-08-26 22:00:58,188 INFO] Step 160300/200000; acc: 68.9; ppl:  20.2; xent: 3.0; lr: 0.00011; sents:    6672; bsz:  512/ 696/ 8; 3817/5191 tok/s; 213137 sec;
[2023-08-26 22:02:44,904 INFO] Step 160400/200000; acc: 68.6; ppl:  20.4; xent: 3.0; lr: 0.00011; sents:    6576; bsz:  497/ 672/ 8; 3727/5038 tok/s; 213244 sec;
[2023-08-26 22:04:32,643 INFO] Step 160500/200000; acc: 68.9; ppl:  20.2; xent: 3.0; lr: 0.00011; sents:    6816; bsz:  523/ 714/ 9; 3883/5304 tok/s; 213352 sec;
[2023-08-26 22:06:04,366 INFO] valid stats calculation
                           took: 91.71707534790039 s.
[2023-08-26 22:06:04,373 INFO] Train perplexity: 21.0977
[2023-08-26 22:06:04,373 INFO] Train accuracy: 68.0811
[2023-08-26 22:06:04,373 INFO] Sentences processed: 5.38328e+06
[2023-08-26 22:06:04,373 INFO] Average bsz:  511/ 698/ 8
[2023-08-26 22:06:04,374 INFO] Validation perplexity: 23.2491
[2023-08-26 22:06:04,374 INFO] Validation accuracy: 65.1717
[2023-08-26 22:06:04,467 INFO] Saving checkpoint /data2/cmdir/home/nhanvt/data_NLLB/nllb_opennmt/training/vi-th/nllb-200-3.3B.onmt_step_160500.pt
[2023-08-26 22:08:23,403 INFO] Step 160600/200000; acc: 68.7; ppl:  20.5; xent: 3.0; lr: 0.00011; sents:    6832; bsz:  519/ 710/ 9; 1800/2463 tok/s; 213582 sec;
[2023-08-26 22:10:12,451 INFO] Step 160700/200000; acc: 68.8; ppl:  20.3; xent: 3.0; lr: 0.00011; sents:    6776; bsz:  519/ 707/ 8; 3807/5183 tok/s; 213691 sec;
[2023-08-26 22:12:00,444 INFO] Step 160800/200000; acc: 68.6; ppl:  20.6; xent: 3.0; lr: 0.00011; sents:    6664; bsz:  503/ 684/ 8; 3726/5070 tok/s; 213799 sec;
[2023-08-26 22:13:48,196 INFO] Step 160900/200000; acc: 68.3; ppl:  20.8; xent: 3.0; lr: 0.00011; sents:    6720; bsz:  512/ 696/ 8; 3802/5165 tok/s; 213907 sec;
[2023-08-26 22:15:35,721 INFO] Step 161000/200000; acc: 68.6; ppl:  20.7; xent: 3.0; lr: 0.00011; sents:    6736; bsz:  517/ 704/ 8; 3846/5241 tok/s; 214015 sec;
[2023-08-26 22:17:07,532 INFO] valid stats calculation
                           took: 91.80648589134216 s.
[2023-08-26 22:17:07,539 INFO] Train perplexity: 21.0962
[2023-08-26 22:17:07,539 INFO] Train accuracy: 68.0826
[2023-08-26 22:17:07,539 INFO] Sentences processed: 5.40013e+06
[2023-08-26 22:17:07,539 INFO] Average bsz:  511/ 698/ 8
[2023-08-26 22:17:07,539 INFO] Validation perplexity: 23.247
[2023-08-26 22:17:07,539 INFO] Validation accuracy: 65.163
[2023-08-26 22:17:07,631 INFO] Saving checkpoint /data2/cmdir/home/nhanvt/data_NLLB/nllb_opennmt/training/vi-th/nllb-200-3.3B.onmt_step_161000.pt
[2023-08-26 22:19:26,808 INFO] Step 161100/200000; acc: 68.7; ppl:  20.5; xent: 3.0; lr: 0.00011; sents:    6760; bsz:  519/ 711/ 8; 1797/2461 tok/s; 214246 sec;
[2023-08-26 22:21:14,671 INFO] Step 161200/200000; acc: 68.7; ppl:  20.4; xent: 3.0; lr: 0.00011; sents:    6640; bsz:  511/ 698/ 8; 3790/5179 tok/s; 214354 sec;
[2023-08-26 22:23:01,487 INFO] Step 161300/200000; acc: 68.5; ppl:  20.6; xent: 3.0; lr: 0.00011; sents:    6648; bsz:  501/ 680/ 8; 3749/5093 tok/s; 214461 sec;
[2023-08-26 22:24:48,010 INFO] Step 161400/200000; acc: 68.5; ppl:  20.6; xent: 3.0; lr: 0.00011; sents:    6752; bsz:  499/ 674/ 8; 3747/5062 tok/s; 214567 sec;
[2023-08-26 22:26:35,376 INFO] Step 161500/200000; acc: 68.7; ppl:  20.5; xent: 3.0; lr: 0.00011; sents:    6816; bsz:  509/ 698/ 9; 3795/5200 tok/s; 214674 sec;
[2023-08-26 22:28:06,644 INFO] valid stats calculation
                           took: 91.26383399963379 s.
[2023-08-26 22:28:06,652 INFO] Train perplexity: 21.0947
[2023-08-26 22:28:06,652 INFO] Train accuracy: 68.0841
[2023-08-26 22:28:06,652 INFO] Sentences processed: 5.41691e+06
[2023-08-26 22:28:06,652 INFO] Average bsz:  511/ 698/ 8
[2023-08-26 22:28:06,652 INFO] Validation perplexity: 23.2469
[2023-08-26 22:28:06,652 INFO] Validation accuracy: 65.17
[2023-08-26 22:28:06,747 INFO] Saving checkpoint /data2/cmdir/home/nhanvt/data_NLLB/nllb_opennmt/training/vi-th/nllb-200-3.3B.onmt_step_161500.pt
[2023-08-26 22:30:25,528 INFO] Step 161600/200000; acc: 68.5; ppl:  20.8; xent: 3.0; lr: 0.00011; sents:    6664; bsz:  500/ 683/ 8; 1739/2373 tok/s; 214905 sec;
[2023-08-26 22:32:13,446 INFO] Step 161700/200000; acc: 68.6; ppl:  20.5; xent: 3.0; lr: 0.00011; sents:    6672; bsz:  516/ 701/ 8; 3822/5199 tok/s; 215012 sec;
[2023-08-26 22:34:02,029 INFO] Step 161800/200000; acc: 68.7; ppl:  20.4; xent: 3.0; lr: 0.00011; sents:    6704; bsz:  516/ 707/ 8; 3798/5209 tok/s; 215121 sec;
[2023-08-26 22:35:50,213 INFO] Step 161900/200000; acc: 68.9; ppl:  20.3; xent: 3.0; lr: 0.00011; sents:    6736; bsz:  521/ 714/ 8; 3850/5277 tok/s; 215229 sec;
[2023-08-26 22:37:38,483 INFO] Step 162000/200000; acc: 68.8; ppl:  20.4; xent: 3.0; lr: 0.00011; sents:    6744; bsz:  522/ 715/ 8; 3855/5282 tok/s; 215338 sec;
[2023-08-26 22:39:10,552 INFO] valid stats calculation
                           took: 92.0645022392273 s.
[2023-08-26 22:39:10,559 INFO] Train perplexity: 21.0931
[2023-08-26 22:39:10,559 INFO] Train accuracy: 68.0859
[2023-08-26 22:39:10,559 INFO] Sentences processed: 5.43366e+06
[2023-08-26 22:39:10,559 INFO] Average bsz:  511/ 698/ 8
[2023-08-26 22:39:10,559 INFO] Validation perplexity: 23.2484
[2023-08-26 22:39:10,559 INFO] Validation accuracy: 65.1696
[2023-08-26 22:39:10,654 INFO] Saving checkpoint /data2/cmdir/home/nhanvt/data_NLLB/nllb_opennmt/training/vi-th/nllb-200-3.3B.onmt_step_162000.pt
[2023-08-26 22:41:29,232 INFO] Step 162100/200000; acc: 68.8; ppl:  20.3; xent: 3.0; lr: 0.00011; sents:    6736; bsz:  502/ 684/ 8; 1740/2370 tok/s; 215568 sec;
[2023-08-26 22:43:17,718 INFO] Step 162200/200000; acc: 68.8; ppl:  20.3; xent: 3.0; lr: 0.00011; sents:    6680; bsz:  512/ 701/ 8; 3777/5172 tok/s; 215677 sec;
[2023-08-26 22:45:06,667 INFO] Step 162300/200000; acc: 68.9; ppl:  20.3; xent: 3.0; lr: 0.00011; sents:    6688; bsz:  521/ 712/ 8; 3828/5226 tok/s; 215786 sec;
[2023-08-26 22:46:55,854 INFO] Step 162400/200000; acc: 68.7; ppl:  20.4; xent: 3.0; lr: 0.00011; sents:    6592; bsz:  530/ 727/ 8; 3880/5328 tok/s; 215895 sec;
[2023-08-26 22:48:44,269 INFO] Step 162500/200000; acc: 69.0; ppl:  20.2; xent: 3.0; lr: 0.00011; sents:    6704; bsz:  518/ 712/ 8; 3825/5257 tok/s; 216003 sec;
[2023-08-26 22:50:15,859 INFO] valid stats calculation
                           took: 91.58523178100586 s.
[2023-08-26 22:50:15,866 INFO] Train perplexity: 21.0908
[2023-08-26 22:50:15,866 INFO] Train accuracy: 68.088
[2023-08-26 22:50:15,866 INFO] Sentences processed: 5.45035e+06
[2023-08-26 22:50:15,866 INFO] Average bsz:  511/ 698/ 8
[2023-08-26 22:50:15,866 INFO] Validation perplexity: 23.2492
[2023-08-26 22:50:15,866 INFO] Validation accuracy: 65.175
[2023-08-26 22:50:15,960 INFO] Saving checkpoint /data2/cmdir/home/nhanvt/data_NLLB/nllb_opennmt/training/vi-th/nllb-200-3.3B.onmt_step_162500.pt
[2023-08-26 22:52:36,143 INFO] Step 162600/200000; acc: 69.0; ppl:  20.2; xent: 3.0; lr: 0.00011; sents:    6752; bsz:  517/ 708/ 8; 1785/2444 tok/s; 216235 sec;
[2023-08-26 22:54:23,837 INFO] Step 162700/200000; acc: 68.7; ppl:  20.5; xent: 3.0; lr: 0.00011; sents:    6720; bsz:  514/ 704/ 8; 3816/5232 tok/s; 216343 sec;
[2023-08-26 22:56:11,519 INFO] Step 162800/200000; acc: 68.8; ppl:  20.4; xent: 3.0; lr: 0.00011; sents:    6664; bsz:  516/ 706/ 8; 3836/5248 tok/s; 216451 sec;
[2023-08-26 22:57:59,586 INFO] Step 162900/200000; acc: 68.7; ppl:  20.5; xent: 3.0; lr: 0.00011; sents:    6696; bsz:  522/ 713/ 8; 3863/5279 tok/s; 216559 sec;
[2023-08-26 22:59:46,733 INFO] Step 163000/200000; acc: 68.9; ppl:  20.2; xent: 3.0; lr: 0.00011; sents:    6664; bsz:  512/ 695/ 8; 3822/5193 tok/s; 216666 sec;
[2023-08-26 23:01:18,386 INFO] valid stats calculation
                           took: 91.64900422096252 s.
[2023-08-26 23:01:18,396 INFO] Train perplexity: 21.0884
[2023-08-26 23:01:18,396 INFO] Train accuracy: 68.0903
[2023-08-26 23:01:18,396 INFO] Sentences processed: 5.46711e+06
[2023-08-26 23:01:18,396 INFO] Average bsz:  511/ 698/ 8
[2023-08-26 23:01:18,396 INFO] Validation perplexity: 23.2487
[2023-08-26 23:01:18,396 INFO] Validation accuracy: 65.1754
[2023-08-26 23:01:18,490 INFO] Saving checkpoint /data2/cmdir/home/nhanvt/data_NLLB/nllb_opennmt/training/vi-th/nllb-200-3.3B.onmt_step_163000.pt
[2023-08-26 23:03:34,005 INFO] Step 163100/200000; acc: 68.7; ppl:  20.5; xent: 3.0; lr: 0.00011; sents:    6656; bsz:  509/ 694/ 8; 1793/2444 tok/s; 216893 sec;
[2023-08-26 23:05:21,261 INFO] Step 163200/200000; acc: 68.6; ppl:  20.6; xent: 3.0; lr: 0.00011; sents:    6600; bsz:  507/ 693/ 8; 3780/5171 tok/s; 217000 sec;
[2023-08-26 23:07:09,882 INFO] Step 163300/200000; acc: 68.9; ppl:  20.3; xent: 3.0; lr: 0.00011; sents:    6600; bsz:  522/ 718/ 8; 3847/5285 tok/s; 217109 sec;
[2023-08-26 23:08:58,278 INFO] Step 163400/200000; acc: 68.7; ppl:  20.5; xent: 3.0; lr: 0.00011; sents:    6696; bsz:  528/ 728/ 8; 3897/5371 tok/s; 217217 sec;
[2023-08-26 23:10:46,239 INFO] Step 163500/200000; acc: 68.7; ppl:  20.5; xent: 3.0; lr: 0.00011; sents:    6704; bsz:  522/ 716/ 8; 3871/5302 tok/s; 217325 sec;
[2023-08-26 23:12:18,048 INFO] valid stats calculation
                           took: 91.80473637580872 s.
[2023-08-26 23:12:18,054 INFO] Train perplexity: 21.0866
[2023-08-26 23:12:18,054 INFO] Train accuracy: 68.092
[2023-08-26 23:12:18,054 INFO] Sentences processed: 5.48377e+06
[2023-08-26 23:12:18,054 INFO] Average bsz:  511/ 698/ 8
[2023-08-26 23:12:18,054 INFO] Validation perplexity: 23.2482
[2023-08-26 23:12:18,054 INFO] Validation accuracy: 65.1766
[2023-08-26 23:12:18,146 INFO] Saving checkpoint /data2/cmdir/home/nhanvt/data_NLLB/nllb_opennmt/training/vi-th/nllb-200-3.3B.onmt_step_163500.pt
[2023-08-26 23:14:40,473 INFO] Step 163600/200000; acc: 68.5; ppl:  20.7; xent: 3.0; lr: 0.00011; sents:    6776; bsz:  511/ 695/ 8; 1744/2374 tok/s; 217560 sec;
[2023-08-26 23:16:29,263 INFO] Step 163700/200000; acc: 68.7; ppl:  20.5; xent: 3.0; lr: 0.00011; sents:    6736; bsz:  517/ 709/ 8; 3804/5212 tok/s; 217668 sec;
[2023-08-26 23:18:17,119 INFO] Step 163800/200000; acc: 68.7; ppl:  20.4; xent: 3.0; lr: 0.00011; sents:    6680; bsz:  508/ 691/ 8; 3765/5122 tok/s; 217776 sec;
[2023-08-26 23:20:04,705 INFO] Step 163900/200000; acc: 68.5; ppl:  20.6; xent: 3.0; lr: 0.00011; sents:    6850; bsz:  507/ 690/ 9; 3769/5133 tok/s; 217884 sec;
[2023-08-26 23:21:52,473 INFO] Step 164000/200000; acc: 68.5; ppl:  20.6; xent: 3.0; lr: 0.00011; sents:    6874; bsz:  509/ 694/ 9; 3779/5152 tok/s; 217992 sec;
[2023-08-26 23:23:24,235 INFO] valid stats calculation
                           took: 91.75713586807251 s.
[2023-08-26 23:23:24,243 INFO] Train perplexity: 21.0851
[2023-08-26 23:23:24,243 INFO] Train accuracy: 68.0935
[2023-08-26 23:23:24,243 INFO] Sentences processed: 5.50074e+06
[2023-08-26 23:23:24,243 INFO] Average bsz:  511/ 698/ 8
[2023-08-26 23:23:24,243 INFO] Validation perplexity: 23.2474
[2023-08-26 23:23:24,243 INFO] Validation accuracy: 65.168
[2023-08-26 23:23:24,341 INFO] Saving checkpoint /data2/cmdir/home/nhanvt/data_NLLB/nllb_opennmt/training/vi-th/nllb-200-3.3B.onmt_step_164000.pt
[2023-08-26 23:25:43,934 INFO] Step 164100/200000; acc: 68.6; ppl:  20.5; xent: 3.0; lr: 0.00011; sents:    6824; bsz:  518/ 707/ 9; 1792/2445 tok/s; 218223 sec;
[2023-08-26 23:27:32,026 INFO] Step 164200/200000; acc: 68.8; ppl:  20.4; xent: 3.0; lr: 0.00011; sents:    6704; bsz:  515/ 706/ 8; 3810/5223 tok/s; 218331 sec;
[2023-08-26 23:29:18,973 INFO] Step 164300/200000; acc: 68.5; ppl:  20.7; xent: 3.0; lr: 0.00011; sents:    6664; bsz:  506/ 689/ 8; 3782/5157 tok/s; 218438 sec;
[2023-08-26 23:31:07,447 INFO] Step 164400/200000; acc: 68.8; ppl:  20.4; xent: 3.0; lr: 0.00011; sents:    6624; bsz:  520/ 710/ 8; 3836/5236 tok/s; 218546 sec;
[2023-08-26 23:32:55,495 INFO] Step 164500/200000; acc: 68.9; ppl:  20.3; xent: 3.0; lr: 0.00011; sents:    6616; bsz:  512/ 700/ 8; 3792/5182 tok/s; 218655 sec;
[2023-08-26 23:34:27,224 INFO] valid stats calculation
                           took: 91.72469210624695 s.
[2023-08-26 23:34:27,232 INFO] Train perplexity: 21.0831
[2023-08-26 23:34:27,232 INFO] Train accuracy: 68.0954
[2023-08-26 23:34:27,232 INFO] Sentences processed: 5.51742e+06
[2023-08-26 23:34:27,232 INFO] Average bsz:  511/ 698/ 8
[2023-08-26 23:34:27,232 INFO] Validation perplexity: 23.2481
[2023-08-26 23:34:27,232 INFO] Validation accuracy: 65.1772
[2023-08-26 23:34:27,327 INFO] Saving checkpoint /data2/cmdir/home/nhanvt/data_NLLB/nllb_opennmt/training/vi-th/nllb-200-3.3B.onmt_step_164500.pt
[2023-08-26 23:36:44,439 INFO] Step 164600/200000; acc: 68.8; ppl:  20.3; xent: 3.0; lr: 0.00011; sents:    6704; bsz:  514/ 704/ 8; 1797/2460 tok/s; 218883 sec;
[2023-08-26 23:38:32,584 INFO] Step 164700/200000; acc: 68.6; ppl:  20.6; xent: 3.0; lr: 0.00011; sents:    6632; bsz:  522/ 718/ 8; 3862/5310 tok/s; 218992 sec;
[2023-08-26 23:40:19,178 INFO] Step 164800/200000; acc: 68.3; ppl:  20.8; xent: 3.0; lr: 0.00011; sents:    6824; bsz:  498/ 676/ 9; 3741/5076 tok/s; 219098 sec;
[2023-08-26 23:42:06,730 INFO] Step 164900/200000; acc: 68.5; ppl:  20.6; xent: 3.0; lr: 0.00011; sents:    6656; bsz:  505/ 688/ 8; 3759/5119 tok/s; 219206 sec;
[2023-08-26 23:43:55,219 INFO] Step 165000/200000; acc: 68.9; ppl:  20.3; xent: 3.0; lr: 0.00011; sents:    6552; bsz:  526/ 717/ 8; 3876/5288 tok/s; 219314 sec;
[2023-08-26 23:45:26,191 INFO] valid stats calculation
                           took: 90.96746587753296 s.
[2023-08-26 23:45:26,198 INFO] Train perplexity: 21.0816
[2023-08-26 23:45:26,198 INFO] Train accuracy: 68.0968
[2023-08-26 23:45:26,199 INFO] Sentences processed: 5.53415e+06
[2023-08-26 23:45:26,199 INFO] Average bsz:  511/ 698/ 8
[2023-08-26 23:45:26,199 INFO] Validation perplexity: 23.2483
[2023-08-26 23:45:26,199 INFO] Validation accuracy: 65.1791
[2023-08-26 23:45:26,293 INFO] Saving checkpoint /data2/cmdir/home/nhanvt/data_NLLB/nllb_opennmt/training/vi-th/nllb-200-3.3B.onmt_step_165000.pt
[2023-08-26 23:47:45,242 INFO] Step 165100/200000; acc: 68.5; ppl:  20.6; xent: 3.0; lr: 0.00011; sents:    6696; bsz:  519/ 707/ 8; 1806/2458 tok/s; 219544 sec;
[2023-08-26 23:49:31,694 INFO] Step 165200/200000; acc: 68.4; ppl:  20.7; xent: 3.0; lr: 0.00011; sents:    6824; bsz:  499/ 677/ 9; 3751/5091 tok/s; 219651 sec;
[2023-08-26 23:51:19,534 INFO] Step 165300/200000; acc: 69.0; ppl:  20.2; xent: 3.0; lr: 0.00011; sents:    6760; bsz:  522/ 713/ 8; 3871/5291 tok/s; 219759 sec;
[2023-08-26 23:53:07,569 INFO] Step 165400/200000; acc: 68.8; ppl:  20.3; xent: 3.0; lr: 0.00011; sents:    6888; bsz:  512/ 700/ 9; 3789/5181 tok/s; 219867 sec;
[2023-08-26 23:54:54,588 INFO] Step 165500/200000; acc: 68.5; ppl:  20.7; xent: 3.0; lr: 0.00011; sents:    6720; bsz:  498/ 676/ 8; 3724/5055 tok/s; 219974 sec;
[2023-08-26 23:56:25,547 INFO] valid stats calculation
                           took: 90.9551351070404 s.
[2023-08-26 23:56:25,555 INFO] Train perplexity: 21.0798
[2023-08-26 23:56:25,555 INFO] Train accuracy: 68.0987
[2023-08-26 23:56:25,555 INFO] Sentences processed: 5.5511e+06
[2023-08-26 23:56:25,555 INFO] Average bsz:  511/ 698/ 8
[2023-08-26 23:56:25,555 INFO] Validation perplexity: 23.2482
[2023-08-26 23:56:25,555 INFO] Validation accuracy: 65.1713
[2023-08-26 23:56:25,647 INFO] Saving checkpoint /data2/cmdir/home/nhanvt/data_NLLB/nllb_opennmt/training/vi-th/nllb-200-3.3B.onmt_step_165500.pt
[2023-08-26 23:58:50,256 INFO] Step 165600/200000; acc: 68.8; ppl:  20.3; xent: 3.0; lr: 0.00011; sents:    6608; bsz:  521/ 714/ 8; 1767/2423 tok/s; 220209 sec;
[2023-08-27 00:00:37,634 INFO] Step 165700/200000; acc: 68.7; ppl:  20.6; xent: 3.0; lr: 0.00011; sents:    6792; bsz:  508/ 692/ 8; 3784/5154 tok/s; 220317 sec;
[2023-08-27 00:02:26,026 INFO] Step 165800/200000; acc: 68.7; ppl:  20.4; xent: 3.0; lr: 0.00011; sents:    6712; bsz:  508/ 696/ 8; 3750/5137 tok/s; 220425 sec;
[2023-08-27 00:04:12,949 INFO] Step 165900/200000; acc: 68.4; ppl:  20.7; xent: 3.0; lr: 0.00011; sents:    6744; bsz:  505/ 684/ 8; 3775/5114 tok/s; 220532 sec;
[2023-08-27 00:06:00,511 INFO] Step 166000/200000; acc: 68.5; ppl:  20.6; xent: 3.0; lr: 0.00011; sents:    6840; bsz:  514/ 698/ 9; 3819/5189 tok/s; 220640 sec;
[2023-08-27 00:07:32,087 INFO] valid stats calculation
                           took: 91.57094216346741 s.
[2023-08-27 00:07:32,095 INFO] Train perplexity: 21.0781
[2023-08-27 00:07:32,095 INFO] Train accuracy: 68.1002
[2023-08-27 00:07:32,095 INFO] Sentences processed: 5.56794e+06
[2023-08-27 00:07:32,095 INFO] Average bsz:  511/ 698/ 8
[2023-08-27 00:07:32,095 INFO] Validation perplexity: 23.2492
[2023-08-27 00:07:32,095 INFO] Validation accuracy: 65.176
[2023-08-27 00:07:32,193 INFO] Saving checkpoint /data2/cmdir/home/nhanvt/data_NLLB/nllb_opennmt/training/vi-th/nllb-200-3.3B.onmt_step_166000.pt
[2023-08-27 00:09:49,250 INFO] Step 166100/200000; acc: 68.5; ppl:  20.6; xent: 3.0; lr: 0.00011; sents:    6808; bsz:  491/ 664/ 9; 1716/2321 tok/s; 220868 sec;
[2023-08-27 00:11:36,202 INFO] Step 166200/200000; acc: 68.8; ppl:  20.3; xent: 3.0; lr: 0.00011; sents:    6616; bsz:  504/ 687/ 8; 3770/5137 tok/s; 220975 sec;
[2023-08-27 00:13:23,911 INFO] Step 166300/200000; acc: 68.7; ppl:  20.5; xent: 3.0; lr: 0.00011; sents:    7024; bsz:  512/ 697/ 9; 3800/5177 tok/s; 221083 sec;
[2023-08-27 00:15:10,557 INFO] Step 166400/200000; acc: 68.6; ppl:  20.5; xent: 3.0; lr: 0.00011; sents:    6920; bsz:  493/ 668/ 9; 3696/5013 tok/s; 221190 sec;
[2023-08-27 00:16:58,395 INFO] Step 166500/200000; acc: 69.0; ppl:  20.2; xent: 3.0; lr: 0.00011; sents:    6752; bsz:  519/ 709/ 8; 3851/5258 tok/s; 221297 sec;
[2023-08-27 00:18:29,879 INFO] valid stats calculation
                           took: 91.47952318191528 s.
[2023-08-27 00:18:29,884 INFO] Train perplexity: 21.0762
[2023-08-27 00:18:29,884 INFO] Train accuracy: 68.1019
[2023-08-27 00:18:29,884 INFO] Sentences processed: 5.58501e+06
[2023-08-27 00:18:29,884 INFO] Average bsz:  511/ 698/ 8
[2023-08-27 00:18:29,884 INFO] Validation perplexity: 23.2491
[2023-08-27 00:18:29,884 INFO] Validation accuracy: 65.1746
[2023-08-27 00:18:29,979 INFO] Saving checkpoint /data2/cmdir/home/nhanvt/data_NLLB/nllb_opennmt/training/vi-th/nllb-200-3.3B.onmt_step_166500.pt
[2023-08-27 00:20:47,391 INFO] Step 166600/200000; acc: 68.8; ppl:  20.3; xent: 3.0; lr: 0.00011; sents:    6695; bsz:  510/ 696/ 8; 1780/2432 tok/s; 221526 sec;
[2023-08-27 00:22:36,623 INFO] Step 166700/200000; acc: 68.8; ppl:  20.3; xent: 3.0; lr: 0.00011; sents:    6688; bsz:  526/ 722/ 8; 3855/5285 tok/s; 221636 sec;
[2023-08-27 00:24:24,980 INFO] Step 166800/200000; acc: 69.0; ppl:  20.2; xent: 3.0; lr: 0.00011; sents:    6584; bsz:  513/ 702/ 8; 3787/5183 tok/s; 221744 sec;
[2023-08-27 00:26:12,273 INFO] Step 166900/200000; acc: 68.8; ppl:  20.4; xent: 3.0; lr: 0.00011; sents:    6608; bsz:  493/ 670/ 8; 3673/4998 tok/s; 221851 sec;
[2023-08-27 00:27:59,589 INFO] Step 167000/200000; acc: 68.9; ppl:  20.3; xent: 3.0; lr: 0.00011; sents:    6760; bsz:  505/ 688/ 8; 3764/5131 tok/s; 221959 sec;
[2023-08-27 00:29:30,853 INFO] valid stats calculation
                           took: 91.25914287567139 s.
[2023-08-27 00:29:30,861 INFO] Train perplexity: 21.0741
[2023-08-27 00:29:30,861 INFO] Train accuracy: 68.104
[2023-08-27 00:29:30,861 INFO] Sentences processed: 5.60169e+06
[2023-08-27 00:29:30,861 INFO] Average bsz:  511/ 698/ 8
[2023-08-27 00:29:30,861 INFO] Validation perplexity: 23.2494
[2023-08-27 00:29:30,861 INFO] Validation accuracy: 65.176
[2023-08-27 00:29:30,953 INFO] Saving checkpoint /data2/cmdir/home/nhanvt/data_NLLB/nllb_opennmt/training/vi-th/nllb-200-3.3B.onmt_step_167000.pt
[2023-08-27 00:31:48,291 INFO] Step 167100/200000; acc: 68.7; ppl:  20.5; xent: 3.0; lr: 0.00011; sents:    6744; bsz:  515/ 704/ 8; 1801/2462 tok/s; 222187 sec;
[2023-08-27 00:33:36,948 INFO] Step 167200/200000; acc: 68.6; ppl:  20.6; xent: 3.0; lr: 0.00011; sents:    6752; bsz:  519/ 710/ 8; 3818/5230 tok/s; 222296 sec;
[2023-08-27 00:35:24,577 INFO] Step 167300/200000; acc: 68.7; ppl:  20.5; xent: 3.0; lr: 0.00011; sents:    6704; bsz:  508/ 693/ 8; 3780/5151 tok/s; 222404 sec;
[2023-08-27 00:37:11,883 INFO] Step 167400/200000; acc: 68.6; ppl:  20.6; xent: 3.0; lr: 0.00011; sents:    6624; bsz:  500/ 685/ 8; 3730/5104 tok/s; 222511 sec;
[2023-08-27 00:39:00,290 INFO] Step 167500/200000; acc: 69.0; ppl:  20.2; xent: 3.0; lr: 0.00011; sents:    6608; bsz:  518/ 710/ 8; 3822/5237 tok/s; 222619 sec;
[2023-08-27 00:40:31,420 INFO] valid stats calculation
                           took: 91.12549114227295 s.
[2023-08-27 00:40:31,428 INFO] Train perplexity: 21.0723
[2023-08-27 00:40:31,428 INFO] Train accuracy: 68.1059
[2023-08-27 00:40:31,428 INFO] Sentences processed: 5.61839e+06
[2023-08-27 00:40:31,428 INFO] Average bsz:  511/ 698/ 8
[2023-08-27 00:40:31,428 INFO] Validation perplexity: 23.2488
[2023-08-27 00:40:31,428 INFO] Validation accuracy: 65.1727
[2023-08-27 00:40:31,522 INFO] Saving checkpoint /data2/cmdir/home/nhanvt/data_NLLB/nllb_opennmt/training/vi-th/nllb-200-3.3B.onmt_step_167500.pt
[2023-08-27 00:42:50,814 INFO] Step 167600/200000; acc: 68.8; ppl:  20.4; xent: 3.0; lr: 0.00011; sents:    6704; bsz:  506/ 689/ 8; 1755/2391 tok/s; 222850 sec;
[2023-08-27 00:44:38,540 INFO] Step 167700/200000; acc: 68.9; ppl:  20.3; xent: 3.0; lr: 0.00011; sents:    6696; bsz:  511/ 701/ 8; 3791/5205 tok/s; 222958 sec;
[2023-08-27 00:46:25,806 INFO] Step 167800/200000; acc: 68.8; ppl:  20.4; xent: 3.0; lr: 0.00011; sents:    6736; bsz:  505/ 692/ 8; 3770/5160 tok/s; 223065 sec;
[2023-08-27 00:48:13,698 INFO] Step 167900/200000; acc: 68.8; ppl:  20.3; xent: 3.0; lr: 0.00011; sents:    6632; bsz:  514/ 706/ 8; 3814/5238 tok/s; 223173 sec;
[2023-08-27 00:50:00,940 INFO] Step 168000/200000; acc: 68.9; ppl:  20.2; xent: 3.0; lr: 0.00011; sents:    6560; bsz:  518/ 705/ 8; 3861/5261 tok/s; 223280 sec;
[2023-08-27 00:51:32,567 INFO] valid stats calculation
                           took: 91.62231254577637 s.
[2023-08-27 00:51:32,574 INFO] Train perplexity: 21.0699
[2023-08-27 00:51:32,574 INFO] Train accuracy: 68.1082
[2023-08-27 00:51:32,575 INFO] Sentences processed: 5.63503e+06
[2023-08-27 00:51:32,575 INFO] Average bsz:  511/ 698/ 8
[2023-08-27 00:51:32,575 INFO] Validation perplexity: 23.2506
[2023-08-27 00:51:32,575 INFO] Validation accuracy: 65.1707
[2023-08-27 00:51:32,669 INFO] Saving checkpoint /data2/cmdir/home/nhanvt/data_NLLB/nllb_opennmt/training/vi-th/nllb-200-3.3B.onmt_step_168000.pt
[2023-08-27 00:53:51,336 INFO] Step 168100/200000; acc: 68.8; ppl:  20.4; xent: 3.0; lr: 0.00011; sents:    6680; bsz:  532/ 729/ 8; 1848/2531 tok/s; 223510 sec;
[2023-08-27 00:55:40,701 INFO] Step 168200/200000; acc: 68.8; ppl:  20.3; xent: 3.0; lr: 0.00011; sents:    6760; bsz:  524/ 720/ 8; 3832/5266 tok/s; 223620 sec;
[2023-08-27 00:57:29,690 INFO] Step 168300/200000; acc: 68.9; ppl:  20.4; xent: 3.0; lr: 0.00011; sents:    6520; bsz:  518/ 712/ 8; 3804/5228 tok/s; 223729 sec;
[2023-08-27 00:59:19,198 INFO] Step 168400/200000; acc: 69.2; ppl:  20.0; xent: 3.0; lr: 0.00011; sents:    6688; bsz:  527/ 722/ 8; 3853/5277 tok/s; 223838 sec;
[2023-08-27 01:01:06,263 INFO] Step 168500/200000; acc: 68.7; ppl:  20.3; xent: 3.0; lr: 0.00011; sents:    6760; bsz:  497/ 674/ 8; 3715/5039 tok/s; 223945 sec;
[2023-08-27 01:02:37,838 INFO] valid stats calculation
                           took: 91.56970238685608 s.
[2023-08-27 01:02:37,845 INFO] Train perplexity: 21.0681
[2023-08-27 01:02:37,845 INFO] Train accuracy: 68.11
[2023-08-27 01:02:37,846 INFO] Sentences processed: 5.65175e+06
[2023-08-27 01:02:37,846 INFO] Average bsz:  511/ 698/ 8
[2023-08-27 01:02:37,846 INFO] Validation perplexity: 23.253
[2023-08-27 01:02:37,846 INFO] Validation accuracy: 65.1711
[2023-08-27 01:02:37,940 INFO] Saving checkpoint /data2/cmdir/home/nhanvt/data_NLLB/nllb_opennmt/training/vi-th/nllb-200-3.3B.onmt_step_168500.pt
[2023-08-27 01:04:57,940 INFO] Step 168600/200000; acc: 68.6; ppl:  20.7; xent: 3.0; lr: 0.00011; sents:    6650; bsz:  506/ 694/ 8; 1748/2396 tok/s; 224177 sec;
[2023-08-27 01:06:44,545 INFO] Step 168700/200000; acc: 68.7; ppl:  20.5; xent: 3.0; lr: 0.00011; sents:    6736; bsz:  504/ 686/ 8; 3782/5151 tok/s; 224284 sec;
[2023-08-27 01:08:32,120 INFO] Step 168800/200000; acc: 68.6; ppl:  20.6; xent: 3.0; lr: 0.00011; sents:    6616; bsz:  510/ 693/ 8; 3791/5157 tok/s; 224391 sec;
[2023-08-27 01:10:19,865 INFO] Step 168900/200000; acc: 68.8; ppl:  20.4; xent: 3.0; lr: 0.00011; sents:    6624; bsz:  508/ 691/ 8; 3774/5130 tok/s; 224499 sec;
[2023-08-27 01:12:08,463 INFO] Step 169000/200000; acc: 69.0; ppl:  20.2; xent: 3.0; lr: 0.00011; sents:    6880; bsz:  516/ 704/ 9; 3799/5186 tok/s; 224608 sec;
[2023-08-27 01:13:40,544 INFO] valid stats calculation
                           took: 92.07662844657898 s.
[2023-08-27 01:13:40,551 INFO] Train perplexity: 21.0664
[2023-08-27 01:13:40,551 INFO] Train accuracy: 68.1116
[2023-08-27 01:13:40,551 INFO] Sentences processed: 5.66848e+06
[2023-08-27 01:13:40,551 INFO] Average bsz:  511/ 698/ 8
[2023-08-27 01:13:40,551 INFO] Validation perplexity: 23.2519
[2023-08-27 01:13:40,551 INFO] Validation accuracy: 65.1762
[2023-08-27 01:13:40,647 INFO] Saving checkpoint /data2/cmdir/home/nhanvt/data_NLLB/nllb_opennmt/training/vi-th/nllb-200-3.3B.onmt_step_169000.pt
[2023-08-27 01:15:59,640 INFO] Step 169100/200000; acc: 68.6; ppl:  20.6; xent: 3.0; lr: 0.00011; sents:    6880; bsz:  518/ 710/ 9; 1792/2456 tok/s; 224839 sec;
[2023-08-27 01:17:46,810 INFO] Step 169200/200000; acc: 68.7; ppl:  20.5; xent: 3.0; lr: 0.00011; sents:    6792; bsz:  500/ 680/ 8; 3731/5078 tok/s; 224946 sec;
[2023-08-27 01:19:34,805 INFO] Step 169300/200000; acc: 68.9; ppl:  20.3; xent: 3.0; lr: 0.00011; sents:    6760; bsz:  519/ 708/ 8; 3842/5245 tok/s; 225054 sec;
[2023-08-27 01:21:22,887 INFO] Step 169400/200000; acc: 68.7; ppl:  20.5; xent: 3.0; lr: 0.00011; sents:    6784; bsz:  516/ 706/ 8; 3819/5223 tok/s; 225162 sec;
[2023-08-27 01:23:10,619 INFO] Step 169500/200000; acc: 68.6; ppl:  20.6; xent: 3.0; lr: 0.00011; sents:    6696; bsz:  517/ 708/ 8; 3839/5256 tok/s; 225270 sec;
[2023-08-27 01:24:42,658 INFO] valid stats calculation
                           took: 92.03471159934998 s.
[2023-08-27 01:24:42,666 INFO] Train perplexity: 21.0645
[2023-08-27 01:24:42,666 INFO] Train accuracy: 68.1135
[2023-08-27 01:24:42,666 INFO] Sentences processed: 5.68544e+06
[2023-08-27 01:24:42,666 INFO] Average bsz:  511/ 698/ 8
[2023-08-27 01:24:42,666 INFO] Validation perplexity: 23.2513
[2023-08-27 01:24:42,666 INFO] Validation accuracy: 65.1733
[2023-08-27 01:24:42,760 INFO] Saving checkpoint /data2/cmdir/home/nhanvt/data_NLLB/nllb_opennmt/training/vi-th/nllb-200-3.3B.onmt_step_169500.pt
[2023-08-27 01:27:00,759 INFO] Step 169600/200000; acc: 68.9; ppl:  20.2; xent: 3.0; lr: 0.00011; sents:    6752; bsz:  515/ 704/ 8; 1791/2448 tok/s; 225500 sec;
[2023-08-27 01:28:48,071 INFO] Step 169700/200000; acc: 68.6; ppl:  20.6; xent: 3.0; lr: 0.00011; sents:    6768; bsz:  513/ 695/ 8; 3821/5183 tok/s; 225607 sec;
[2023-08-27 01:30:35,196 INFO] Step 169800/200000; acc: 68.7; ppl:  20.4; xent: 3.0; lr: 0.00011; sents:    6792; bsz:  502/ 682/ 8; 3751/5092 tok/s; 225714 sec;
[2023-08-27 01:32:23,069 INFO] Step 169900/200000; acc: 68.9; ppl:  20.3; xent: 3.0; lr: 0.00011; sents:    6808; bsz:  515/ 706/ 9; 3819/5237 tok/s; 225822 sec;
[2023-08-27 01:34:10,783 INFO] Step 170000/200000; acc: 68.7; ppl:  20.5; xent: 3.0; lr: 0.00011; sents:    6712; bsz:  517/ 707/ 8; 3838/5248 tok/s; 225930 sec;
[2023-08-27 01:35:42,171 INFO] valid stats calculation
                           took: 91.38358545303345 s.
[2023-08-27 01:35:42,179 INFO] Train perplexity: 21.0629
[2023-08-27 01:35:42,179 INFO] Train accuracy: 68.1151
[2023-08-27 01:35:42,179 INFO] Sentences processed: 5.70236e+06
[2023-08-27 01:35:42,179 INFO] Average bsz:  511/ 698/ 8
[2023-08-27 01:35:42,179 INFO] Validation perplexity: 23.2491
[2023-08-27 01:35:42,179 INFO] Validation accuracy: 65.1744
[2023-08-27 01:35:42,274 INFO] Saving checkpoint /data2/cmdir/home/nhanvt/data_NLLB/nllb_opennmt/training/vi-th/nllb-200-3.3B.onmt_step_170000.pt
[2023-08-27 01:37:58,494 INFO] Step 170100/200000; acc: 68.7; ppl:  20.3; xent: 3.0; lr: 0.00011; sents:    6728; bsz:  506/ 689/ 8; 1776/2421 tok/s; 226158 sec;
[2023-08-27 01:39:46,166 INFO] Step 170200/200000; acc: 68.6; ppl:  20.5; xent: 3.0; lr: 0.00011; sents:    6632; bsz:  509/ 697/ 8; 3781/5176 tok/s; 226265 sec;
[2023-08-27 01:41:34,007 INFO] Step 170300/200000; acc: 68.4; ppl:  20.7; xent: 3.0; lr: 0.00011; sents:    6688; bsz:  508/ 692/ 8; 3767/5135 tok/s; 226373 sec;
[2023-08-27 01:43:21,589 INFO] Step 170400/200000; acc: 68.5; ppl:  20.7; xent: 3.0; lr: 0.00011; sents:    6728; bsz:  510/ 696/ 8; 3794/5176 tok/s; 226481 sec;
[2023-08-27 01:45:08,818 INFO] Step 170500/200000; acc: 68.7; ppl:  20.5; xent: 3.0; lr: 0.00011; sents:    6648; bsz:  509/ 694/ 8; 3797/5181 tok/s; 226588 sec;
[2023-08-27 01:46:39,875 INFO] valid stats calculation
                           took: 91.05319571495056 s.
[2023-08-27 01:46:39,883 INFO] Train perplexity: 21.0616
[2023-08-27 01:46:39,883 INFO] Train accuracy: 68.1162
[2023-08-27 01:46:39,883 INFO] Sentences processed: 5.71909e+06
[2023-08-27 01:46:39,883 INFO] Average bsz:  511/ 698/ 8
[2023-08-27 01:46:39,883 INFO] Validation perplexity: 23.2498
[2023-08-27 01:46:39,883 INFO] Validation accuracy: 65.1711
[2023-08-27 01:46:39,984 INFO] Saving checkpoint /data2/cmdir/home/nhanvt/data_NLLB/nllb_opennmt/training/vi-th/nllb-200-3.3B.onmt_step_170500.pt
[2023-08-27 01:48:57,209 INFO] Step 170600/200000; acc: 68.9; ppl:  20.2; xent: 3.0; lr: 0.00011; sents:    6704; bsz:  512/ 700/ 8; 1794/2452 tok/s; 226816 sec;
[2023-08-27 01:50:46,231 INFO] Step 170700/200000; acc: 68.9; ppl:  20.2; xent: 3.0; lr: 0.00011; sents:    6744; bsz:  520/ 712/ 8; 3816/5226 tok/s; 226925 sec;
[2023-08-27 01:52:34,754 INFO] Step 170800/200000; acc: 68.8; ppl:  20.4; xent: 3.0; lr: 0.00011; sents:    6760; bsz:  511/ 701/ 8; 3770/5164 tok/s; 227034 sec;
[2023-08-27 01:54:22,073 INFO] Step 170900/200000; acc: 68.4; ppl:  20.8; xent: 3.0; lr: 0.00011; sents:    6600; bsz:  503/ 686/ 8; 3748/5111 tok/s; 227141 sec;
[2023-08-27 01:56:43,425 INFO] Step 171000/200000; acc: 69.1; ppl:  20.0; xent: 3.0; lr: 0.00011; sents:    6648; bsz:  512/ 700/ 8; 2900/3961 tok/s; 227282 sec;
[2023-08-27 01:58:17,811 INFO] valid stats calculation
                           took: 94.38141703605652 s.
[2023-08-27 01:58:17,819 INFO] Train perplexity: 21.0596
[2023-08-27 01:58:17,819 INFO] Train accuracy: 68.1182
[2023-08-27 01:58:17,819 INFO] Sentences processed: 5.73583e+06
[2023-08-27 01:58:17,819 INFO] Average bsz:  511/ 698/ 8
[2023-08-27 01:58:17,819 INFO] Validation perplexity: 23.251
[2023-08-27 01:58:17,819 INFO] Validation accuracy: 65.1731
[2023-08-27 01:58:17,914 INFO] Saving checkpoint /data2/cmdir/home/nhanvt/data_NLLB/nllb_opennmt/training/vi-th/nllb-200-3.3B.onmt_step_171000.pt
[2023-08-27 02:00:37,871 INFO] Step 171100/200000; acc: 68.7; ppl:  20.3; xent: 3.0; lr: 0.00011; sents:    6664; bsz:  510/ 695/ 8; 1739/2372 tok/s; 227517 sec;
[2023-08-27 02:02:25,979 INFO] Step 171200/200000; acc: 68.7; ppl:  20.5; xent: 3.0; lr: 0.00011; sents:    6680; bsz:  520/ 710/ 8; 3850/5251 tok/s; 227625 sec;
[2023-08-27 02:04:13,567 INFO] Step 171300/200000; acc: 69.0; ppl:  20.1; xent: 3.0; lr: 0.00011; sents:    6712; bsz:  511/ 697/ 8; 3798/5186 tok/s; 227733 sec;
[2023-08-27 02:06:01,088 INFO] Step 171400/200000; acc: 68.4; ppl:  20.8; xent: 3.0; lr: 0.00011; sents:    6672; bsz:  510/ 695/ 8; 3798/5169 tok/s; 227840 sec;
[2023-08-27 02:07:49,193 INFO] Step 171500/200000; acc: 68.8; ppl:  20.3; xent: 3.0; lr: 0.00011; sents:    6640; bsz:  522/ 714/ 8; 3860/5282 tok/s; 227948 sec;
[2023-08-27 02:09:20,692 INFO] valid stats calculation
                           took: 91.49441862106323 s.
[2023-08-27 02:09:20,699 INFO] Train perplexity: 21.0579
[2023-08-27 02:09:20,699 INFO] Train accuracy: 68.1197
[2023-08-27 02:09:20,699 INFO] Sentences processed: 5.7525e+06
[2023-08-27 02:09:20,699 INFO] Average bsz:  511/ 698/ 8
[2023-08-27 02:09:20,699 INFO] Validation perplexity: 23.2521
[2023-08-27 02:09:20,699 INFO] Validation accuracy: 65.1754
[2023-08-27 02:09:20,793 INFO] Saving checkpoint /data2/cmdir/home/nhanvt/data_NLLB/nllb_opennmt/training/vi-th/nllb-200-3.3B.onmt_step_171500.pt
[2023-08-27 02:11:35,031 INFO] Step 171600/200000; acc: 68.6; ppl:  20.5; xent: 3.0; lr: 0.00011; sents:    6744; bsz:  505/ 690/ 8; 1788/2443 tok/s; 228174 sec;
[2023-08-27 02:13:22,862 INFO] Step 171700/200000; acc: 69.0; ppl:  20.2; xent: 3.0; lr: 0.00011; sents:    6768; bsz:  518/ 709/ 8; 3845/5257 tok/s; 228282 sec;
[2023-08-27 02:15:10,742 INFO] Step 171800/200000; acc: 68.8; ppl:  20.3; xent: 3.0; lr: 0.00011; sents:    6736; bsz:  516/ 703/ 8; 3825/5210 tok/s; 228390 sec;
[2023-08-27 02:16:58,237 INFO] Step 171900/200000; acc: 68.7; ppl:  20.4; xent: 3.0; lr: 0.00011; sents:    6744; bsz:  510/ 694/ 8; 3796/5167 tok/s; 228497 sec;
[2023-08-27 02:18:47,031 INFO] Step 172000/200000; acc: 68.5; ppl:  20.7; xent: 3.0; lr: 0.00011; sents:    6768; bsz:  529/ 726/ 8; 3886/5338 tok/s; 228606 sec;
[2023-08-27 02:20:18,837 INFO] valid stats calculation
                           took: 91.80135202407837 s.
[2023-08-27 02:20:18,845 INFO] Train perplexity: 21.0561
[2023-08-27 02:20:18,846 INFO] Train accuracy: 68.1214
[2023-08-27 02:20:18,846 INFO] Sentences processed: 5.76936e+06
[2023-08-27 02:20:18,846 INFO] Average bsz:  511/ 698/ 8
[2023-08-27 02:20:18,846 INFO] Validation perplexity: 23.2515
[2023-08-27 02:20:18,846 INFO] Validation accuracy: 65.1709
[2023-08-27 02:20:18,938 INFO] Saving checkpoint /data2/cmdir/home/nhanvt/data_NLLB/nllb_opennmt/training/vi-th/nllb-200-3.3B.onmt_step_172000.pt
[2023-08-27 02:22:38,975 INFO] Step 172100/200000; acc: 68.6; ppl:  20.5; xent: 3.0; lr: 0.00011; sents:    6776; bsz:  511/ 699/ 8; 1762/2412 tok/s; 228838 sec;
[2023-08-27 02:24:25,410 INFO] Step 172200/200000; acc: 68.4; ppl:  20.8; xent: 3.0; lr: 0.00011; sents:    6672; bsz:  495/ 675/ 8; 3719/5075 tok/s; 228944 sec;
[2023-08-27 02:26:13,705 INFO] Step 172300/200000; acc: 68.6; ppl:  20.6; xent: 3.0; lr: 0.00011; sents:    6696; bsz:  514/ 705/ 8; 3797/5206 tok/s; 229053 sec;
[2023-08-27 02:28:01,899 INFO] Step 172400/200000; acc: 69.0; ppl:  20.1; xent: 3.0; lr: 0.00011; sents:    6824; bsz:  514/ 703/ 9; 3801/5198 tok/s; 229161 sec;
[2023-08-27 02:29:49,693 INFO] Step 172500/200000; acc: 68.9; ppl:  20.3; xent: 3.0; lr: 0.00011; sents:    6728; bsz:  517/ 704/ 8; 3834/5224 tok/s; 229269 sec;
[2023-08-27 02:31:21,030 INFO] valid stats calculation
                           took: 91.33188056945801 s.
[2023-08-27 02:31:21,036 INFO] Train perplexity: 21.0544
[2023-08-27 02:31:21,036 INFO] Train accuracy: 68.123
[2023-08-27 02:31:21,036 INFO] Sentences processed: 5.78624e+06
[2023-08-27 02:31:21,036 INFO] Average bsz:  511/ 698/ 8
[2023-08-27 02:31:21,036 INFO] Validation perplexity: 23.252
[2023-08-27 02:31:21,036 INFO] Validation accuracy: 65.1702
[2023-08-27 02:31:21,133 INFO] Saving checkpoint /data2/cmdir/home/nhanvt/data_NLLB/nllb_opennmt/training/vi-th/nllb-200-3.3B.onmt_step_172500.pt
[2023-08-27 02:33:39,323 INFO] Step 172600/200000; acc: 68.8; ppl:  20.4; xent: 3.0; lr: 0.00011; sents:    6680; bsz:  510/ 699/ 8; 1776/2437 tok/s; 229498 sec;
[2023-08-27 02:35:26,607 INFO] Step 172700/200000; acc: 68.8; ppl:  20.4; xent: 3.0; lr: 0.00011; sents:    6848; bsz:  507/ 692/ 9; 3783/5160 tok/s; 229606 sec;
[2023-08-27 02:37:13,089 INFO] Step 172800/200000; acc: 68.6; ppl:  20.5; xent: 3.0; lr: 0.00011; sents:    6712; bsz:  501/ 679/ 8; 3764/5104 tok/s; 229712 sec;
[2023-08-27 02:38:59,999 INFO] Step 172900/200000; acc: 68.7; ppl:  20.5; xent: 3.0; lr: 0.00011; sents:    6704; bsz:  500/ 682/ 8; 3740/5106 tok/s; 229819 sec;
[2023-08-27 02:40:47,330 INFO] Step 173000/200000; acc: 68.7; ppl:  20.4; xent: 3.0; lr: 0.00011; sents:    6584; bsz:  504/ 687/ 8; 3757/5124 tok/s; 229926 sec;
[2023-08-27 02:42:19,359 INFO] valid stats calculation
                           took: 92.0240683555603 s.
[2023-08-27 02:42:19,366 INFO] Train perplexity: 21.053
[2023-08-27 02:42:19,366 INFO] Train accuracy: 68.1245
[2023-08-27 02:42:19,366 INFO] Sentences processed: 5.803e+06
[2023-08-27 02:42:19,366 INFO] Average bsz:  511/ 698/ 8
[2023-08-27 02:42:19,366 INFO] Validation perplexity: 23.2522
[2023-08-27 02:42:19,366 INFO] Validation accuracy: 65.177
[2023-08-27 02:42:19,461 INFO] Saving checkpoint /data2/cmdir/home/nhanvt/data_NLLB/nllb_opennmt/training/vi-th/nllb-200-3.3B.onmt_step_173000.pt
[2023-08-27 02:44:36,425 INFO] Step 173100/200000; acc: 68.5; ppl:  20.6; xent: 3.0; lr: 0.00011; sents:    6560; bsz:  513/ 700/ 8; 1790/2443 tok/s; 230155 sec;
[2023-08-27 02:46:23,679 INFO] Step 173200/200000; acc: 68.6; ppl:  20.6; xent: 3.0; lr: 0.00011; sents:    6680; bsz:  509/ 694/ 8; 3794/5174 tok/s; 230263 sec;
[2023-08-27 02:48:11,253 INFO] Step 173300/200000; acc: 68.8; ppl:  20.3; xent: 3.0; lr: 0.00011; sents:    6544; bsz:  517/ 706/ 8; 3843/5248 tok/s; 230370 sec;
[2023-08-27 02:49:58,757 INFO] Step 173400/200000; acc: 68.7; ppl:  20.4; xent: 3.0; lr: 0.00011; sents:    6696; bsz:  512/ 700/ 8; 3808/5211 tok/s; 230478 sec;
[2023-08-27 02:51:44,914 INFO] Step 173500/200000; acc: 68.4; ppl:  20.8; xent: 3.0; lr: 0.00011; sents:    6664; bsz:  497/ 674/ 8; 3743/5082 tok/s; 230584 sec;
[2023-08-27 02:53:15,934 INFO] valid stats calculation
                           took: 91.01551389694214 s.
[2023-08-27 02:53:15,941 INFO] Train perplexity: 21.0516
[2023-08-27 02:53:15,941 INFO] Train accuracy: 68.1258
[2023-08-27 02:53:15,941 INFO] Sentences processed: 5.81958e+06
[2023-08-27 02:53:15,941 INFO] Average bsz:  511/ 698/ 8
[2023-08-27 02:53:15,941 INFO] Validation perplexity: 23.2528
[2023-08-27 02:53:15,942 INFO] Validation accuracy: 65.1756
[2023-08-27 02:53:16,038 INFO] Saving checkpoint /data2/cmdir/home/nhanvt/data_NLLB/nllb_opennmt/training/vi-th/nllb-200-3.3B.onmt_step_173500.pt
[2023-08-27 02:55:32,567 INFO] Step 173600/200000; acc: 68.5; ppl:  20.7; xent: 3.0; lr: 0.00011; sents:    6680; bsz:  492/ 668/ 8; 1731/2349 tok/s; 230812 sec;
[2023-08-27 02:57:21,153 INFO] Step 173700/200000; acc: 68.5; ppl:  20.6; xent: 3.0; lr: 0.00011; sents:    6688; bsz:  515/ 704/ 8; 3793/5184 tok/s; 230920 sec;
[2023-08-27 02:59:09,121 INFO] Step 173800/200000; acc: 69.0; ppl:  20.3; xent: 3.0; lr: 0.00011; sents:    6856; bsz:  499/ 680/ 9; 3701/5037 tok/s; 231028 sec;
[2023-08-27 03:00:57,059 INFO] Step 173900/200000; acc: 68.7; ppl:  20.4; xent: 3.0; lr: 0.00011; sents:    6776; bsz:  510/ 699/ 8; 3782/5180 tok/s; 231136 sec;
[2023-08-27 03:02:44,027 INFO] Step 174000/200000; acc: 68.5; ppl:  20.7; xent: 3.0; lr: 0.00011; sents:    7144; bsz:  495/ 671/ 9; 3703/5022 tok/s; 231243 sec;
[2023-08-27 03:04:15,040 INFO] valid stats calculation
                           took: 91.0087366104126 s.
[2023-08-27 03:04:15,047 INFO] Train perplexity: 21.0503
[2023-08-27 03:04:15,047 INFO] Train accuracy: 68.1272
[2023-08-27 03:04:15,047 INFO] Sentences processed: 5.83662e+06
[2023-08-27 03:04:15,047 INFO] Average bsz:  511/ 698/ 8
[2023-08-27 03:04:15,047 INFO] Validation perplexity: 23.2535
[2023-08-27 03:04:15,047 INFO] Validation accuracy: 65.1768
[2023-08-27 03:04:15,143 INFO] Saving checkpoint /data2/cmdir/home/nhanvt/data_NLLB/nllb_opennmt/training/vi-th/nllb-200-3.3B.onmt_step_174000.pt
[2023-08-27 03:06:35,805 INFO] Step 174100/200000; acc: 68.9; ppl:  20.3; xent: 3.0; lr: 0.00011; sents:    6840; bsz:  528/ 723/ 9; 1822/2497 tok/s; 231475 sec;
[2023-08-27 03:08:24,261 INFO] Step 174200/200000; acc: 68.5; ppl:  20.6; xent: 3.0; lr: 0.00011; sents:    6648; bsz:  514/ 702/ 8; 3794/5182 tok/s; 231583 sec;
[2023-08-27 03:10:12,256 INFO] Step 174300/200000; acc: 68.9; ppl:  20.2; xent: 3.0; lr: 0.00011; sents:    6600; bsz:  522/ 717/ 8; 3870/5315 tok/s; 231691 sec;
[2023-08-27 03:12:01,137 INFO] Step 174400/200000; acc: 68.9; ppl:  20.2; xent: 3.0; lr: 0.00011; sents:    6600; bsz:  522/ 717/ 8; 3836/5271 tok/s; 231800 sec;
[2023-08-27 03:13:48,091 INFO] Step 174500/200000; acc: 68.5; ppl:  20.7; xent: 3.0; lr: 0.00011; sents:    6640; bsz:  499/ 680/ 8; 3734/5084 tok/s; 231907 sec;
[2023-08-27 03:15:20,245 INFO] valid stats calculation
                           took: 92.14884662628174 s.
[2023-08-27 03:15:20,252 INFO] Train perplexity: 21.0484
[2023-08-27 03:15:20,252 INFO] Train accuracy: 68.1289
[2023-08-27 03:15:20,252 INFO] Sentences processed: 5.85332e+06
[2023-08-27 03:15:20,252 INFO] Average bsz:  511/ 698/ 8
[2023-08-27 03:15:20,252 INFO] Validation perplexity: 23.254
[2023-08-27 03:15:20,252 INFO] Validation accuracy: 65.1725
[2023-08-27 03:15:20,346 INFO] Saving checkpoint /data2/cmdir/home/nhanvt/data_NLLB/nllb_opennmt/training/vi-th/nllb-200-3.3B.onmt_step_174500.pt
[2023-08-27 03:17:38,011 INFO] Step 174600/200000; acc: 68.2; ppl:  21.0; xent: 3.0; lr: 0.00011; sents:    6840; bsz:  504/ 686/ 9; 1753/2388 tok/s; 232137 sec;
[2023-08-27 03:19:26,671 INFO] Step 174700/200000; acc: 68.7; ppl:  20.4; xent: 3.0; lr: 0.00011; sents:    6800; bsz:  527/ 719/ 8; 3878/5292 tok/s; 232246 sec;
[2023-08-27 03:21:14,723 INFO] Step 174800/200000; acc: 68.8; ppl:  20.3; xent: 3.0; lr: 0.00011; sents:    6600; bsz:  514/ 707/ 8; 3808/5231 tok/s; 232354 sec;
[2023-08-27 03:23:03,990 INFO] Step 174900/200000; acc: 69.1; ppl:  20.0; xent: 3.0; lr: 0.00011; sents:    6517; bsz:  529/ 729/ 8; 3873/5340 tok/s; 232463 sec;
[2023-08-27 03:24:52,007 INFO] Step 175000/200000; acc: 69.0; ppl:  20.2; xent: 3.0; lr: 0.00011; sents:    6824; bsz:  517/ 707/ 9; 3833/5236 tok/s; 232571 sec;
[2023-08-27 03:26:23,244 INFO] valid stats calculation
                           took: 91.23209381103516 s.
[2023-08-27 03:26:23,252 INFO] Train perplexity: 21.0465
[2023-08-27 03:26:23,252 INFO] Train accuracy: 68.1306
[2023-08-27 03:26:23,252 INFO] Sentences processed: 5.8701e+06
[2023-08-27 03:26:23,252 INFO] Average bsz:  511/ 698/ 8
[2023-08-27 03:26:23,252 INFO] Validation perplexity: 23.2557
[2023-08-27 03:26:23,252 INFO] Validation accuracy: 65.1705
[2023-08-27 03:26:23,348 INFO] Saving checkpoint /data2/cmdir/home/nhanvt/data_NLLB/nllb_opennmt/training/vi-th/nllb-200-3.3B.onmt_step_175000.pt
[2023-08-27 03:28:41,273 INFO] Step 175100/200000; acc: 68.4; ppl:  20.8; xent: 3.0; lr: 0.00011; sents:    6752; bsz:  504/ 684/ 8; 1758/2388 tok/s; 232800 sec;
[2023-08-27 03:30:28,987 INFO] Step 175200/200000; acc: 68.7; ppl:  20.5; xent: 3.0; lr: 0.00011; sents:    6856; bsz:  509/ 695/ 9; 3782/5163 tok/s; 232908 sec;
[2023-08-27 03:32:17,443 INFO] Step 175300/200000; acc: 68.9; ppl:  20.2; xent: 3.0; lr: 0.00011; sents:    6776; bsz:  521/ 713/ 8; 3844/5257 tok/s; 233016 sec;
[2023-08-27 03:34:05,859 INFO] Step 175400/200000; acc: 68.7; ppl:  20.4; xent: 3.0; lr: 0.00011; sents:    6768; bsz:  511/ 697/ 8; 3768/5144 tok/s; 233125 sec;
[2023-08-27 03:35:54,447 INFO] Step 175500/200000; acc: 68.7; ppl:  20.5; xent: 3.0; lr: 0.00011; sents:    6824; bsz:  518/ 706/ 9; 3814/5203 tok/s; 233233 sec;
[2023-08-27 03:37:26,426 INFO] valid stats calculation
                           took: 91.97408962249756 s.
[2023-08-27 03:37:26,434 INFO] Train perplexity: 21.0448
[2023-08-27 03:37:26,434 INFO] Train accuracy: 68.1322
[2023-08-27 03:37:26,434 INFO] Sentences processed: 5.88705e+06
[2023-08-27 03:37:26,434 INFO] Average bsz:  511/ 698/ 8
[2023-08-27 03:37:26,434 INFO] Validation perplexity: 23.2538
[2023-08-27 03:37:26,434 INFO] Validation accuracy: 65.1731
[2023-08-27 03:37:26,527 INFO] Saving checkpoint /data2/cmdir/home/nhanvt/data_NLLB/nllb_opennmt/training/vi-th/nllb-200-3.3B.onmt_step_175500.pt
[2023-08-27 03:39:43,812 INFO] Step 175600/200000; acc: 68.5; ppl:  20.7; xent: 3.0; lr: 0.00011; sents:    6760; bsz:  511/ 699/ 8; 1781/2440 tok/s; 233463 sec;
[2023-08-27 03:41:32,586 INFO] Step 175700/200000; acc: 68.5; ppl:  20.7; xent: 3.0; lr: 0.00011; sents:    6608; bsz:  520/ 713/ 8; 3822/5246 tok/s; 233572 sec;
[2023-08-27 03:43:21,286 INFO] Step 175800/200000; acc: 68.7; ppl:  20.5; xent: 3.0; lr: 0.00011; sents:    6696; bsz:  520/ 710/ 8; 3825/5228 tok/s; 233680 sec;
[2023-08-27 03:45:08,984 INFO] Step 175900/200000; acc: 68.6; ppl:  20.5; xent: 3.0; lr: 0.00011; sents:    6616; bsz:  503/ 687/ 8; 3739/5103 tok/s; 233788 sec;
[2023-08-27 03:46:57,064 INFO] Step 176000/200000; acc: 68.7; ppl:  20.5; xent: 3.0; lr: 0.00011; sents:    6608; bsz:  506/ 690/ 8; 3744/5108 tok/s; 233896 sec;
[2023-08-27 03:48:28,709 INFO] valid stats calculation
                           took: 91.64130806922913 s.
[2023-08-27 03:48:28,718 INFO] Train perplexity: 21.0437
[2023-08-27 03:48:28,718 INFO] Train accuracy: 68.1333
[2023-08-27 03:48:28,718 INFO] Sentences processed: 5.9037e+06
[2023-08-27 03:48:28,718 INFO] Average bsz:  511/ 698/ 8
[2023-08-27 03:48:28,718 INFO] Validation perplexity: 23.2549
[2023-08-27 03:48:28,718 INFO] Validation accuracy: 65.174
[2023-08-27 03:48:28,812 INFO] Saving checkpoint /data2/cmdir/home/nhanvt/data_NLLB/nllb_opennmt/training/vi-th/nllb-200-3.3B.onmt_step_176000.pt
[2023-08-27 03:50:44,874 INFO] Step 176100/200000; acc: 68.9; ppl:  20.3; xent: 3.0; lr: 0.00011; sents:    6688; bsz:  509/ 699/ 8; 1788/2454 tok/s; 234124 sec;
[2023-08-27 03:52:32,293 INFO] Step 176200/200000; acc: 68.7; ppl:  20.5; xent: 3.0; lr: 0.00011; sents:    6600; bsz:  516/ 704/ 8; 3842/5239 tok/s; 234231 sec;
[2023-08-27 03:54:20,414 INFO] Step 176300/200000; acc: 68.9; ppl:  20.3; xent: 3.0; lr: 0.00011; sents:    6648; bsz:  528/ 724/ 8; 3910/5359 tok/s; 234339 sec;
[2023-08-27 03:56:08,392 INFO] Step 176400/200000; acc: 68.8; ppl:  20.3; xent: 3.0; lr: 0.00011; sents:    6632; bsz:  519/ 711/ 8; 3842/5271 tok/s; 234447 sec;
[2023-08-27 03:57:55,997 INFO] Step 176500/200000; acc: 68.7; ppl:  20.4; xent: 3.0; lr: 0.00011; sents:    6808; bsz:  511/ 696/ 9; 3800/5176 tok/s; 234555 sec;
[2023-08-27 03:59:27,922 INFO] valid stats calculation
                           took: 91.92064213752747 s.
[2023-08-27 03:59:27,929 INFO] Train perplexity: 21.0417
[2023-08-27 03:59:27,930 INFO] Train accuracy: 68.1354
[2023-08-27 03:59:27,930 INFO] Sentences processed: 5.92041e+06
[2023-08-27 03:59:27,930 INFO] Average bsz:  511/ 698/ 8
[2023-08-27 03:59:27,930 INFO] Validation perplexity: 23.2539
[2023-08-27 03:59:27,930 INFO] Validation accuracy: 65.1682
[2023-08-27 03:59:28,022 INFO] Saving checkpoint /data2/cmdir/home/nhanvt/data_NLLB/nllb_opennmt/training/vi-th/nllb-200-3.3B.onmt_step_176500.pt
[2023-08-27 04:01:47,154 INFO] Step 176600/200000; acc: 69.0; ppl:  20.2; xent: 3.0; lr: 0.00011; sents:    6712; bsz:  523/ 717/ 8; 1808/2481 tok/s; 234786 sec;
[2023-08-27 04:03:34,972 INFO] Step 176700/200000; acc: 69.2; ppl:  20.0; xent: 3.0; lr: 0.00011; sents:    6856; bsz:  521/ 712/ 9; 3869/5283 tok/s; 234894 sec;
[2023-08-27 04:05:23,422 INFO] Step 176800/200000; acc: 69.0; ppl:  20.2; xent: 3.0; lr: 0.00011; sents:    6688; bsz:  521/ 712/ 8; 3840/5255 tok/s; 235002 sec;
[2023-08-27 04:07:10,853 INFO] Step 176900/200000; acc: 68.8; ppl:  20.5; xent: 3.0; lr: 0.00011; sents:    6720; bsz:  510/ 696/ 8; 3795/5182 tok/s; 235110 sec;
[2023-08-27 04:08:58,470 INFO] Step 177000/200000; acc: 68.7; ppl:  20.5; xent: 3.0; lr: 0.00011; sents:    6640; bsz:  509/ 695/ 8; 3784/5168 tok/s; 235218 sec;
[2023-08-27 04:10:30,054 INFO] valid stats calculation
                           took: 91.57950067520142 s.
[2023-08-27 04:10:30,062 INFO] Train perplexity: 21.0399
[2023-08-27 04:10:30,062 INFO] Train accuracy: 68.1371
[2023-08-27 04:10:30,062 INFO] Sentences processed: 5.93722e+06
[2023-08-27 04:10:30,062 INFO] Average bsz:  511/ 698/ 8
[2023-08-27 04:10:30,062 INFO] Validation perplexity: 23.254
[2023-08-27 04:10:30,062 INFO] Validation accuracy: 65.1719
[2023-08-27 04:10:30,158 INFO] Saving checkpoint /data2/cmdir/home/nhanvt/data_NLLB/nllb_opennmt/training/vi-th/nllb-200-3.3B.onmt_step_177000.pt
[2023-08-27 04:12:48,555 INFO] Step 177100/200000; acc: 68.5; ppl:  20.7; xent: 3.0; lr: 0.00011; sents:    6712; bsz:  508/ 690/ 8; 1765/2400 tok/s; 235448 sec;
[2023-08-27 04:14:36,235 INFO] Step 177200/200000; acc: 68.6; ppl:  20.6; xent: 3.0; lr: 0.00010; sents:    6672; bsz:  499/ 681/ 8; 3708/5059 tok/s; 235555 sec;
[2023-08-27 04:16:24,348 INFO] Step 177300/200000; acc: 68.6; ppl:  20.5; xent: 3.0; lr: 0.00010; sents:    6696; bsz:  514/ 701/ 8; 3804/5190 tok/s; 235663 sec;
[2023-08-27 04:18:11,064 INFO] Step 177400/200000; acc: 68.6; ppl:  20.6; xent: 3.0; lr: 0.00010; sents:    6664; bsz:  494/ 674/ 8; 3700/5054 tok/s; 235770 sec;
[2023-08-27 04:19:57,563 INFO] Step 177500/200000; acc: 68.8; ppl:  20.4; xent: 3.0; lr: 0.00010; sents:    6736; bsz:  498/ 681/ 8; 3740/5113 tok/s; 235877 sec;
[2023-08-27 04:21:29,569 INFO] valid stats calculation
                           took: 92.00236487388611 s.
[2023-08-27 04:21:29,578 INFO] Train perplexity: 21.0385
[2023-08-27 04:21:29,578 INFO] Train accuracy: 68.1385
[2023-08-27 04:21:29,578 INFO] Sentences processed: 5.95397e+06
[2023-08-27 04:21:29,578 INFO] Average bsz:  511/ 698/ 8
[2023-08-27 04:21:29,578 INFO] Validation perplexity: 23.255
[2023-08-27 04:21:29,578 INFO] Validation accuracy: 65.1688
[2023-08-27 04:21:29,671 INFO] Saving checkpoint /data2/cmdir/home/nhanvt/data_NLLB/nllb_opennmt/training/vi-th/nllb-200-3.3B.onmt_step_177500.pt
[2023-08-27 04:23:46,859 INFO] Step 177600/200000; acc: 68.5; ppl:  20.6; xent: 3.0; lr: 0.00010; sents:    6704; bsz:  516/ 709/ 8; 1800/2474 tok/s; 236106 sec;
[2023-08-27 04:25:34,683 INFO] Step 177700/200000; acc: 68.6; ppl:  20.5; xent: 3.0; lr: 0.00010; sents:    6600; bsz:  514/ 704/ 8; 3816/5222 tok/s; 236214 sec;
[2023-08-27 04:27:21,918 INFO] Step 177800/200000; acc: 68.7; ppl:  20.5; xent: 3.0; lr: 0.00010; sents:    6640; bsz:  507/ 694/ 8; 3783/5178 tok/s; 236321 sec;
[2023-08-27 04:29:09,783 INFO] Step 177900/200000; acc: 68.9; ppl:  20.3; xent: 3.0; lr: 0.00010; sents:    6640; bsz:  519/ 714/ 8; 3849/5296 tok/s; 236429 sec;
[2023-08-27 04:30:58,204 INFO] Step 178000/200000; acc: 69.0; ppl:  20.2; xent: 3.0; lr: 0.00010; sents:    6576; bsz:  525/ 719/ 8; 3875/5304 tok/s; 236537 sec;
[2023-08-27 04:32:29,335 INFO] valid stats calculation
                           took: 91.12618494033813 s.
[2023-08-27 04:32:29,343 INFO] Train perplexity: 21.0369
[2023-08-27 04:32:29,343 INFO] Train accuracy: 68.14
[2023-08-27 04:32:29,343 INFO] Sentences processed: 5.97054e+06
[2023-08-27 04:32:29,343 INFO] Average bsz:  511/ 698/ 8
[2023-08-27 04:32:29,343 INFO] Validation perplexity: 23.2546
[2023-08-27 04:32:29,343 INFO] Validation accuracy: 65.1719
[2023-08-27 04:32:29,435 INFO] Saving checkpoint /data2/cmdir/home/nhanvt/data_NLLB/nllb_opennmt/training/vi-th/nllb-200-3.3B.onmt_step_178000.pt
[2023-08-27 04:34:47,974 INFO] Step 178100/200000; acc: 68.7; ppl:  20.4; xent: 3.0; lr: 0.00010; sents:    6664; bsz:  511/ 699/ 8; 1779/2433 tok/s; 236767 sec;
[2023-08-27 04:36:35,589 INFO] Step 178200/200000; acc: 68.6; ppl:  20.7; xent: 3.0; lr: 0.00010; sents:    6728; bsz:  504/ 689/ 8; 3747/5121 tok/s; 236875 sec;
[2023-08-27 04:38:23,306 INFO] Step 178300/200000; acc: 68.8; ppl:  20.3; xent: 3.0; lr: 0.00010; sents:    6707; bsz:  513/ 699/ 8; 3811/5194 tok/s; 236982 sec;
[2023-08-27 04:40:11,340 INFO] Step 178400/200000; acc: 68.8; ppl:  20.3; xent: 3.0; lr: 0.00010; sents:    6744; bsz:  525/ 718/ 8; 3886/5315 tok/s; 237090 sec;
[2023-08-27 04:41:58,904 INFO] Step 178500/200000; acc: 68.6; ppl:  20.6; xent: 3.0; lr: 0.00010; sents:    6712; bsz:  514/ 699/ 8; 3820/5200 tok/s; 237198 sec;
[2023-08-27 04:43:30,125 INFO] valid stats calculation
                           took: 91.2164454460144 s.
[2023-08-27 04:43:30,133 INFO] Train perplexity: 21.0352
[2023-08-27 04:43:30,133 INFO] Train accuracy: 68.1417
[2023-08-27 04:43:30,133 INFO] Sentences processed: 5.9873e+06
[2023-08-27 04:43:30,133 INFO] Average bsz:  511/ 698/ 8
[2023-08-27 04:43:30,133 INFO] Validation perplexity: 23.2539
[2023-08-27 04:43:30,133 INFO] Validation accuracy: 65.1651
[2023-08-27 04:43:30,319 INFO] Saving checkpoint /data2/cmdir/home/nhanvt/data_NLLB/nllb_opennmt/training/vi-th/nllb-200-3.3B.onmt_step_178500.pt
[2023-08-27 04:45:46,384 INFO] Step 178600/200000; acc: 68.9; ppl:  20.2; xent: 3.0; lr: 0.00010; sents:    6736; bsz:  507/ 692/ 8; 1783/2432 tok/s; 237425 sec;
[2023-08-27 04:47:34,418 INFO] Step 178700/200000; acc: 68.6; ppl:  20.6; xent: 3.0; lr: 0.00010; sents:    6696; bsz:  515/ 705/ 8; 3814/5220 tok/s; 237533 sec;
[2023-08-27 04:49:20,791 INFO] Step 178800/200000; acc: 68.4; ppl:  20.8; xent: 3.0; lr: 0.00010; sents:    6704; bsz:  492/ 670/ 8; 3700/5037 tok/s; 237640 sec;
[2023-08-27 04:51:09,401 INFO] Step 178900/200000; acc: 69.0; ppl:  20.2; xent: 3.0; lr: 0.00010; sents:    6736; bsz:  528/ 722/ 8; 3889/5318 tok/s; 237748 sec;
[2023-08-27 04:52:57,148 INFO] Step 179000/200000; acc: 68.7; ppl:  20.4; xent: 3.0; lr: 0.00010; sents:    6656; bsz:  513/ 702/ 8; 3808/5215 tok/s; 237856 sec;
[2023-08-27 04:54:28,444 INFO] valid stats calculation
                           took: 91.29175305366516 s.
[2023-08-27 04:54:28,451 INFO] Train perplexity: 21.0335
[2023-08-27 04:54:28,452 INFO] Train accuracy: 68.1431
[2023-08-27 04:54:28,452 INFO] Sentences processed: 6.00409e+06
[2023-08-27 04:54:28,452 INFO] Average bsz:  511/ 698/ 8
[2023-08-27 04:54:28,452 INFO] Validation perplexity: 23.2555
[2023-08-27 04:54:28,452 INFO] Validation accuracy: 65.1645
[2023-08-27 04:54:28,544 INFO] Saving checkpoint /data2/cmdir/home/nhanvt/data_NLLB/nllb_opennmt/training/vi-th/nllb-200-3.3B.onmt_step_179000.pt
[2023-08-27 04:56:46,697 INFO] Step 179100/200000; acc: 68.9; ppl:  20.4; xent: 3.0; lr: 0.00010; sents:    6752; bsz:  535/ 733/ 8; 1865/2556 tok/s; 238086 sec;
[2023-08-27 04:58:33,718 INFO] Step 179200/200000; acc: 68.8; ppl:  20.4; xent: 3.0; lr: 0.00010; sents:    6696; bsz:  510/ 695/ 8; 3809/5192 tok/s; 238193 sec;
[2023-08-27 05:00:22,405 INFO] Step 179300/200000; acc: 68.6; ppl:  20.5; xent: 3.0; lr: 0.00010; sents:    6744; bsz:  519/ 709/ 8; 3818/5217 tok/s; 238301 sec;
[2023-08-27 05:02:09,540 INFO] Step 179400/200000; acc: 68.7; ppl:  20.4; xent: 3.0; lr: 0.00010; sents:    6768; bsz:  512/ 696/ 8; 3821/5200 tok/s; 238409 sec;
[2023-08-27 05:03:55,918 INFO] Step 179500/200000; acc: 68.4; ppl:  20.8; xent: 3.0; lr: 0.00010; sents:    6688; bsz:  499/ 679/ 8; 3749/5107 tok/s; 238515 sec;
[2023-08-27 05:05:27,374 INFO] valid stats calculation
                           took: 91.45094919204712 s.
[2023-08-27 05:05:27,382 INFO] Train perplexity: 21.0321
[2023-08-27 05:05:27,382 INFO] Train accuracy: 68.1445
[2023-08-27 05:05:27,382 INFO] Sentences processed: 6.0209e+06
[2023-08-27 05:05:27,382 INFO] Average bsz:  511/ 698/ 8
[2023-08-27 05:05:27,382 INFO] Validation perplexity: 23.2545
[2023-08-27 05:05:27,382 INFO] Validation accuracy: 65.1707
[2023-08-27 05:05:27,475 INFO] Saving checkpoint /data2/cmdir/home/nhanvt/data_NLLB/nllb_opennmt/training/vi-th/nllb-200-3.3B.onmt_step_179500.pt
[2023-08-27 05:07:44,354 INFO] Step 179600/200000; acc: 69.0; ppl:  20.1; xent: 3.0; lr: 0.00010; sents:    6648; bsz:  519/ 708/ 8; 1816/2480 tok/s; 238743 sec;
[2023-08-27 05:09:32,643 INFO] Step 179700/200000; acc: 68.7; ppl:  20.5; xent: 3.0; lr: 0.00010; sents:    6576; bsz:  517/ 707/ 8; 3823/5221 tok/s; 238852 sec;
[2023-08-27 05:11:20,391 INFO] Step 179800/200000; acc: 68.9; ppl:  20.2; xent: 3.0; lr: 0.00010; sents:    6784; bsz:  518/ 708/ 8; 3843/5258 tok/s; 238959 sec;
[2023-08-27 05:13:07,821 INFO] Step 179900/200000; acc: 68.8; ppl:  20.3; xent: 3.0; lr: 0.00010; sents:    6744; bsz:  510/ 695/ 8; 3798/5172 tok/s; 239067 sec;
[2023-08-27 05:14:55,678 INFO] Step 180000/200000; acc: 69.1; ppl:  20.1; xent: 3.0; lr: 0.00010; sents:    6592; bsz:  515/ 707/ 8; 3816/5244 tok/s; 239175 sec;
[2023-08-27 05:16:27,222 INFO] valid stats calculation
                           took: 91.53882813453674 s.
[2023-08-27 05:16:27,227 INFO] Train perplexity: 21.0299
[2023-08-27 05:16:27,227 INFO] Train accuracy: 68.1465
[2023-08-27 05:16:27,227 INFO] Sentences processed: 6.03759e+06
[2023-08-27 05:16:27,227 INFO] Average bsz:  511/ 698/ 8
[2023-08-27 05:16:27,227 INFO] Validation perplexity: 23.2553
[2023-08-27 05:16:27,227 INFO] Validation accuracy: 65.1746
[2023-08-27 05:16:27,326 INFO] Saving checkpoint /data2/cmdir/home/nhanvt/data_NLLB/nllb_opennmt/training/vi-th/nllb-200-3.3B.onmt_step_180000.pt
[2023-08-27 05:18:44,179 INFO] Step 180100/200000; acc: 68.8; ppl:  20.3; xent: 3.0; lr: 0.00010; sents:    6608; bsz:  520/ 710/ 8; 1820/2485 tok/s; 239403 sec;
[2023-08-27 05:20:33,205 INFO] Step 180200/200000; acc: 68.9; ppl:  20.3; xent: 3.0; lr: 0.00010; sents:    6760; bsz:  514/ 704/ 8; 3773/5169 tok/s; 239512 sec;
[2023-08-27 05:22:20,853 INFO] Step 180300/200000; acc: 68.7; ppl:  20.6; xent: 3.0; lr: 0.00010; sents:    6760; bsz:  504/ 689/ 8; 3746/5120 tok/s; 239620 sec;
[2023-08-27 05:24:09,942 INFO] Step 180400/200000; acc: 68.7; ppl:  20.5; xent: 3.0; lr: 0.00010; sents:    6736; bsz:  521/ 711/ 8; 3819/5212 tok/s; 239729 sec;
[2023-08-27 05:25:58,176 INFO] Step 180500/200000; acc: 69.0; ppl:  20.1; xent: 3.0; lr: 0.00010; sents:    6728; bsz:  513/ 701/ 8; 3792/5179 tok/s; 239837 sec;
[2023-08-27 05:27:30,446 INFO] valid stats calculation
                           took: 92.2653214931488 s.
[2023-08-27 05:27:30,454 INFO] Train perplexity: 21.0286
[2023-08-27 05:27:30,454 INFO] Train accuracy: 68.1479
[2023-08-27 05:27:30,454 INFO] Sentences processed: 6.05434e+06
[2023-08-27 05:27:30,454 INFO] Average bsz:  511/ 698/ 8
[2023-08-27 05:27:30,454 INFO] Validation perplexity: 23.2565
[2023-08-27 05:27:30,454 INFO] Validation accuracy: 65.1641
[2023-08-27 05:27:30,550 INFO] Saving checkpoint /data2/cmdir/home/nhanvt/data_NLLB/nllb_opennmt/training/vi-th/nllb-200-3.3B.onmt_step_180500.pt
[2023-08-27 05:29:47,436 INFO] Step 180600/200000; acc: 68.9; ppl:  20.3; xent: 3.0; lr: 0.00010; sents:    6784; bsz:  515/ 705/ 8; 1799/2460 tok/s; 240066 sec;
[2023-08-27 05:31:35,468 INFO] Step 180700/200000; acc: 68.8; ppl:  20.4; xent: 3.0; lr: 0.00010; sents:    6712; bsz:  517/ 708/ 8; 3826/5244 tok/s; 240175 sec;
[2023-08-27 05:33:23,198 INFO] Step 180800/200000; acc: 68.7; ppl:  20.5; xent: 3.0; lr: 0.00010; sents:    6624; bsz:  507/ 689/ 8; 3761/5119 tok/s; 240282 sec;
[2023-08-27 05:35:11,383 INFO] Step 180900/200000; acc: 68.9; ppl:  20.3; xent: 3.0; lr: 0.00010; sents:    6776; bsz:  516/ 708/ 8; 3818/5233 tok/s; 240390 sec;
[2023-08-27 05:36:57,978 INFO] Step 181000/200000; acc: 68.6; ppl:  20.6; xent: 3.0; lr: 0.00010; sents:    6816; bsz:  504/ 685/ 9; 3786/5143 tok/s; 240497 sec;
[2023-08-27 05:38:29,885 INFO] valid stats calculation
                           took: 91.9017813205719 s.
[2023-08-27 05:38:29,893 INFO] Train perplexity: 21.0272
[2023-08-27 05:38:29,893 INFO] Train accuracy: 68.1493
[2023-08-27 05:38:29,893 INFO] Sentences processed: 6.07118e+06
[2023-08-27 05:38:29,893 INFO] Average bsz:  511/ 698/ 8
[2023-08-27 05:38:29,893 INFO] Validation perplexity: 23.2555
[2023-08-27 05:38:29,893 INFO] Validation accuracy: 65.167
[2023-08-27 05:38:29,986 INFO] Saving checkpoint /data2/cmdir/home/nhanvt/data_NLLB/nllb_opennmt/training/vi-th/nllb-200-3.3B.onmt_step_181000.pt
[2023-08-27 05:40:44,893 INFO] Step 181100/200000; acc: 68.6; ppl:  20.6; xent: 3.0; lr: 0.00010; sents:    6888; bsz:  505/ 687/ 9; 1780/2422 tok/s; 240724 sec;
[2023-08-27 05:42:32,551 INFO] Step 181200/200000; acc: 68.8; ppl:  20.4; xent: 3.0; lr: 0.00010; sents:    6720; bsz:  509/ 690/ 8; 3779/5127 tok/s; 240832 sec;
[2023-08-27 05:44:20,539 INFO] Step 181300/200000; acc: 68.8; ppl:  20.4; xent: 3.0; lr: 0.00010; sents:    6784; bsz:  513/ 701/ 8; 3804/5191 tok/s; 240940 sec;
[2023-08-27 05:46:08,518 INFO] Step 181400/200000; acc: 69.0; ppl:  20.1; xent: 3.0; lr: 0.00010; sents:    6688; bsz:  516/ 704/ 8; 3822/5217 tok/s; 241048 sec;
[2023-08-27 05:47:56,403 INFO] Step 181500/200000; acc: 68.8; ppl:  20.3; xent: 3.0; lr: 0.00010; sents:    6648; bsz:  520/ 707/ 8; 3855/5243 tok/s; 241155 sec;
[2023-08-27 05:49:28,248 INFO] valid stats calculation
                           took: 91.84117913246155 s.
[2023-08-27 05:49:28,255 INFO] Train perplexity: 21.0256
[2023-08-27 05:49:28,255 INFO] Train accuracy: 68.1509
[2023-08-27 05:49:28,255 INFO] Sentences processed: 6.08805e+06
[2023-08-27 05:49:28,255 INFO] Average bsz:  511/ 698/ 8
[2023-08-27 05:49:28,255 INFO] Validation perplexity: 23.257
[2023-08-27 05:49:28,255 INFO] Validation accuracy: 65.1657
[2023-08-27 05:49:28,347 INFO] Saving checkpoint /data2/cmdir/home/nhanvt/data_NLLB/nllb_opennmt/training/vi-th/nllb-200-3.3B.onmt_step_181500.pt
[2023-08-27 05:51:43,102 INFO] Step 181600/200000; acc: 68.9; ppl:  20.1; xent: 3.0; lr: 0.00010; sents:    6584; bsz:  511/ 697/ 8; 1803/2460 tok/s; 241382 sec;
[2023-08-27 05:53:30,889 INFO] Step 181700/200000; acc: 68.6; ppl:  20.6; xent: 3.0; lr: 0.00010; sents:    6712; bsz:  506/ 691/ 8; 3756/5129 tok/s; 241490 sec;
[2023-08-27 05:55:18,752 INFO] Step 181800/200000; acc: 68.8; ppl:  20.3; xent: 3.0; lr: 0.00010; sents:    6608; bsz:  499/ 680/ 8; 3703/5045 tok/s; 241598 sec;
[2023-08-27 05:57:07,068 INFO] Step 181900/200000; acc: 68.9; ppl:  20.3; xent: 3.0; lr: 0.00010; sents:    6656; bsz:  514/ 698/ 8; 3795/5158 tok/s; 241706 sec;
[2023-08-27 05:58:55,799 INFO] Step 182000/200000; acc: 68.9; ppl:  20.3; xent: 3.0; lr: 0.00010; sents:    6672; bsz:  518/ 707/ 8; 3814/5201 tok/s; 241815 sec;
[2023-08-27 06:00:27,591 INFO] valid stats calculation
                           took: 91.78776264190674 s.
[2023-08-27 06:00:27,599 INFO] Train perplexity: 21.0239
[2023-08-27 06:00:27,599 INFO] Train accuracy: 68.1524
[2023-08-27 06:00:27,599 INFO] Sentences processed: 6.10464e+06
[2023-08-27 06:00:27,599 INFO] Average bsz:  511/ 698/ 8
[2023-08-27 06:00:27,599 INFO] Validation perplexity: 23.2574
[2023-08-27 06:00:27,599 INFO] Validation accuracy: 65.1696
[2023-08-27 06:00:27,692 INFO] Saving checkpoint /data2/cmdir/home/nhanvt/data_NLLB/nllb_opennmt/training/vi-th/nllb-200-3.3B.onmt_step_182000.pt
[2023-08-27 06:02:44,361 INFO] Step 182100/200000; acc: 68.6; ppl:  20.5; xent: 3.0; lr: 0.00010; sents:    6552; bsz:  508/ 693/ 8; 1779/2425 tok/s; 242043 sec;
[2023-08-27 06:04:32,750 INFO] Step 182200/200000; acc: 68.5; ppl:  20.7; xent: 3.0; lr: 0.00010; sents:    6784; bsz:  510/ 694/ 8; 3762/5122 tok/s; 242152 sec;
[2023-08-27 06:06:20,300 INFO] Step 182300/200000; acc: 68.8; ppl:  20.4; xent: 3.0; lr: 0.00010; sents:    6680; bsz:  497/ 677/ 8; 3694/5033 tok/s; 242259 sec;
[2023-08-27 06:08:08,774 INFO] Step 182400/200000; acc: 68.9; ppl:  20.3; xent: 3.0; lr: 0.00010; sents:    6608; bsz:  510/ 699/ 8; 3759/5155 tok/s; 242368 sec;
[2023-08-27 06:09:55,901 INFO] Step 182500/200000; acc: 68.8; ppl:  20.3; xent: 3.0; lr: 0.00010; sents:    6744; bsz:  507/ 692/ 8; 3784/5167 tok/s; 242475 sec;
[2023-08-27 06:11:26,982 INFO] valid stats calculation
                           took: 91.07745289802551 s.
[2023-08-27 06:11:26,991 INFO] Train perplexity: 21.0226
[2023-08-27 06:11:26,991 INFO] Train accuracy: 68.1537
[2023-08-27 06:11:26,991 INFO] Sentences processed: 6.12132e+06
[2023-08-27 06:11:26,991 INFO] Average bsz:  511/ 698/ 8
[2023-08-27 06:11:26,991 INFO] Validation perplexity: 23.2579
[2023-08-27 06:11:26,991 INFO] Validation accuracy: 65.1713
[2023-08-27 06:11:27,087 INFO] Saving checkpoint /data2/cmdir/home/nhanvt/data_NLLB/nllb_opennmt/training/vi-th/nllb-200-3.3B.onmt_step_182500.pt
[2023-08-27 06:13:44,442 INFO] Step 182600/200000; acc: 68.9; ppl:  20.3; xent: 3.0; lr: 0.00010; sents:    6872; bsz:  516/ 710/ 9; 1808/2485 tok/s; 242703 sec;
[2023-08-27 06:15:32,299 INFO] Step 182700/200000; acc: 68.5; ppl:  20.6; xent: 3.0; lr: 0.00010; sents:    6864; bsz:  508/ 689/ 9; 3769/5108 tok/s; 242811 sec;
[2023-08-27 06:17:20,864 INFO] Step 182800/200000; acc: 68.8; ppl:  20.4; xent: 3.0; lr: 0.00010; sents:    6622; bsz:  524/ 718/ 8; 3865/5293 tok/s; 242920 sec;
[2023-08-27 06:19:08,859 INFO] Step 182900/200000; acc: 68.9; ppl:  20.3; xent: 3.0; lr: 0.00010; sents:    6768; bsz:  505/ 690/ 8; 3742/5112 tok/s; 243028 sec;
[2023-08-27 06:20:55,864 INFO] Step 183000/200000; acc: 68.6; ppl:  20.5; xent: 3.0; lr: 0.00010; sents:    6720; bsz:  500/ 677/ 8; 3736/5064 tok/s; 243135 sec;
[2023-08-27 06:22:27,418 INFO] valid stats calculation
                           took: 91.54956579208374 s.
[2023-08-27 06:22:27,426 INFO] Train perplexity: 21.021
[2023-08-27 06:22:27,426 INFO] Train accuracy: 68.1553
[2023-08-27 06:22:27,426 INFO] Sentences processed: 6.1383e+06
[2023-08-27 06:22:27,426 INFO] Average bsz:  511/ 698/ 8
[2023-08-27 06:22:27,426 INFO] Validation perplexity: 23.2578
[2023-08-27 06:22:27,426 INFO] Validation accuracy: 65.1577
[2023-08-27 06:22:27,519 INFO] Saving checkpoint /data2/cmdir/home/nhanvt/data_NLLB/nllb_opennmt/training/vi-th/nllb-200-3.3B.onmt_step_183000.pt
[2023-08-27 06:24:43,955 INFO] Step 183100/200000; acc: 68.8; ppl:  20.4; xent: 3.0; lr: 0.00010; sents:    6720; bsz:  511/ 696/ 8; 1791/2442 tok/s; 243363 sec;
[2023-08-27 06:26:31,608 INFO] Step 183200/200000; acc: 68.8; ppl:  20.3; xent: 3.0; lr: 0.00010; sents:    6696; bsz:  516/ 704/ 8; 3838/5235 tok/s; 243471 sec;
[2023-08-27 06:28:19,218 INFO] Step 183300/200000; acc: 68.6; ppl:  20.4; xent: 3.0; lr: 0.00010; sents:    6664; bsz:  509/ 694/ 8; 3781/5161 tok/s; 243578 sec;
[2023-08-27 06:30:06,578 INFO] Step 183400/200000; acc: 68.9; ppl:  20.2; xent: 3.0; lr: 0.00010; sents:    6736; bsz:  506/ 690/ 8; 3768/5143 tok/s; 243686 sec;
[2023-08-27 06:31:54,172 INFO] Step 183500/200000; acc: 68.3; ppl:  20.8; xent: 3.0; lr: 0.00010; sents:    6736; bsz:  510/ 695/ 8; 3793/5165 tok/s; 243793 sec;
[2023-08-27 06:33:26,225 INFO] valid stats calculation
                           took: 92.0487539768219 s.
[2023-08-27 06:33:26,233 INFO] Train perplexity: 21.0198
[2023-08-27 06:33:26,233 INFO] Train accuracy: 68.1561
[2023-08-27 06:33:26,233 INFO] Sentences processed: 6.15506e+06
[2023-08-27 06:33:26,233 INFO] Average bsz:  511/ 698/ 8
[2023-08-27 06:33:26,233 INFO] Validation perplexity: 23.256
[2023-08-27 06:33:26,233 INFO] Validation accuracy: 65.1579
[2023-08-27 06:33:26,326 INFO] Saving checkpoint /data2/cmdir/home/nhanvt/data_NLLB/nllb_opennmt/training/vi-th/nllb-200-3.3B.onmt_step_183500.pt
[2023-08-27 06:35:44,061 INFO] Step 183600/200000; acc: 68.8; ppl:  20.4; xent: 3.0; lr: 0.00010; sents:    6720; bsz:  518/ 710/ 8; 1803/2472 tok/s; 244023 sec;
[2023-08-27 06:37:30,566 INFO] Step 183700/200000; acc: 68.6; ppl:  20.5; xent: 3.0; lr: 0.00010; sents:    6720; bsz:  504/ 688/ 8; 3788/5167 tok/s; 244130 sec;
[2023-08-27 06:39:17,400 INFO] Step 183800/200000; acc: 68.7; ppl:  20.4; xent: 3.0; lr: 0.00010; sents:    6688; bsz:  505/ 688/ 8; 3784/5148 tok/s; 244236 sec;
[2023-08-27 06:41:35,498 INFO] Step 183900/200000; acc: 68.8; ppl:  20.3; xent: 3.0; lr: 0.00010; sents:    6704; bsz:  516/ 704/ 8; 2990/4080 tok/s; 244375 sec;
[2023-08-27 06:43:21,845 INFO] Step 184000/200000; acc: 68.9; ppl:  20.2; xent: 3.0; lr: 0.00010; sents:    6648; bsz:  507/ 690/ 8; 3812/5188 tok/s; 244481 sec;
[2023-08-27 06:44:53,200 INFO] valid stats calculation
                           took: 91.35041952133179 s.
[2023-08-27 06:44:53,209 INFO] Train perplexity: 21.018
[2023-08-27 06:44:53,209 INFO] Train accuracy: 68.1579
[2023-08-27 06:44:53,209 INFO] Sentences processed: 6.17183e+06
[2023-08-27 06:44:53,209 INFO] Average bsz:  511/ 698/ 8
[2023-08-27 06:44:53,209 INFO] Validation perplexity: 23.2565
[2023-08-27 06:44:53,209 INFO] Validation accuracy: 65.1577
[2023-08-27 06:44:53,307 INFO] Saving checkpoint /data2/cmdir/home/nhanvt/data_NLLB/nllb_opennmt/training/vi-th/nllb-200-3.3B.onmt_step_184000.pt
[2023-08-27 06:47:11,712 INFO] Step 184100/200000; acc: 68.6; ppl:  20.5; xent: 3.0; lr: 0.00010; sents:    6744; bsz:  515/ 702/ 8; 1792/2445 tok/s; 244711 sec;
[2023-08-27 06:49:00,259 INFO] Step 184200/200000; acc: 69.0; ppl:  20.2; xent: 3.0; lr: 0.00010; sents:    6744; bsz:  519/ 710/ 8; 3827/5232 tok/s; 244819 sec;
[2023-08-27 06:51:27,133 INFO] Step 184300/200000; acc: 68.8; ppl:  20.5; xent: 3.0; lr: 0.00010; sents:    6664; bsz:  510/ 698/ 8; 2778/3802 tok/s; 244966 sec;
[2023-08-27 06:53:14,288 INFO] Step 184400/200000; acc: 68.6; ppl:  20.5; xent: 3.0; lr: 0.00010; sents:    6608; bsz:  507/ 688/ 8; 3786/5135 tok/s; 245073 sec;
[2023-08-27 06:55:00,280 INFO] Step 184500/200000; acc: 68.2; ppl:  20.9; xent: 3.0; lr: 0.00010; sents:    6688; bsz:  495/ 669/ 8; 3739/5050 tok/s; 245179 sec;
[2023-08-27 06:56:32,642 INFO] valid stats calculation
                           took: 92.35708355903625 s.
[2023-08-27 06:56:32,650 INFO] Train perplexity: 21.0166
[2023-08-27 06:56:32,650 INFO] Train accuracy: 68.1594
[2023-08-27 06:56:32,650 INFO] Sentences processed: 6.18857e+06
[2023-08-27 06:56:32,650 INFO] Average bsz:  511/ 698/ 8
[2023-08-27 06:56:32,651 INFO] Validation perplexity: 23.2571
[2023-08-27 06:56:32,651 INFO] Validation accuracy: 65.161
[2023-08-27 06:56:32,748 INFO] Saving checkpoint /data2/cmdir/home/nhanvt/data_NLLB/nllb_opennmt/training/vi-th/nllb-200-3.3B.onmt_step_184500.pt
[2023-08-27 06:58:48,435 INFO] Step 184600/200000; acc: 68.3; ppl:  20.9; xent: 3.0; lr: 0.00010; sents:    6736; bsz:  494/ 670/ 8; 1733/2350 tok/s; 245407 sec;
[2023-08-27 07:00:35,836 INFO] Step 184700/200000; acc: 68.7; ppl:  20.4; xent: 3.0; lr: 0.00010; sents:    6544; bsz:  499/ 682/ 8; 3716/5076 tok/s; 245515 sec;
[2023-08-27 07:02:24,109 INFO] Step 184800/200000; acc: 68.5; ppl:  20.7; xent: 3.0; lr: 0.00010; sents:    6656; bsz:  509/ 695/ 8; 3759/5139 tok/s; 245623 sec;
[2023-08-27 07:04:12,192 INFO] Step 184900/200000; acc: 68.5; ppl:  20.6; xent: 3.0; lr: 0.00010; sents:    6632; bsz:  515/ 704/ 8; 3815/5211 tok/s; 245731 sec;
[2023-08-27 07:06:00,000 INFO] Step 185000/200000; acc: 68.8; ppl:  20.3; xent: 3.0; lr: 0.00010; sents:    6520; bsz:  511/ 700/ 8; 3794/5196 tok/s; 245839 sec;
[2023-08-27 07:07:31,495 INFO] valid stats calculation
                           took: 91.49064087867737 s.
[2023-08-27 07:07:31,502 INFO] Train perplexity: 21.0161
[2023-08-27 07:07:31,502 INFO] Train accuracy: 68.1597
[2023-08-27 07:07:31,502 INFO] Sentences processed: 6.2051e+06
[2023-08-27 07:07:31,502 INFO] Average bsz:  511/ 698/ 8
[2023-08-27 07:07:31,502 INFO] Validation perplexity: 23.2591
[2023-08-27 07:07:31,502 INFO] Validation accuracy: 65.1612
[2023-08-27 07:07:31,595 INFO] Saving checkpoint /data2/cmdir/home/nhanvt/data_NLLB/nllb_opennmt/training/vi-th/nllb-200-3.3B.onmt_step_185000.pt
[2023-08-27 07:09:47,469 INFO] Step 185100/200000; acc: 68.7; ppl:  20.4; xent: 3.0; lr: 0.00010; sents:    6776; bsz:  504/ 685/ 8; 1771/2409 tok/s; 246067 sec;
[2023-08-27 07:11:34,727 INFO] Step 185200/200000; acc: 68.9; ppl:  20.4; xent: 3.0; lr: 0.00010; sents:    6776; bsz:  507/ 694/ 8; 3785/5177 tok/s; 246174 sec;
[2023-08-27 07:13:21,683 INFO] Step 185300/200000; acc: 68.8; ppl:  20.4; xent: 3.0; lr: 0.00010; sents:    6665; bsz:  510/ 694/ 8; 3812/5189 tok/s; 246281 sec;
[2023-08-27 07:15:08,878 INFO] Step 185400/200000; acc: 69.0; ppl:  20.2; xent: 3.0; lr: 0.00010; sents:    6720; bsz:  510/ 698/ 8; 3809/5210 tok/s; 246388 sec;
[2023-08-27 07:16:56,594 INFO] Step 185500/200000; acc: 69.1; ppl:  20.1; xent: 3.0; lr: 0.00010; sents:    6720; bsz:  509/ 700/ 8; 3783/5201 tok/s; 246496 sec;
[2023-08-27 07:18:28,183 INFO] valid stats calculation
                           took: 91.58369898796082 s.
[2023-08-27 07:18:28,190 INFO] Train perplexity: 21.0142
[2023-08-27 07:18:28,190 INFO] Train accuracy: 68.1616
[2023-08-27 07:18:28,190 INFO] Sentences processed: 6.22194e+06
[2023-08-27 07:18:28,190 INFO] Average bsz:  511/ 698/ 8
[2023-08-27 07:18:28,191 INFO] Validation perplexity: 23.2591
[2023-08-27 07:18:28,191 INFO] Validation accuracy: 65.1583
[2023-08-27 07:18:28,284 INFO] Saving checkpoint /data2/cmdir/home/nhanvt/data_NLLB/nllb_opennmt/training/vi-th/nllb-200-3.3B.onmt_step_185500.pt
[2023-08-27 07:20:46,976 INFO] Step 185600/200000; acc: 68.5; ppl:  20.7; xent: 3.0; lr: 0.00010; sents:    6672; bsz:  511/ 699/ 8; 1775/2428 tok/s; 246726 sec;
[2023-08-27 07:22:35,370 INFO] Step 185700/200000; acc: 68.6; ppl:  20.6; xent: 3.0; lr: 0.00010; sents:    6712; bsz:  515/ 704/ 8; 3805/5196 tok/s; 246834 sec;
[2023-08-27 07:24:22,825 INFO] Step 185800/200000; acc: 68.4; ppl:  20.6; xent: 3.0; lr: 0.00010; sents:    6720; bsz:  506/ 689/ 8; 3767/5127 tok/s; 246942 sec;
[2023-08-27 07:26:09,615 INFO] Step 185900/200000; acc: 68.6; ppl:  20.6; xent: 3.0; lr: 0.00010; sents:    6640; bsz:  497/ 676/ 8; 3726/5067 tok/s; 247049 sec;
[2023-08-27 07:27:56,221 INFO] Step 186000/200000; acc: 68.4; ppl:  20.7; xent: 3.0; lr: 0.00010; sents:    6696; bsz:  499/ 675/ 8; 3744/5063 tok/s; 247155 sec;
[2023-08-27 07:29:27,761 INFO] valid stats calculation
                           took: 91.5347421169281 s.
[2023-08-27 07:29:27,768 INFO] Train perplexity: 21.0134
[2023-08-27 07:29:27,768 INFO] Train accuracy: 68.1623
[2023-08-27 07:29:27,768 INFO] Sentences processed: 6.23866e+06
[2023-08-27 07:29:27,768 INFO] Average bsz:  511/ 698/ 8
[2023-08-27 07:29:27,768 INFO] Validation perplexity: 23.2565
[2023-08-27 07:29:27,768 INFO] Validation accuracy: 65.1602
[2023-08-27 07:29:27,861 INFO] Saving checkpoint /data2/cmdir/home/nhanvt/data_NLLB/nllb_opennmt/training/vi-th/nllb-200-3.3B.onmt_step_186000.pt
[2023-08-27 07:31:46,436 INFO] Step 186100/200000; acc: 68.4; ppl:  20.8; xent: 3.0; lr: 0.00010; sents:    6624; bsz:  514/ 703/ 8; 1785/2444 tok/s; 247385 sec;
[2023-08-27 07:33:35,071 INFO] Step 186200/200000; acc: 68.9; ppl:  20.4; xent: 3.0; lr: 0.00010; sents:    6643; bsz:  527/ 722/ 8; 3879/5315 tok/s; 247494 sec;
[2023-08-27 07:35:23,785 INFO] Step 186300/200000; acc: 68.9; ppl:  20.4; xent: 3.0; lr: 0.00010; sents:    6672; bsz:  534/ 733/ 8; 3928/5395 tok/s; 247603 sec;
[2023-08-27 07:37:11,063 INFO] Step 186400/200000; acc: 68.7; ppl:  20.4; xent: 3.0; lr: 0.00010; sents:    6712; bsz:  511/ 699/ 8; 3810/5212 tok/s; 247710 sec;
[2023-08-27 07:38:59,714 INFO] Step 186500/200000; acc: 68.9; ppl:  20.2; xent: 3.0; lr: 0.00010; sents:    6712; bsz:  518/ 710/ 8; 3816/5229 tok/s; 247819 sec;
[2023-08-27 07:40:31,559 INFO] valid stats calculation
                           took: 91.8405020236969 s.
[2023-08-27 07:40:31,567 INFO] Train perplexity: 21.0122
[2023-08-27 07:40:31,567 INFO] Train accuracy: 68.1635
[2023-08-27 07:40:31,567 INFO] Sentences processed: 6.25533e+06
[2023-08-27 07:40:31,567 INFO] Average bsz:  511/ 698/ 8
[2023-08-27 07:40:31,567 INFO] Validation perplexity: 23.2568
[2023-08-27 07:40:31,567 INFO] Validation accuracy: 65.1598
[2023-08-27 07:40:31,661 INFO] Saving checkpoint /data2/cmdir/home/nhanvt/data_NLLB/nllb_opennmt/training/vi-th/nllb-200-3.3B.onmt_step_186500.pt
[2023-08-27 07:42:50,724 INFO] Step 186600/200000; acc: 68.7; ppl:  20.5; xent: 3.0; lr: 0.00010; sents:    6704; bsz:  514/ 703/ 8; 1782/2436 tok/s; 248050 sec;
[2023-08-27 07:44:40,269 INFO] Step 186700/200000; acc: 69.0; ppl:  20.3; xent: 3.0; lr: 0.00010; sents:    6712; bsz:  519/ 713/ 8; 3790/5209 tok/s; 248159 sec;
[2023-08-27 07:46:28,264 INFO] Step 186800/200000; acc: 68.9; ppl:  20.3; xent: 3.0; lr: 0.00010; sents:    6704; bsz:  504/ 692/ 8; 3735/5129 tok/s; 248267 sec;
[2023-08-27 07:48:15,547 INFO] Step 186900/200000; acc: 68.6; ppl:  20.5; xent: 3.0; lr: 0.00010; sents:    6856; bsz:  504/ 683/ 9; 3755/5096 tok/s; 248375 sec;
[2023-08-27 07:50:02,845 INFO] Step 187000/200000; acc: 68.9; ppl:  20.2; xent: 3.0; lr: 0.00010; sents:    6624; bsz:  491/ 670/ 8; 3662/4997 tok/s; 248482 sec;
[2023-08-27 07:51:34,836 INFO] valid stats calculation
                           took: 91.98650002479553 s.
[2023-08-27 07:51:34,845 INFO] Train perplexity: 21.0106
[2023-08-27 07:51:34,845 INFO] Train accuracy: 68.1651
[2023-08-27 07:51:34,845 INFO] Sentences processed: 6.27215e+06
[2023-08-27 07:51:34,845 INFO] Average bsz:  511/ 698/ 8
[2023-08-27 07:51:34,845 INFO] Validation perplexity: 23.2578
[2023-08-27 07:51:34,845 INFO] Validation accuracy: 65.1606
[2023-08-27 07:51:34,940 INFO] Saving checkpoint /data2/cmdir/home/nhanvt/data_NLLB/nllb_opennmt/training/vi-th/nllb-200-3.3B.onmt_step_187000.pt
[2023-08-27 07:53:54,010 INFO] Step 187100/200000; acc: 68.9; ppl:  20.3; xent: 3.0; lr: 0.00010; sents:    6616; bsz:  523/ 717/ 8; 1809/2481 tok/s; 248713 sec;
[2023-08-27 07:55:41,874 INFO] Step 187200/200000; acc: 68.8; ppl:  20.3; xent: 3.0; lr: 0.00010; sents:    6664; bsz:  510/ 696/ 8; 3782/5162 tok/s; 248821 sec;
[2023-08-27 07:57:28,218 INFO] Step 187300/200000; acc: 69.0; ppl:  20.2; xent: 3.0; lr: 0.00010; sents:    6648; bsz:  495/ 676/ 8; 3722/5082 tok/s; 248927 sec;
[2023-08-27 07:59:16,314 INFO] Step 187400/200000; acc: 69.0; ppl:  20.2; xent: 3.0; lr: 0.00010; sents:    6592; bsz:  517/ 709/ 8; 3827/5244 tok/s; 249035 sec;
[2023-08-27 08:01:04,884 INFO] Step 187500/200000; acc: 68.9; ppl:  20.3; xent: 3.0; lr: 0.00010; sents:    6808; bsz:  521/ 712/ 9; 3842/5249 tok/s; 249144 sec;
[2023-08-27 08:02:37,079 INFO] valid stats calculation
                           took: 92.19063401222229 s.
[2023-08-27 08:02:37,086 INFO] Train perplexity: 21.0089
[2023-08-27 08:02:37,086 INFO] Train accuracy: 68.1669
[2023-08-27 08:02:37,086 INFO] Sentences processed: 6.2888e+06
[2023-08-27 08:02:37,087 INFO] Average bsz:  511/ 698/ 8
[2023-08-27 08:02:37,087 INFO] Validation perplexity: 23.2592
[2023-08-27 08:02:37,087 INFO] Validation accuracy: 65.1602
[2023-08-27 08:02:37,182 INFO] Saving checkpoint /data2/cmdir/home/nhanvt/data_NLLB/nllb_opennmt/training/vi-th/nllb-200-3.3B.onmt_step_187500.pt
[2023-08-27 08:04:57,347 INFO] Step 187600/200000; acc: 68.6; ppl:  20.6; xent: 3.0; lr: 0.00010; sents:    6712; bsz:  502/ 687/ 8; 1729/2363 tok/s; 249376 sec;
[2023-08-27 08:06:45,058 INFO] Step 187700/200000; acc: 68.5; ppl:  20.6; xent: 3.0; lr: 0.00010; sents:    6696; bsz:  503/ 686/ 8; 3737/5096 tok/s; 249484 sec;
[2023-08-27 08:08:34,044 INFO] Step 187800/200000; acc: 68.7; ppl:  20.5; xent: 3.0; lr: 0.00010; sents:    6720; bsz:  517/ 711/ 8; 3794/5217 tok/s; 249593 sec;
[2023-08-27 08:10:20,754 INFO] Step 187900/200000; acc: 68.1; ppl:  21.1; xent: 3.0; lr: 0.00010; sents:    6840; bsz:  484/ 655/ 9; 3625/4908 tok/s; 249700 sec;
[2023-08-27 08:12:09,716 INFO] Step 188000/200000; acc: 68.9; ppl:  20.3; xent: 3.0; lr: 0.00010; sents:    6768; bsz:  517/ 705/ 8; 3793/5175 tok/s; 249809 sec;
[2023-08-27 08:13:41,989 INFO] valid stats calculation
                           took: 92.26902222633362 s.
[2023-08-27 08:13:41,997 INFO] Train perplexity: 21.0081
[2023-08-27 08:13:41,997 INFO] Train accuracy: 68.1678
[2023-08-27 08:13:41,997 INFO] Sentences processed: 6.30568e+06
[2023-08-27 08:13:41,997 INFO] Average bsz:  511/ 698/ 8
[2023-08-27 08:13:41,997 INFO] Validation perplexity: 23.2598
[2023-08-27 08:13:41,997 INFO] Validation accuracy: 65.1589
[2023-08-27 08:13:42,090 INFO] Saving checkpoint /data2/cmdir/home/nhanvt/data_NLLB/nllb_opennmt/training/vi-th/nllb-200-3.3B.onmt_step_188000.pt
[2023-08-27 08:15:58,410 INFO] Step 188100/200000; acc: 68.5; ppl:  20.7; xent: 3.0; lr: 0.00010; sents:    6688; bsz:  509/ 693/ 8; 1780/2423 tok/s; 250037 sec;
[2023-08-27 08:17:46,254 INFO] Step 188200/200000; acc: 68.6; ppl:  20.5; xent: 3.0; lr: 0.00010; sents:    6728; bsz:  510/ 697/ 8; 3784/5168 tok/s; 250145 sec;
[2023-08-27 08:19:34,905 INFO] Step 188300/200000; acc: 69.1; ppl:  20.1; xent: 3.0; lr: 0.00010; sents:    6656; bsz:  521/ 715/ 8; 3839/5266 tok/s; 250254 sec;
[2023-08-27 08:21:22,027 INFO] Step 188400/200000; acc: 69.1; ppl:  20.1; xent: 3.0; lr: 0.00010; sents:    6912; bsz:  507/ 689/ 9; 3788/5147 tok/s; 250361 sec;
[2023-08-27 08:23:09,648 INFO] Step 188500/200000; acc: 68.7; ppl:  20.5; xent: 3.0; lr: 0.00010; sents:    6560; bsz:  515/ 706/ 8; 3832/5244 tok/s; 250469 sec;
[2023-08-27 08:24:41,024 INFO] valid stats calculation
                           took: 91.37190628051758 s.
[2023-08-27 08:24:41,031 INFO] Train perplexity: 21.0065
[2023-08-27 08:24:41,031 INFO] Train accuracy: 68.1692
[2023-08-27 08:24:41,031 INFO] Sentences processed: 6.32247e+06
[2023-08-27 08:24:41,031 INFO] Average bsz:  511/ 698/ 8
[2023-08-27 08:24:41,031 INFO] Validation perplexity: 23.2596
[2023-08-27 08:24:41,031 INFO] Validation accuracy: 65.1639
[2023-08-27 08:24:41,124 INFO] Saving checkpoint /data2/cmdir/home/nhanvt/data_NLLB/nllb_opennmt/training/vi-th/nllb-200-3.3B.onmt_step_188500.pt
[2023-08-27 08:26:59,319 INFO] Step 188600/200000; acc: 68.9; ppl:  20.3; xent: 3.0; lr: 0.00010; sents:    6672; bsz:  526/ 720/ 8; 1831/2508 tok/s; 250698 sec;
[2023-08-27 08:28:46,961 INFO] Step 188700/200000; acc: 68.7; ppl:  20.4; xent: 3.0; lr: 0.00010; sents:    6912; bsz:  511/ 696/ 9; 3796/5176 tok/s; 250806 sec;
[2023-08-27 08:30:35,107 INFO] Step 188800/200000; acc: 68.7; ppl:  20.5; xent: 3.0; lr: 0.00010; sents:    6776; bsz:  521/ 713/ 8; 3857/5275 tok/s; 250914 sec;
[2023-08-27 08:32:22,187 INFO] Step 188900/200000; acc: 68.8; ppl:  20.4; xent: 3.0; lr: 0.00010; sents:    6632; bsz:  511/ 697/ 8; 3814/5211 tok/s; 251021 sec;
[2023-08-27 08:34:08,971 INFO] Step 189000/200000; acc: 68.5; ppl:  20.6; xent: 3.0; lr: 0.00010; sents:    6608; bsz:  510/ 695/ 8; 3818/5205 tok/s; 251128 sec;
[2023-08-27 08:35:40,608 INFO] valid stats calculation
                           took: 91.6330018043518 s.
[2023-08-27 08:35:40,615 INFO] Train perplexity: 21.0054
[2023-08-27 08:35:40,615 INFO] Train accuracy: 68.1701
[2023-08-27 08:35:40,615 INFO] Sentences processed: 6.33924e+06
[2023-08-27 08:35:40,615 INFO] Average bsz:  511/ 698/ 8
[2023-08-27 08:35:40,615 INFO] Validation perplexity: 23.2579
[2023-08-27 08:35:40,615 INFO] Validation accuracy: 65.1628
[2023-08-27 08:35:40,707 INFO] Saving checkpoint /data2/cmdir/home/nhanvt/data_NLLB/nllb_opennmt/training/vi-th/nllb-200-3.3B.onmt_step_189000.pt
[2023-08-27 08:37:54,101 INFO] Step 189100/200000; acc: 68.3; ppl:  21.0; xent: 3.0; lr: 0.00010; sents:    6736; bsz:  494/ 671/ 8; 1756/2384 tok/s; 251353 sec;
[2023-08-27 08:39:41,470 INFO] Step 189200/200000; acc: 68.4; ppl:  20.7; xent: 3.0; lr: 0.00010; sents:    6704; bsz:  513/ 700/ 8; 3825/5214 tok/s; 251461 sec;
[2023-08-27 08:41:28,395 INFO] Step 189300/200000; acc: 68.8; ppl:  20.4; xent: 3.0; lr: 0.00010; sents:    6712; bsz:  510/ 693/ 8; 3814/5189 tok/s; 251567 sec;
[2023-08-27 08:43:15,960 INFO] Step 189400/200000; acc: 68.8; ppl:  20.3; xent: 3.0; lr: 0.00010; sents:    6752; bsz:  517/ 705/ 8; 3849/5246 tok/s; 251675 sec;
[2023-08-27 08:45:02,814 INFO] Step 189500/200000; acc: 69.0; ppl:  20.2; xent: 3.0; lr: 0.00010; sents:    6648; bsz:  508/ 692/ 8; 3802/5178 tok/s; 251782 sec;
[2023-08-27 08:46:34,388 INFO] valid stats calculation
                           took: 91.5702645778656 s.
[2023-08-27 08:46:34,395 INFO] Train perplexity: 21.0042
[2023-08-27 08:46:34,395 INFO] Train accuracy: 68.1712
[2023-08-27 08:46:34,395 INFO] Sentences processed: 6.35603e+06
[2023-08-27 08:46:34,395 INFO] Average bsz:  511/ 698/ 8
[2023-08-27 08:46:34,395 INFO] Validation perplexity: 23.2569
[2023-08-27 08:46:34,395 INFO] Validation accuracy: 65.161
[2023-08-27 08:46:34,488 INFO] Saving checkpoint /data2/cmdir/home/nhanvt/data_NLLB/nllb_opennmt/training/vi-th/nllb-200-3.3B.onmt_step_189500.pt
[2023-08-27 08:48:51,752 INFO] Step 189600/200000; acc: 68.9; ppl:  20.3; xent: 3.0; lr: 0.00010; sents:    6760; bsz:  517/ 709/ 8; 1808/2476 tok/s; 252011 sec;
[2023-08-27 08:50:40,089 INFO] Step 189700/200000; acc: 68.9; ppl:  20.2; xent: 3.0; lr: 0.00010; sents:    6736; bsz:  509/ 697/ 8; 3761/5149 tok/s; 252119 sec;
[2023-08-27 08:52:28,151 INFO] Step 189800/200000; acc: 69.0; ppl:  20.2; xent: 3.0; lr: 0.00010; sents:    6744; bsz:  511/ 700/ 8; 3781/5183 tok/s; 252227 sec;
[2023-08-27 08:54:14,948 INFO] Step 189900/200000; acc: 68.6; ppl:  20.5; xent: 3.0; lr: 0.00010; sents:    6792; bsz:  495/ 673/ 8; 3706/5044 tok/s; 252334 sec;
[2023-08-27 08:56:03,031 INFO] Step 190000/200000; acc: 68.8; ppl:  20.4; xent: 3.0; lr: 0.00010; sents:    6704; bsz:  516/ 706/ 8; 3817/5228 tok/s; 252442 sec;
[2023-08-27 08:57:34,848 INFO] valid stats calculation
                           took: 91.81262135505676 s.
[2023-08-27 08:57:34,857 INFO] Train perplexity: 21.0026
[2023-08-27 08:57:34,857 INFO] Train accuracy: 68.1727
[2023-08-27 08:57:34,857 INFO] Sentences processed: 6.37292e+06
[2023-08-27 08:57:34,858 INFO] Average bsz:  511/ 698/ 8
[2023-08-27 08:57:34,858 INFO] Validation perplexity: 23.2588
[2023-08-27 08:57:34,858 INFO] Validation accuracy: 65.1579
[2023-08-27 08:57:34,954 INFO] Saving checkpoint /data2/cmdir/home/nhanvt/data_NLLB/nllb_opennmt/training/vi-th/nllb-200-3.3B.onmt_step_190000.pt
[2023-08-27 08:59:53,630 INFO] Step 190100/200000; acc: 68.9; ppl:  20.2; xent: 3.0; lr: 0.00010; sents:    6632; bsz:  517/ 707/ 8; 1795/2453 tok/s; 252673 sec;
[2023-08-27 09:01:42,023 INFO] Step 190200/200000; acc: 69.0; ppl:  20.1; xent: 3.0; lr: 0.00010; sents:    6744; bsz:  511/ 698/ 8; 3770/5151 tok/s; 252781 sec;
[2023-08-27 09:03:30,727 INFO] Step 190300/200000; acc: 69.0; ppl:  20.2; xent: 3.0; lr: 0.00010; sents:    6552; bsz:  524/ 717/ 8; 3855/5274 tok/s; 252890 sec;
[2023-08-27 09:05:20,273 INFO] Step 190400/200000; acc: 69.2; ppl:  20.0; xent: 3.0; lr: 0.00010; sents:    6664; bsz:  529/ 728/ 8; 3861/5318 tok/s; 252999 sec;
[2023-08-27 09:07:08,613 INFO] Step 190500/200000; acc: 68.7; ppl:  20.5; xent: 3.0; lr: 0.00010; sents:    6704; bsz:  522/ 712/ 8; 3852/5254 tok/s; 253108 sec;
[2023-08-27 09:08:40,328 INFO] valid stats calculation
                           took: 91.71027421951294 s.
[2023-08-27 09:08:40,337 INFO] Train perplexity: 21.0009
[2023-08-27 09:08:40,337 INFO] Train accuracy: 68.1744
[2023-08-27 09:08:40,337 INFO] Sentences processed: 6.38957e+06
[2023-08-27 09:08:40,337 INFO] Average bsz:  511/ 698/ 8
[2023-08-27 09:08:40,337 INFO] Validation perplexity: 23.2595
[2023-08-27 09:08:40,337 INFO] Validation accuracy: 65.1565
[2023-08-27 09:08:40,431 INFO] Saving checkpoint /data2/cmdir/home/nhanvt/data_NLLB/nllb_opennmt/training/vi-th/nllb-200-3.3B.onmt_step_190500.pt
[2023-08-27 09:10:59,470 INFO] Step 190600/200000; acc: 68.5; ppl:  20.6; xent: 3.0; lr: 0.00010; sents:    6784; bsz:  514/ 702/ 8; 1781/2431 tok/s; 253339 sec;
[2023-08-27 09:12:47,835 INFO] Step 190700/200000; acc: 69.1; ppl:  20.1; xent: 3.0; lr: 0.00010; sents:    6704; bsz:  510/ 698/ 8; 3769/5153 tok/s; 253447 sec;
[2023-08-27 09:14:35,601 INFO] Step 190800/200000; acc: 68.8; ppl:  20.4; xent: 3.0; lr: 0.00010; sents:    6744; bsz:  503/ 685/ 8; 3731/5085 tok/s; 253555 sec;
[2023-08-27 09:16:22,683 INFO] Step 190900/200000; acc: 68.7; ppl:  20.5; xent: 3.0; lr: 0.00010; sents:    6676; bsz:  502/ 684/ 8; 3752/5114 tok/s; 253662 sec;
[2023-08-27 09:18:11,062 INFO] Step 191000/200000; acc: 69.1; ppl:  20.0; xent: 3.0; lr: 0.00010; sents:    6656; bsz:  507/ 696/ 8; 3746/5134 tok/s; 253770 sec;
[2023-08-27 09:19:43,258 INFO] valid stats calculation
                           took: 92.19135856628418 s.
[2023-08-27 09:19:43,266 INFO] Train perplexity: 20.999
[2023-08-27 09:19:43,266 INFO] Train accuracy: 68.1761
[2023-08-27 09:19:43,266 INFO] Sentences processed: 6.40636e+06
[2023-08-27 09:19:43,266 INFO] Average bsz:  511/ 698/ 8
[2023-08-27 09:19:43,266 INFO] Validation perplexity: 23.26
[2023-08-27 09:19:43,266 INFO] Validation accuracy: 65.1524
[2023-08-27 09:19:43,363 INFO] Saving checkpoint /data2/cmdir/home/nhanvt/data_NLLB/nllb_opennmt/training/vi-th/nllb-200-3.3B.onmt_step_191000.pt
[2023-08-27 09:22:01,999 INFO] Step 191100/200000; acc: 68.3; ppl:  21.0; xent: 3.0; lr: 0.00010; sents:    6672; bsz:  502/ 679/ 8; 1738/2352 tok/s; 254001 sec;
[2023-08-27 09:23:49,442 INFO] Step 191200/200000; acc: 68.8; ppl:  20.3; xent: 3.0; lr: 0.00010; sents:    6712; bsz:  507/ 689/ 8; 3772/5133 tok/s; 254108 sec;
[2023-08-27 09:25:37,921 INFO] Step 191300/200000; acc: 68.7; ppl:  20.6; xent: 3.0; lr: 0.00010; sents:    6664; bsz:  518/ 711/ 8; 3818/5247 tok/s; 254217 sec;
[2023-08-27 09:27:26,625 INFO] Step 191400/200000; acc: 68.6; ppl:  20.6; xent: 3.0; lr: 0.00010; sents:    6752; bsz:  522/ 714/ 8; 3842/5251 tok/s; 254326 sec;
[2023-08-27 09:29:14,024 INFO] Step 191500/200000; acc: 68.8; ppl:  20.4; xent: 3.0; lr: 0.00010; sents:    6632; bsz:  505/ 688/ 8; 3760/5124 tok/s; 254433 sec;
[2023-08-27 09:30:45,952 INFO] valid stats calculation
                           took: 91.92353367805481 s.
[2023-08-27 09:30:45,959 INFO] Train perplexity: 20.9983
[2023-08-27 09:30:45,959 INFO] Train accuracy: 68.1769
[2023-08-27 09:30:45,959 INFO] Sentences processed: 6.42308e+06
[2023-08-27 09:30:45,959 INFO] Average bsz:  511/ 698/ 8
[2023-08-27 09:30:45,960 INFO] Validation perplexity: 23.2585
[2023-08-27 09:30:45,960 INFO] Validation accuracy: 65.1563
[2023-08-27 09:30:46,053 INFO] Saving checkpoint /data2/cmdir/home/nhanvt/data_NLLB/nllb_opennmt/training/vi-th/nllb-200-3.3B.onmt_step_191500.pt
[2023-08-27 09:33:00,638 INFO] Step 191600/200000; acc: 68.7; ppl:  20.5; xent: 3.0; lr: 0.00010; sents:    6704; bsz:  511/ 695/ 8; 1804/2455 tok/s; 254660 sec;
[2023-08-27 09:34:48,225 INFO] Step 191700/200000; acc: 68.5; ppl:  20.6; xent: 3.0; lr: 0.00010; sents:    6712; bsz:  505/ 685/ 8; 3752/5097 tok/s; 254767 sec;
[2023-08-27 09:36:36,923 INFO] Step 191800/200000; acc: 69.1; ppl:  20.2; xent: 3.0; lr: 0.00010; sents:    6808; bsz:  513/ 704/ 9; 3777/5183 tok/s; 254876 sec;
[2023-08-27 09:38:25,107 INFO] Step 191900/200000; acc: 68.5; ppl:  20.7; xent: 3.0; lr: 0.00010; sents:    6803; bsz:  516/ 704/ 9; 3819/5206 tok/s; 254984 sec;
[2023-08-27 09:40:13,843 INFO] Step 192000/200000; acc: 68.9; ppl:  20.3; xent: 3.0; lr: 0.00010; sents:    6672; bsz:  515/ 703/ 8; 3786/5174 tok/s; 255093 sec;
[2023-08-27 09:41:45,231 INFO] valid stats calculation
                           took: 91.38279938697815 s.
[2023-08-27 09:41:45,238 INFO] Train perplexity: 20.9975
[2023-08-27 09:41:45,238 INFO] Train accuracy: 68.1778
[2023-08-27 09:41:45,238 INFO] Sentences processed: 6.43992e+06
[2023-08-27 09:41:45,238 INFO] Average bsz:  511/ 698/ 8
[2023-08-27 09:41:45,238 INFO] Validation perplexity: 23.2589
[2023-08-27 09:41:45,238 INFO] Validation accuracy: 65.1612
[2023-08-27 09:41:45,333 INFO] Saving checkpoint /data2/cmdir/home/nhanvt/data_NLLB/nllb_opennmt/training/vi-th/nllb-200-3.3B.onmt_step_192000.pt
[2023-08-27 09:44:02,405 INFO] Step 192100/200000; acc: 68.9; ppl:  20.2; xent: 3.0; lr: 0.00010; sents:    6648; bsz:  525/ 719/ 8; 1836/2516 tok/s; 255321 sec;
[2023-08-27 09:45:49,876 INFO] Step 192200/200000; acc: 68.5; ppl:  20.6; xent: 3.0; lr: 0.00010; sents:    6792; bsz:  502/ 681/ 8; 3738/5069 tok/s; 255429 sec;
[2023-08-27 09:47:37,560 INFO] Step 192300/200000; acc: 68.8; ppl:  20.4; xent: 3.0; lr: 0.00010; sents:    6744; bsz:  504/ 683/ 8; 3745/5076 tok/s; 255537 sec;
[2023-08-27 09:49:25,937 INFO] Step 192400/200000; acc: 68.8; ppl:  20.3; xent: 3.0; lr: 0.00010; sents:    6736; bsz:  515/ 704/ 8; 3805/5194 tok/s; 255645 sec;
[2023-08-27 09:51:14,046 INFO] Step 192500/200000; acc: 68.8; ppl:  20.4; xent: 3.0; lr: 0.00010; sents:    6680; bsz:  510/ 696/ 8; 3776/5152 tok/s; 255753 sec;
[2023-08-27 09:52:46,032 INFO] valid stats calculation
                           took: 91.9819803237915 s.
[2023-08-27 09:52:46,039 INFO] Train perplexity: 20.996
[2023-08-27 09:52:46,039 INFO] Train accuracy: 68.1792
[2023-08-27 09:52:46,039 INFO] Sentences processed: 6.45672e+06
[2023-08-27 09:52:46,039 INFO] Average bsz:  511/ 698/ 8
[2023-08-27 09:52:46,039 INFO] Validation perplexity: 23.2608
[2023-08-27 09:52:46,039 INFO] Validation accuracy: 65.1536
[2023-08-27 09:52:46,133 INFO] Saving checkpoint /data2/cmdir/home/nhanvt/data_NLLB/nllb_opennmt/training/vi-th/nllb-200-3.3B.onmt_step_192500.pt
[2023-08-27 09:55:03,414 INFO] Step 192600/200000; acc: 68.7; ppl:  20.5; xent: 3.0; lr: 0.00010; sents:    6728; bsz:  515/ 703/ 8; 1797/2451 tok/s; 255982 sec;
[2023-08-27 09:56:51,114 INFO] Step 192700/200000; acc: 68.7; ppl:  20.5; xent: 3.0; lr: 0.00010; sents:    6608; bsz:  505/ 689/ 8; 3751/5118 tok/s; 256090 sec;
[2023-08-27 09:58:40,247 INFO] Step 192800/200000; acc: 68.7; ppl:  20.4; xent: 3.0; lr: 0.00010; sents:    6584; bsz:  534/ 735/ 8; 3917/5385 tok/s; 256199 sec;
[2023-08-27 10:00:28,631 INFO] Step 192900/200000; acc: 69.0; ppl:  20.1; xent: 3.0; lr: 0.00010; sents:    6696; bsz:  508/ 694/ 8; 3748/5123 tok/s; 256308 sec;
[2023-08-27 10:02:16,793 INFO] Step 193000/200000; acc: 68.9; ppl:  20.2; xent: 3.0; lr: 0.00010; sents:    6600; bsz:  511/ 699/ 8; 3777/5171 tok/s; 256416 sec;
[2023-08-27 10:03:48,593 INFO] valid stats calculation
                           took: 91.79517698287964 s.
[2023-08-27 10:03:48,600 INFO] Train perplexity: 20.9941
[2023-08-27 10:03:48,600 INFO] Train accuracy: 68.1811
[2023-08-27 10:03:48,600 INFO] Sentences processed: 6.47333e+06
[2023-08-27 10:03:48,601 INFO] Average bsz:  511/ 698/ 8
[2023-08-27 10:03:48,601 INFO] Validation perplexity: 23.2612
[2023-08-27 10:03:48,601 INFO] Validation accuracy: 65.153
[2023-08-27 10:03:48,701 INFO] Saving checkpoint /data2/cmdir/home/nhanvt/data_NLLB/nllb_opennmt/training/vi-th/nllb-200-3.3B.onmt_step_193000.pt
[2023-08-27 10:06:04,692 INFO] Step 193100/200000; acc: 68.6; ppl:  20.6; xent: 3.0; lr: 0.00010; sents:    6728; bsz:  515/ 704/ 8; 1810/2473 tok/s; 256644 sec;
[2023-08-27 10:07:51,833 INFO] Step 193200/200000; acc: 68.4; ppl:  20.9; xent: 3.0; lr: 0.00010; sents:    6704; bsz:  503/ 688/ 8; 3759/5134 tok/s; 256751 sec;
[2023-08-27 10:09:39,265 INFO] Step 193300/200000; acc: 68.6; ppl:  20.6; xent: 3.0; lr: 0.00010; sents:    6776; bsz:  510/ 697/ 8; 3795/5193 tok/s; 256858 sec;
[2023-08-27 10:11:27,044 INFO] Step 193400/200000; acc: 68.6; ppl:  20.5; xent: 3.0; lr: 0.00010; sents:    6712; bsz:  519/ 709/ 8; 3855/5265 tok/s; 256966 sec;
[2023-08-27 10:13:14,191 INFO] Step 193500/200000; acc: 68.5; ppl:  20.7; xent: 3.0; lr: 0.00010; sents:    6872; bsz:  504/ 687/ 9; 3760/5132 tok/s; 257073 sec;
[2023-08-27 10:14:46,252 INFO] valid stats calculation
                           took: 92.05611324310303 s.
[2023-08-27 10:14:46,259 INFO] Train perplexity: 20.9933
[2023-08-27 10:14:46,259 INFO] Train accuracy: 68.182
[2023-08-27 10:14:46,259 INFO] Sentences processed: 6.49021e+06
[2023-08-27 10:14:46,259 INFO] Average bsz:  511/ 698/ 8
[2023-08-27 10:14:46,259 INFO] Validation perplexity: 23.262
[2023-08-27 10:14:46,259 INFO] Validation accuracy: 65.1591
[2023-08-27 10:14:46,354 INFO] Saving checkpoint /data2/cmdir/home/nhanvt/data_NLLB/nllb_opennmt/training/vi-th/nllb-200-3.3B.onmt_step_193500.pt
[2023-08-27 10:17:03,171 INFO] Step 193600/200000; acc: 68.9; ppl:  20.2; xent: 3.0; lr: 0.00010; sents:    6768; bsz:  522/ 712/ 8; 1824/2486 tok/s; 257302 sec;
[2023-08-27 10:18:51,202 INFO] Step 193700/200000; acc: 68.6; ppl:  20.6; xent: 3.0; lr: 0.00010; sents:    6656; bsz:  508/ 693/ 8; 3761/5134 tok/s; 257410 sec;
[2023-08-27 10:20:39,254 INFO] Step 193800/200000; acc: 68.9; ppl:  20.3; xent: 3.0; lr: 0.00010; sents:    6600; bsz:  513/ 696/ 8; 3798/5153 tok/s; 257518 sec;
[2023-08-27 10:22:28,397 INFO] Step 193900/200000; acc: 69.0; ppl:  20.2; xent: 3.0; lr: 0.00010; sents:    6608; bsz:  521/ 711/ 8; 3822/5208 tok/s; 257627 sec;
[2023-08-27 10:24:16,958 INFO] Step 194000/200000; acc: 68.7; ppl:  20.5; xent: 3.0; lr: 0.00010; sents:    6664; bsz:  513/ 700/ 8; 3781/5161 tok/s; 257736 sec;
[2023-08-27 10:25:48,545 INFO] valid stats calculation
                           took: 91.5827009677887 s.
[2023-08-27 10:25:48,552 INFO] Train perplexity: 20.9917
[2023-08-27 10:25:48,552 INFO] Train accuracy: 68.1836
[2023-08-27 10:25:48,552 INFO] Sentences processed: 6.50685e+06
[2023-08-27 10:25:48,552 INFO] Average bsz:  511/ 698/ 8
[2023-08-27 10:25:48,552 INFO] Validation perplexity: 23.2631
[2023-08-27 10:25:48,552 INFO] Validation accuracy: 65.1511
[2023-08-27 10:25:48,646 INFO] Saving checkpoint /data2/cmdir/home/nhanvt/data_NLLB/nllb_opennmt/training/vi-th/nllb-200-3.3B.onmt_step_194000.pt
[2023-08-27 10:28:05,330 INFO] Step 194100/200000; acc: 68.6; ppl:  20.6; xent: 3.0; lr: 0.00010; sents:    6656; bsz:  513/ 703/ 8; 1798/2463 tok/s; 257964 sec;
[2023-08-27 10:29:53,910 INFO] Step 194200/200000; acc: 68.8; ppl:  20.4; xent: 3.0; lr: 0.00010; sents:    6600; bsz:  519/ 712/ 8; 3824/5245 tok/s; 258073 sec;
[2023-08-27 10:31:42,162 INFO] Step 194300/200000; acc: 68.5; ppl:  20.6; xent: 3.0; lr: 0.00010; sents:    6736; bsz:  513/ 699/ 8; 3789/5166 tok/s; 258181 sec;
[2023-08-27 10:33:30,095 INFO] Step 194400/200000; acc: 68.8; ppl:  20.3; xent: 3.0; lr: 0.00010; sents:    6840; bsz:  508/ 692/ 9; 3762/5131 tok/s; 258289 sec;
[2023-08-27 10:35:17,983 INFO] Step 194500/200000; acc: 68.4; ppl:  20.7; xent: 3.0; lr: 0.00010; sents:    6720; bsz:  505/ 689/ 8; 3741/5111 tok/s; 258397 sec;
[2023-08-27 10:36:50,094 INFO] valid stats calculation
                           took: 92.10623216629028 s.
[2023-08-27 10:36:50,102 INFO] Train perplexity: 20.9902
[2023-08-27 10:36:50,102 INFO] Train accuracy: 68.1851
[2023-08-27 10:36:50,102 INFO] Sentences processed: 6.52361e+06
[2023-08-27 10:36:50,102 INFO] Average bsz:  511/ 698/ 8
[2023-08-27 10:36:50,102 INFO] Validation perplexity: 23.2633
[2023-08-27 10:36:50,102 INFO] Validation accuracy: 65.1575
[2023-08-27 10:36:50,197 INFO] Saving checkpoint /data2/cmdir/home/nhanvt/data_NLLB/nllb_opennmt/training/vi-th/nllb-200-3.3B.onmt_step_194500.pt
[2023-08-27 10:39:07,920 INFO] Step 194600/200000; acc: 68.9; ppl:  20.2; xent: 3.0; lr: 0.00010; sents:    6696; bsz:  524/ 715/ 8; 1823/2486 tok/s; 258627 sec;
[2023-08-27 10:40:54,813 INFO] Step 194700/200000; acc: 68.5; ppl:  20.7; xent: 3.0; lr: 0.00010; sents:    6928; bsz:  502/ 681/ 9; 3754/5098 tok/s; 258734 sec;
[2023-08-27 10:42:42,957 INFO] Step 194800/200000; acc: 68.8; ppl:  20.4; xent: 3.0; lr: 0.00010; sents:    6720; bsz:  525/ 720/ 8; 3881/5325 tok/s; 258842 sec;
[2023-08-27 10:44:30,428 INFO] Step 194900/200000; acc: 69.0; ppl:  20.3; xent: 3.0; lr: 0.00010; sents:    6568; bsz:  513/ 704/ 8; 3820/5241 tok/s; 258949 sec;
[2023-08-27 10:46:17,719 INFO] Step 195000/200000; acc: 69.0; ppl:  20.2; xent: 3.0; lr: 0.00010; sents:    6744; bsz:  508/ 695/ 8; 3790/5184 tok/s; 259057 sec;
[2023-08-27 10:47:49,387 INFO] valid stats calculation
                           took: 91.66350245475769 s.
[2023-08-27 10:47:49,394 INFO] Train perplexity: 20.9888
[2023-08-27 10:47:49,394 INFO] Train accuracy: 68.1865
[2023-08-27 10:47:49,395 INFO] Sentences processed: 6.54045e+06
[2023-08-27 10:47:49,395 INFO] Average bsz:  511/ 698/ 8
[2023-08-27 10:47:49,395 INFO] Validation perplexity: 23.2636
[2023-08-27 10:47:49,395 INFO] Validation accuracy: 65.1532
[2023-08-27 10:47:49,489 INFO] Saving checkpoint /data2/cmdir/home/nhanvt/data_NLLB/nllb_opennmt/training/vi-th/nllb-200-3.3B.onmt_step_195000.pt
[2023-08-27 10:50:09,990 INFO] Step 195100/200000; acc: 68.8; ppl:  20.3; xent: 3.0; lr: 0.00010; sents:    6672; bsz:  511/ 699/ 8; 1760/2407 tok/s; 259289 sec;
[2023-08-27 10:51:58,010 INFO] Step 195200/200000; acc: 68.5; ppl:  20.6; xent: 3.0; lr: 0.00010; sents:    6688; bsz:  506/ 691/ 8; 3750/5121 tok/s; 259397 sec;
[2023-08-27 10:53:46,789 INFO] Step 195300/200000; acc: 68.9; ppl:  20.3; xent: 3.0; lr: 0.00010; sents:    6856; bsz:  518/ 707/ 9; 3808/5196 tok/s; 259506 sec;
[2023-08-27 10:55:35,107 INFO] Step 195400/200000; acc: 68.6; ppl:  20.7; xent: 3.0; lr: 0.00010; sents:    6704; bsz:  505/ 688/ 8; 3727/5083 tok/s; 259614 sec;
[2023-08-27 10:57:23,772 INFO] Step 195500/200000; acc: 68.6; ppl:  20.7; xent: 3.0; lr: 0.00010; sents:    6704; bsz:  504/ 692/ 8; 3714/5092 tok/s; 259723 sec;
[2023-08-27 10:58:54,873 INFO] valid stats calculation
                           took: 91.09638619422913 s.
[2023-08-27 10:58:54,881 INFO] Train perplexity: 20.9883
[2023-08-27 10:58:54,881 INFO] Train accuracy: 68.187
[2023-08-27 10:58:54,881 INFO] Sentences processed: 6.55726e+06
[2023-08-27 10:58:54,881 INFO] Average bsz:  511/ 698/ 8
[2023-08-27 10:58:54,881 INFO] Validation perplexity: 23.2637
[2023-08-27 10:58:54,881 INFO] Validation accuracy: 65.1521
[2023-08-27 10:58:54,974 INFO] Saving checkpoint /data2/cmdir/home/nhanvt/data_NLLB/nllb_opennmt/training/vi-th/nllb-200-3.3B.onmt_step_195500.pt
[2023-08-27 11:01:12,295 INFO] Step 195600/200000; acc: 68.7; ppl:  20.5; xent: 3.0; lr: 0.00010; sents:    6696; bsz:  512/ 700/ 8; 1793/2449 tok/s; 259951 sec;
[2023-08-27 11:02:59,845 INFO] Step 195700/200000; acc: 68.7; ppl:  20.4; xent: 3.0; lr: 0.00010; sents:    6712; bsz:  508/ 693/ 8; 3779/5157 tok/s; 260059 sec;
[2023-08-27 11:04:47,645 INFO] Step 195800/200000; acc: 68.8; ppl:  20.3; xent: 3.0; lr: 0.00010; sents:    6736; bsz:  515/ 702/ 8; 3825/5208 tok/s; 260167 sec;
[2023-08-27 11:06:33,940 INFO] Step 195900/200000; acc: 68.5; ppl:  20.7; xent: 3.0; lr: 0.00010; sents:    6768; bsz:  493/ 670/ 8; 3714/5044 tok/s; 260273 sec;
[2023-08-27 11:08:21,610 INFO] Step 196000/200000; acc: 68.8; ppl:  20.4; xent: 3.0; lr: 0.00010; sents:    6840; bsz:  521/ 714/ 9; 3874/5305 tok/s; 260381 sec;
[2023-08-27 11:09:52,986 INFO] valid stats calculation
                           took: 91.37244939804077 s.
[2023-08-27 11:09:52,994 INFO] Train perplexity: 20.9869
[2023-08-27 11:09:52,994 INFO] Train accuracy: 68.1884
[2023-08-27 11:09:52,994 INFO] Sentences processed: 6.57408e+06
[2023-08-27 11:09:52,994 INFO] Average bsz:  511/ 698/ 8
[2023-08-27 11:09:52,994 INFO] Validation perplexity: 23.2636
[2023-08-27 11:09:52,994 INFO] Validation accuracy: 65.1544
[2023-08-27 11:09:53,091 INFO] Saving checkpoint /data2/cmdir/home/nhanvt/data_NLLB/nllb_opennmt/training/vi-th/nllb-200-3.3B.onmt_step_196000.pt
[2023-08-27 11:12:08,390 INFO] Step 196100/200000; acc: 68.8; ppl:  20.3; xent: 3.0; lr: 0.00010; sents:    6720; bsz:  511/ 698/ 8; 1801/2461 tok/s; 260607 sec;
[2023-08-27 11:13:57,662 INFO] Step 196200/200000; acc: 68.9; ppl:  20.2; xent: 3.0; lr: 0.00010; sents:    6776; bsz:  528/ 723/ 8; 3866/5294 tok/s; 260717 sec;
[2023-08-27 11:15:45,183 INFO] Step 196300/200000; acc: 68.7; ppl:  20.6; xent: 3.0; lr: 0.00010; sents:    6768; bsz:  504/ 685/ 8; 3748/5097 tok/s; 260824 sec;
[2023-08-27 11:17:33,097 INFO] Step 196400/200000; acc: 68.6; ppl:  20.5; xent: 3.0; lr: 0.00010; sents:    6704; bsz:  507/ 691/ 8; 3761/5122 tok/s; 260932 sec;
[2023-08-27 11:19:20,948 INFO] Step 196500/200000; acc: 68.6; ppl:  20.5; xent: 3.0; lr: 0.00010; sents:    6616; bsz:  509/ 694/ 8; 3778/5145 tok/s; 261040 sec;
[2023-08-27 11:20:53,084 INFO] valid stats calculation
                           took: 92.1316614151001 s.
[2023-08-27 11:20:53,091 INFO] Train perplexity: 20.9855
[2023-08-27 11:20:53,092 INFO] Train accuracy: 68.1898
[2023-08-27 11:20:53,092 INFO] Sentences processed: 6.59086e+06
[2023-08-27 11:20:53,092 INFO] Average bsz:  511/ 698/ 8
[2023-08-27 11:20:53,092 INFO] Validation perplexity: 23.2626
[2023-08-27 11:20:53,092 INFO] Validation accuracy: 65.1596
[2023-08-27 11:20:53,187 INFO] Saving checkpoint /data2/cmdir/home/nhanvt/data_NLLB/nllb_opennmt/training/vi-th/nllb-200-3.3B.onmt_step_196500.pt
[2023-08-27 11:23:10,307 INFO] Step 196600/200000; acc: 68.7; ppl:  20.4; xent: 3.0; lr: 0.00010; sents:    6704; bsz:  505/ 689/ 8; 1762/2403 tok/s; 261269 sec;
[2023-08-27 11:24:58,347 INFO] Step 196700/200000; acc: 69.0; ppl:  20.2; xent: 3.0; lr: 0.00010; sents:    6768; bsz:  514/ 705/ 8; 3806/5224 tok/s; 261377 sec;
[2023-08-27 11:26:45,402 INFO] Step 196800/200000; acc: 68.7; ppl:  20.6; xent: 3.0; lr: 0.00010; sents:    6712; bsz:  504/ 690/ 8; 3765/5157 tok/s; 261484 sec;
[2023-08-27 11:28:32,110 INFO] Step 196900/200000; acc: 68.5; ppl:  20.6; xent: 3.0; lr: 0.00010; sents:    6792; bsz:  506/ 690/ 8; 3794/5175 tok/s; 261591 sec;
[2023-08-27 11:31:00,780 INFO] Step 197000/200000; acc: 68.6; ppl:  20.6; xent: 3.0; lr: 0.00010; sents:    6808; bsz:  515/ 705/ 9; 2770/3793 tok/s; 261740 sec;
[2023-08-27 11:32:32,174 INFO] valid stats calculation
                           took: 91.3902051448822 s.
[2023-08-27 11:32:32,182 INFO] Train perplexity: 20.9841
[2023-08-27 11:32:32,182 INFO] Train accuracy: 68.1911
[2023-08-27 11:32:32,182 INFO] Sentences processed: 6.60773e+06
[2023-08-27 11:32:32,182 INFO] Average bsz:  511/ 698/ 8
[2023-08-27 11:32:32,182 INFO] Validation perplexity: 23.2635
[2023-08-27 11:32:32,182 INFO] Validation accuracy: 65.1447
[2023-08-27 11:32:32,279 INFO] Saving checkpoint /data2/cmdir/home/nhanvt/data_NLLB/nllb_opennmt/training/vi-th/nllb-200-3.3B.onmt_step_197000.pt
[2023-08-27 11:34:52,729 INFO] Step 197100/200000; acc: 68.7; ppl:  20.4; xent: 3.0; lr: 0.00010; sents:    6800; bsz:  516/ 702/ 8; 1779/2421 tok/s; 261972 sec;
[2023-08-27 11:36:40,612 INFO] Step 197200/200000; acc: 68.5; ppl:  20.7; xent: 3.0; lr: 0.00010; sents:    6680; bsz:  503/ 687/ 8; 3731/5093 tok/s; 262080 sec;
[2023-08-27 11:39:11,408 INFO] Step 197300/200000; acc: 68.6; ppl:  20.6; xent: 3.0; lr: 0.00010; sents:    6736; bsz:  504/ 688/ 8; 2673/3651 tok/s; 262230 sec;
[2023-08-27 11:41:10,304 INFO] Step 197400/200000; acc: 68.9; ppl:  20.3; xent: 3.0; lr: 0.00010; sents:    6744; bsz:  527/ 723/ 8; 3545/4865 tok/s; 262349 sec;
[2023-08-27 11:42:58,545 INFO] Step 197500/200000; acc: 68.8; ppl:  20.5; xent: 3.0; lr: 0.00010; sents:    6624; bsz:  518/ 706/ 8; 3825/5218 tok/s; 262458 sec;
[2023-08-27 11:44:30,463 INFO] valid stats calculation
                           took: 91.91264581680298 s.
[2023-08-27 11:44:30,470 INFO] Train perplexity: 20.9831
[2023-08-27 11:44:30,470 INFO] Train accuracy: 68.1921
[2023-08-27 11:44:30,470 INFO] Sentences processed: 6.62452e+06
[2023-08-27 11:44:30,470 INFO] Average bsz:  511/ 698/ 8
[2023-08-27 11:44:30,470 INFO] Validation perplexity: 23.2638
[2023-08-27 11:44:30,470 INFO] Validation accuracy: 65.1544
[2023-08-27 11:44:30,563 INFO] Saving checkpoint /data2/cmdir/home/nhanvt/data_NLLB/nllb_opennmt/training/vi-th/nllb-200-3.3B.onmt_step_197500.pt
[2023-08-27 11:46:53,338 INFO] Step 197600/200000; acc: 69.3; ppl:  19.9; xent: 3.0; lr: 0.00010; sents:    6672; bsz:  526/ 727/ 8; 1793/2477 tok/s; 262692 sec;
[2023-08-27 11:48:43,097 INFO] Step 197700/200000; acc: 68.9; ppl:  20.3; xent: 3.0; lr: 0.00010; sents:    6816; bsz:  524/ 720/ 9; 3822/5247 tok/s; 262802 sec;
[2023-08-27 11:50:33,345 INFO] Step 197800/200000; acc: 69.0; ppl:  20.2; xent: 3.0; lr: 0.00010; sents:    6632; bsz:  539/ 742/ 8; 3913/5387 tok/s; 262912 sec;
[2023-08-27 11:52:21,402 INFO] Step 197900/200000; acc: 68.9; ppl:  20.3; xent: 3.0; lr: 0.00010; sents:    6688; bsz:  509/ 694/ 8; 3770/5136 tok/s; 263020 sec;
[2023-08-27 11:54:09,470 INFO] Step 198000/200000; acc: 68.9; ppl:  20.4; xent: 3.0; lr: 0.00010; sents:    6760; bsz:  506/ 691/ 8; 3749/5119 tok/s; 263129 sec;
[2023-08-27 11:55:42,858 INFO] valid stats calculation
                           took: 93.38261365890503 s.
[2023-08-27 11:55:42,866 INFO] Train perplexity: 20.9813
[2023-08-27 11:55:42,866 INFO] Train accuracy: 68.1938
[2023-08-27 11:55:42,866 INFO] Sentences processed: 6.64134e+06
[2023-08-27 11:55:42,866 INFO] Average bsz:  511/ 698/ 8
[2023-08-27 11:55:42,866 INFO] Validation perplexity: 23.2642
[2023-08-27 11:55:42,866 INFO] Validation accuracy: 65.1497
[2023-08-27 11:55:42,964 INFO] Saving checkpoint /data2/cmdir/home/nhanvt/data_NLLB/nllb_opennmt/training/vi-th/nllb-200-3.3B.onmt_step_198000.pt
[2023-08-27 11:58:02,370 INFO] Step 198100/200000; acc: 68.6; ppl:  20.5; xent: 3.0; lr: 0.00010; sents:    6816; bsz:  512/ 696/ 9; 1758/2392 tok/s; 263361 sec;
[2023-08-27 11:59:51,205 INFO] Step 198200/200000; acc: 69.0; ppl:  20.3; xent: 3.0; lr: 0.00010; sents:    6752; bsz:  517/ 705/ 8; 3798/5182 tok/s; 263470 sec;
[2023-08-27 12:01:38,327 INFO] Step 198300/200000; acc: 68.7; ppl:  20.3; xent: 3.0; lr: 0.00010; sents:    6744; bsz:  506/ 686/ 8; 3775/5122 tok/s; 263577 sec;
[2023-08-27 12:03:25,240 INFO] Step 198400/200000; acc: 68.5; ppl:  20.6; xent: 3.0; lr: 0.00010; sents:    6624; bsz:  490/ 663/ 8; 3666/4962 tok/s; 263684 sec;
[2023-08-27 12:05:12,348 INFO] Step 198500/200000; acc: 68.6; ppl:  20.6; xent: 3.0; lr: 0.00010; sents:    6736; bsz:  492/ 669/ 8; 3671/5000 tok/s; 263791 sec;
[2023-08-27 12:06:44,873 INFO] valid stats calculation
                           took: 92.52091217041016 s.
[2023-08-27 12:06:44,881 INFO] Train perplexity: 20.9803
[2023-08-27 12:06:44,881 INFO] Train accuracy: 68.1948
[2023-08-27 12:06:44,881 INFO] Sentences processed: 6.65818e+06
[2023-08-27 12:06:44,882 INFO] Average bsz:  511/ 698/ 8
[2023-08-27 12:06:44,882 INFO] Validation perplexity: 23.2646
[2023-08-27 12:06:44,882 INFO] Validation accuracy: 65.1536
[2023-08-27 12:06:44,976 INFO] Saving checkpoint /data2/cmdir/home/nhanvt/data_NLLB/nllb_opennmt/training/vi-th/nllb-200-3.3B.onmt_step_198500.pt
[2023-08-27 12:09:05,738 INFO] Step 198600/200000; acc: 68.7; ppl:  20.4; xent: 3.0; lr: 0.00010; sents:    6720; bsz:  503/ 682/ 8; 1724/2336 tok/s; 264025 sec;
[2023-08-27 12:10:55,020 INFO] Step 198700/200000; acc: 69.1; ppl:  20.1; xent: 3.0; lr: 0.00010; sents:    6576; bsz:  529/ 726/ 8; 3875/5317 tok/s; 264134 sec;
[2023-08-27 12:12:43,330 INFO] Step 198800/200000; acc: 68.9; ppl:  20.3; xent: 3.0; lr: 0.00010; sents:    6600; bsz:  521/ 717/ 8; 3847/5295 tok/s; 264242 sec;
[2023-08-27 12:14:31,241 INFO] Step 198900/200000; acc: 68.6; ppl:  20.6; xent: 3.0; lr: 0.00010; sents:    6568; bsz:  506/ 690/ 8; 3750/5112 tok/s; 264350 sec;
[2023-08-27 12:16:18,571 INFO] Step 199000/200000; acc: 69.0; ppl:  20.1; xent: 3.0; lr: 0.00010; sents:    6840; bsz:  506/ 689/ 9; 3774/5135 tok/s; 264458 sec;
[2023-08-27 12:17:51,240 INFO] valid stats calculation
                           took: 92.66455006599426 s.
[2023-08-27 12:17:51,246 INFO] Train perplexity: 20.9786
[2023-08-27 12:17:51,246 INFO] Train accuracy: 68.1964
[2023-08-27 12:17:51,246 INFO] Sentences processed: 6.67484e+06
[2023-08-27 12:17:51,246 INFO] Average bsz:  511/ 698/ 8
[2023-08-27 12:17:51,246 INFO] Validation perplexity: 23.2644
[2023-08-27 12:17:51,246 INFO] Validation accuracy: 65.1534
[2023-08-27 12:17:51,342 INFO] Saving checkpoint /data2/cmdir/home/nhanvt/data_NLLB/nllb_opennmt/training/vi-th/nllb-200-3.3B.onmt_step_199000.pt
[2023-08-27 12:20:14,064 INFO] Step 199100/200000; acc: 69.0; ppl:  20.2; xent: 3.0; lr: 0.00010; sents:    6840; bsz:  518/ 709/ 9; 1758/2407 tok/s; 264693 sec;
[2023-08-27 12:22:01,480 INFO] Step 199200/200000; acc: 68.7; ppl:  20.5; xent: 3.0; lr: 0.00010; sents:    6672; bsz:  489/ 667/ 8; 3643/4966 tok/s; 264801 sec;
[2023-08-27 12:23:49,278 INFO] Step 199300/200000; acc: 68.7; ppl:  20.4; xent: 3.0; lr: 0.00010; sents:    6792; bsz:  503/ 684/ 8; 3735/5078 tok/s; 264908 sec;
[2023-08-27 12:25:38,565 INFO] Step 199400/200000; acc: 69.0; ppl:  20.3; xent: 3.0; lr: 0.00010; sents:    6800; bsz:  527/ 725/ 8; 3854/5306 tok/s; 265018 sec;
[2023-08-27 12:27:26,230 INFO] Step 199500/200000; acc: 68.8; ppl:  20.3; xent: 3.0; lr: 0.00010; sents:    6664; bsz:  506/ 689/ 8; 3758/5122 tok/s; 265125 sec;
[2023-08-27 12:28:57,537 INFO] valid stats calculation
                           took: 91.30300545692444 s.
[2023-08-27 12:28:57,545 INFO] Train perplexity: 20.9773
[2023-08-27 12:28:57,545 INFO] Train accuracy: 68.1976
[2023-08-27 12:28:57,545 INFO] Sentences processed: 6.69172e+06
[2023-08-27 12:28:57,545 INFO] Average bsz:  511/ 698/ 8
[2023-08-27 12:28:57,545 INFO] Validation perplexity: 23.265
[2023-08-27 12:28:57,545 INFO] Validation accuracy: 65.1493
[2023-08-27 12:28:57,641 INFO] Saving checkpoint /data2/cmdir/home/nhanvt/data_NLLB/nllb_opennmt/training/vi-th/nllb-200-3.3B.onmt_step_199500.pt
[2023-08-27 12:31:20,550 INFO] Step 199600/200000; acc: 68.8; ppl:  20.3; xent: 3.0; lr: 0.00010; sents:    6584; bsz:  512/ 699/ 8; 1749/2387 tok/s; 265360 sec;
[2023-08-27 12:33:07,742 INFO] Step 199700/200000; acc: 68.7; ppl:  20.4; xent: 3.0; lr: 0.00010; sents:    6808; bsz:  516/ 706/ 9; 3849/5266 tok/s; 265467 sec;
[2023-08-27 12:34:55,707 INFO] Step 199800/200000; acc: 69.1; ppl:  20.2; xent: 3.0; lr: 0.00010; sents:    6672; bsz:  521/ 712/ 8; 3859/5279 tok/s; 265575 sec;
[2023-08-27 12:36:43,612 INFO] Step 199900/200000; acc: 69.1; ppl:  20.1; xent: 3.0; lr: 0.00010; sents:    6752; bsz:  515/ 704/ 8; 3819/5216 tok/s; 265683 sec;
[2023-08-27 12:38:30,677 INFO] Step 200000/200000; acc: 68.9; ppl:  20.2; xent: 3.0; lr: 0.00010; sents:    6840; bsz:  508/ 692/ 9; 3799/5171 tok/s; 265790 sec;
[2023-08-27 12:40:02,353 INFO] valid stats calculation
                           took: 91.67143321037292 s.
[2023-08-27 12:40:02,359 INFO] Train perplexity: 20.9757
[2023-08-27 12:40:02,359 INFO] Train accuracy: 68.1992
[2023-08-27 12:40:02,359 INFO] Sentences processed: 6.70857e+06
[2023-08-27 12:40:02,359 INFO] Average bsz:  511/ 698/ 8
[2023-08-27 12:40:02,359 INFO] Validation perplexity: 23.2652
[2023-08-27 12:40:02,359 INFO] Validation accuracy: 65.1524
[2023-08-27 12:40:02,451 INFO] Saving checkpoint /data2/cmdir/home/nhanvt/data_NLLB/nllb_opennmt/training/vi-th/nllb-200-3.3B.onmt_step_200000.pt
