{
  "thai_input_ids": {
    "max": 32,
    "min": 6,
    "mean": 14.4,
    "median": 13.5
  },
  "vi_input_ids": {
    "max": 21,
    "min": 5,
    "mean": 11.9,
    "median": 11.0
  },
  "length_ratio (thai/vi)": {
    "max": 2.142857142857143,
    "min": 0.7,
    "mean": 1.2335714285714285,
    "median": 1.207142857142857
  },
  "truncate_rate": {
    ">128": 0.0,
    ">256": 0.0,
    ">512": 0.0
  },
  "total_tokens": 144,
  "unique_tokens": 99,
  "top_tokens": [
    [
      256047,
      10
    ],
    [
      2,
      10
    ],
    [
      249644,
      4
    ],
    [
      248439,
      3
    ],
    [
      250672,
      3
    ],
    [
      249265,
      3
    ],
    [
      45552,
      3
    ],
    [
      89,
      2
    ],
    [
      248059,
      2
    ],
    [
      18621,
      2
    ]
  ]
}