{
  "thai_input_ids": {
    "max": 43,
    "min": 3,
    "mean": 11.651,
    "median": 10.0
  },
  "vi_input_ids": {
    "max": 39,
    "min": 4,
    "mean": 11.97,
    "median": 11.0
  },
  "length_ratio (thai/vi)": {
    "max": 3.25,
    "min": 0.375,
    "mean": 0.9890357669323191,
    "median": 0.9285714285714286
  }
}